edition,source,column_year,jurisdiction,side,instrument,value_usd_bn,unit_published,note
ISD 2015,ISD 2015 PDF InvestmentsStatisti_1499166938.pdf p.10 Fig.9,2015,United States,long,total,1117.0,US$ bn,
ISD 2015,ISD 2015 PDF InvestmentsStatisti_1499166938.pdf p.10 Fig.9,2015,United States,long,equities,356.0,US$ bn,
ISD 2015,ISD 2015 PDF InvestmentsStatisti_1499166938.pdf p.10 Fig.9,2015,United States,long,master_funds,120.0,US$ bn,
ISD 2015,ISD 2015 PDF InvestmentsStatisti_1499166938.pdf p.10 Fig.9,2015,United States,long,st_debt,90.0,US$ bn,
ISD 2015,ISD 2015 PDF InvestmentsStatisti_1499166938.pdf p.10 Fig.9,2015,United States,long,lt_debt,551.0,US$ bn,
ISD 2015,ISD 2015 PDF InvestmentsStatisti_1499166938.pdf p.10 Fig.9,2015,Cayman Islands,long,total,1011.0,US$ bn,
ISD 2015,ISD 2015 PDF InvestmentsStatisti_1499166938.pdf p.10 Fig.9,2015,Cayman Islands,long,equities,82.0,US$ bn,
ISD 2015,ISD 2015 PDF InvestmentsStatisti_1499166938.pdf p.10 Fig.9,2015,Cayman Islands,long,master_funds,917.0,US$ bn,
ISD 2015,ISD 2015 PDF InvestmentsStatisti_1499166938.pdf p.10 Fig.9,2015,Cayman Islands,long,st_debt,2.0,US$ bn,
ISD 2015,ISD 2015 PDF InvestmentsStatisti_1499166938.pdf p.10 Fig.9,2015,Cayman Islands,long,lt_debt,10.0,US$ bn,
ISD 2015,ISD 2015 PDF InvestmentsStatisti_1499166938.pdf p.10 Fig.9,2015,United Kingdom,long,total,68.0,US$ bn,
ISD 2015,ISD 2015 PDF InvestmentsStatisti_1499166938.pdf p.10 Fig.9,2015,United Kingdom,long,equities,17.0,US$ bn,
ISD 2015,ISD 2015 PDF InvestmentsStatisti_1499166938.pdf p.10 Fig.9,2015,United Kingdom,long,master_funds,1.0,US$ bn,
ISD 2015,ISD 2015 PDF InvestmentsStatisti_1499166938.pdf p.10 Fig.9,2015,United Kingdom,long,st_debt,4.0,US$ bn,
ISD 2015,ISD 2015 PDF InvestmentsStatisti_1499166938.pdf p.10 Fig.9,2015,United Kingdom,long,lt_debt,46.0,US$ bn,
ISD 2015,ISD 2015 PDF InvestmentsStatisti_1499166938.pdf p.10 Fig.9,2015,Japan,long,total,59.0,US$ bn,
ISD 2015,ISD 2015 PDF InvestmentsStatisti_1499166938.pdf p.10 Fig.9,2015,Japan,long,equities,27.0,US$ bn,
ISD 2015,ISD 2015 PDF InvestmentsStatisti_1499166938.pdf p.10 Fig.9,2015,Japan,long,master_funds,0.0,US$ bn,
ISD 2015,ISD 2015 PDF InvestmentsStatisti_1499166938.pdf p.10 Fig.9,2015,Japan,long,st_debt,19.0,US$ bn,
ISD 2015,ISD 2015 PDF InvestmentsStatisti_1499166938.pdf p.10 Fig.9,2015,Japan,long,lt_debt,13.0,US$ bn,
ISD 2015,ISD 2015 PDF InvestmentsStatisti_1499166938.pdf p.10 Fig.9,2015,Germany,long,total,46.0,US$ bn,
ISD 2015,ISD 2015 PDF InvestmentsStatisti_1499166938.pdf p.10 Fig.9,2015,Germany,long,equities,6.0,US$ bn,
ISD 2015,ISD 2015 PDF InvestmentsStatisti_1499166938.pdf p.10 Fig.9,2015,Germany,long,master_funds,0.0,US$ bn,
ISD 2015,ISD 2015 PDF InvestmentsStatisti_1499166938.pdf p.10 Fig.9,2015,Germany,long,st_debt,7.0,US$ bn,
ISD 2015,ISD 2015 PDF InvestmentsStatisti_1499166938.pdf p.10 Fig.9,2015,Germany,long,lt_debt,33.0,US$ bn,
ISD 2015,ISD 2015 PDF InvestmentsStatisti_1499166938.pdf p.10 Fig.9,2015,France,long,total,42.0,US$ bn,
ISD 2015,ISD 2015 PDF InvestmentsStatisti_1499166938.pdf p.10 Fig.9,2015,France,long,equities,6.0,US$ bn,
ISD 2015,ISD 2015 PDF InvestmentsStatisti_1499166938.pdf p.10 Fig.9,2015,France,long,master_funds,0.0,US$ bn,
ISD 2015,ISD 2015 PDF InvestmentsStatisti_1499166938.pdf p.10 Fig.9,2015,France,long,st_debt,1.0,US$ bn,
ISD 2015,ISD 2015 PDF InvestmentsStatisti_1499166938.pdf p.10 Fig.9,2015,France,long,lt_debt,35.0,US$ bn,
ISD 2015,ISD 2015 PDF InvestmentsStatisti_1499166938.pdf p.10 Fig.9,2015,China,long,total,32.0,US$ bn,
ISD 2015,ISD 2015 PDF InvestmentsStatisti_1499166938.pdf p.10 Fig.9,2015,China,long,equities,27.0,US$ bn,
ISD 2015,ISD 2015 PDF InvestmentsStatisti_1499166938.pdf p.10 Fig.9,2015,China,long,master_funds,0.0,US$ bn,
ISD 2015,ISD 2015 PDF InvestmentsStatisti_1499166938.pdf p.10 Fig.9,2015,China,long,st_debt,0.0,US$ bn,
ISD 2015,ISD 2015 PDF InvestmentsStatisti_1499166938.pdf p.10 Fig.9,2015,China,long,lt_debt,5.0,US$ bn,
ISD 2015,ISD 2015 PDF InvestmentsStatisti_1499166938.pdf p.10 Fig.9,2015,Canada,long,total,22.0,US$ bn,
ISD 2015,ISD 2015 PDF InvestmentsStatisti_1499166938.pdf p.10 Fig.9,2015,Canada,long,equities,7.0,US$ bn,
ISD 2015,ISD 2015 PDF InvestmentsStatisti_1499166938.pdf p.10 Fig.9,2015,Canada,long,master_funds,0.0,US$ bn,
ISD 2015,ISD 2015 PDF InvestmentsStatisti_1499166938.pdf p.10 Fig.9,2015,Canada,long,st_debt,2.0,US$ bn,
ISD 2015,ISD 2015 PDF InvestmentsStatisti_1499166938.pdf p.10 Fig.9,2015,Canada,long,lt_debt,13.0,US$ bn,
ISD 2015,ISD 2015 PDF InvestmentsStatisti_1499166938.pdf p.10 Fig.9,2015,Curacao,long,total,20.0,US$ bn,
ISD 2015,ISD 2015 PDF InvestmentsStatisti_1499166938.pdf p.10 Fig.9,2015,Curacao,long,equities,0.0,US$ bn,
ISD 2015,ISD 2015 PDF InvestmentsStatisti_1499166938.pdf p.10 Fig.9,2015,Curacao,long,master_funds,20.0,US$ bn,
ISD 2015,ISD 2015 PDF InvestmentsStatisti_1499166938.pdf p.10 Fig.9,2015,Curacao,long,st_debt,0.0,US$ bn,
ISD 2015,ISD 2015 PDF InvestmentsStatisti_1499166938.pdf p.10 Fig.9,2015,Curacao,long,lt_debt,0.0,US$ bn,
ISD 2015,ISD 2015 PDF InvestmentsStatisti_1499166938.pdf p.10 Fig.9,2015,Denmark,long,total,18.0,US$ bn,
ISD 2015,ISD 2015 PDF InvestmentsStatisti_1499166938.pdf p.10 Fig.9,2015,Denmark,long,equities,3.0,US$ bn,
ISD 2015,ISD 2015 PDF InvestmentsStatisti_1499166938.pdf p.10 Fig.9,2015,Denmark,long,master_funds,0.0,US$ bn,
ISD 2015,ISD 2015 PDF InvestmentsStatisti_1499166938.pdf p.10 Fig.9,2015,Denmark,long,st_debt,0.0,US$ bn,
ISD 2015,ISD 2015 PDF InvestmentsStatisti_1499166938.pdf p.10 Fig.9,2015,Denmark,long,lt_debt,15.0,US$ bn,
ISD 2015,ISD 2015 PDF InvestmentsStatisti_1499166938.pdf p.10 Fig.9,2015,Hong Kong,long,total,15.0,US$ bn,
ISD 2015,ISD 2015 PDF InvestmentsStatisti_1499166938.pdf p.10 Fig.9,2015,Hong Kong,long,equities,10.0,US$ bn,
ISD 2015,ISD 2015 PDF InvestmentsStatisti_1499166938.pdf p.10 Fig.9,2015,Hong Kong,long,master_funds,0.0,US$ bn,
ISD 2015,ISD 2015 PDF InvestmentsStatisti_1499166938.pdf p.10 Fig.9,2015,Hong Kong,long,st_debt,1.0,US$ bn,
ISD 2015,ISD 2015 PDF InvestmentsStatisti_1499166938.pdf p.10 Fig.9,2015,Hong Kong,long,lt_debt,4.0,US$ bn,
ISD 2015,ISD 2015 PDF InvestmentsStatisti_1499166938.pdf p.10 Fig.9,2015,Ireland,long,total,15.0,US$ bn,
ISD 2015,ISD 2015 PDF InvestmentsStatisti_1499166938.pdf p.10 Fig.9,2015,Ireland,long,equities,10.0,US$ bn,
ISD 2015,ISD 2015 PDF InvestmentsStatisti_1499166938.pdf p.10 Fig.9,2015,Ireland,long,master_funds,2.0,US$ bn,
ISD 2015,ISD 2015 PDF InvestmentsStatisti_1499166938.pdf p.10 Fig.9,2015,Ireland,long,st_debt,0.0,US$ bn,
ISD 2015,ISD 2015 PDF InvestmentsStatisti_1499166938.pdf p.10 Fig.9,2015,Ireland,long,lt_debt,3.0,US$ bn,
ISD 2015,ISD 2015 PDF InvestmentsStatisti_1499166938.pdf p.10 Fig.9,2015,Sweden,long,total,15.0,US$ bn,
ISD 2015,ISD 2015 PDF InvestmentsStatisti_1499166938.pdf p.10 Fig.9,2015,Sweden,long,equities,4.0,US$ bn,
ISD 2015,ISD 2015 PDF InvestmentsStatisti_1499166938.pdf p.10 Fig.9,2015,Sweden,long,master_funds,0.0,US$ bn,
ISD 2015,ISD 2015 PDF InvestmentsStatisti_1499166938.pdf p.10 Fig.9,2015,Sweden,long,st_debt,0.0,US$ bn,
ISD 2015,ISD 2015 PDF InvestmentsStatisti_1499166938.pdf p.10 Fig.9,2015,Sweden,long,lt_debt,11.0,US$ bn,
ISD 2015,ISD 2015 PDF InvestmentsStatisti_1499166938.pdf p.10 Fig.9,2015,Netherlands,long,total,14.0,US$ bn,
ISD 2015,ISD 2015 PDF InvestmentsStatisti_1499166938.pdf p.10 Fig.9,2015,Netherlands,long,equities,4.0,US$ bn,
ISD 2015,ISD 2015 PDF InvestmentsStatisti_1499166938.pdf p.10 Fig.9,2015,Netherlands,long,master_funds,0.0,US$ bn,
ISD 2015,ISD 2015 PDF InvestmentsStatisti_1499166938.pdf p.10 Fig.9,2015,Netherlands,long,st_debt,0.0,US$ bn,
ISD 2015,ISD 2015 PDF InvestmentsStatisti_1499166938.pdf p.10 Fig.9,2015,Netherlands,long,lt_debt,10.0,US$ bn,
ISD 2015,ISD 2015 PDF InvestmentsStatisti_1499166938.pdf p.10 Fig.9,2015,British Virgin Islands,long,total,11.0,US$ bn,
ISD 2015,ISD 2015 PDF InvestmentsStatisti_1499166938.pdf p.10 Fig.9,2015,British Virgin Islands,long,equities,6.0,US$ bn,
ISD 2015,ISD 2015 PDF InvestmentsStatisti_1499166938.pdf p.10 Fig.9,2015,British Virgin Islands,long,master_funds,5.0,US$ bn,
ISD 2015,ISD 2015 PDF InvestmentsStatisti_1499166938.pdf p.10 Fig.9,2015,British Virgin Islands,long,st_debt,0.0,US$ bn,
ISD 2015,ISD 2015 PDF InvestmentsStatisti_1499166938.pdf p.10 Fig.9,2015,British Virgin Islands,long,lt_debt,0.0,US$ bn,
ISD 2015,ISD 2015 PDF InvestmentsStatisti_1499166938.pdf p.10 Fig.9,2015,Other Developed Countries,long,total,60.0,US$ bn,
ISD 2015,ISD 2015 PDF InvestmentsStatisti_1499166938.pdf p.10 Fig.9,2015,Other Developed Countries,long,equities,17.0,US$ bn,
ISD 2015,ISD 2015 PDF InvestmentsStatisti_1499166938.pdf p.10 Fig.9,2015,Other Developed Countries,long,master_funds,4.0,US$ bn,
ISD 2015,ISD 2015 PDF InvestmentsStatisti_1499166938.pdf p.10 Fig.9,2015,Other Developed Countries,long,st_debt,7.0,US$ bn,
ISD 2015,ISD 2015 PDF InvestmentsStatisti_1499166938.pdf p.10 Fig.9,2015,Other Developed Countries,long,lt_debt,32.0,US$ bn,
ISD 2015,ISD 2015 PDF InvestmentsStatisti_1499166938.pdf p.10 Fig.9,2015,Other Offshore Centres,long,total,9.0,US$ bn,
ISD 2015,ISD 2015 PDF InvestmentsStatisti_1499166938.pdf p.10 Fig.9,2015,Other Offshore Centres,long,equities,5.0,US$ bn,
ISD 2015,ISD 2015 PDF InvestmentsStatisti_1499166938.pdf p.10 Fig.9,2015,Other Offshore Centres,long,master_funds,1.0,US$ bn,
ISD 2015,ISD 2015 PDF InvestmentsStatisti_1499166938.pdf p.10 Fig.9,2015,Other Offshore Centres,long,st_debt,0.0,US$ bn,
ISD 2015,ISD 2015 PDF InvestmentsStatisti_1499166938.pdf p.10 Fig.9,2015,Other Offshore Centres,long,lt_debt,3.0,US$ bn,
ISD 2015,ISD 2015 PDF InvestmentsStatisti_1499166938.pdf p.10 Fig.9,2015,Developing Europe,long,total,7.0,US$ bn,
ISD 2015,ISD 2015 PDF InvestmentsStatisti_1499166938.pdf p.10 Fig.9,2015,Developing Europe,long,equities,3.0,US$ bn,
ISD 2015,ISD 2015 PDF InvestmentsStatisti_1499166938.pdf p.10 Fig.9,2015,Developing Europe,long,master_funds,0.0,US$ bn,
ISD 2015,ISD 2015 PDF InvestmentsStatisti_1499166938.pdf p.10 Fig.9,2015,Developing Europe,long,st_debt,0.0,US$ bn,
ISD 2015,ISD 2015 PDF InvestmentsStatisti_1499166938.pdf p.10 Fig.9,2015,Developing Europe,long,lt_debt,4.0,US$ bn,
ISD 2015,ISD 2015 PDF InvestmentsStatisti_1499166938.pdf p.10 Fig.9,2015,Developing Latin America and the Caribbean,long,total,23.0,US$ bn,
ISD 2015,ISD 2015 PDF InvestmentsStatisti_1499166938.pdf p.10 Fig.9,2015,Developing Latin America and the Caribbean,long,equities,3.0,US$ bn,
ISD 2015,ISD 2015 PDF InvestmentsStatisti_1499166938.pdf p.10 Fig.9,2015,Developing Latin America and the Caribbean,long,master_funds,0.0,US$ bn,
ISD 2015,ISD 2015 PDF InvestmentsStatisti_1499166938.pdf p.10 Fig.9,2015,Developing Latin America and the Caribbean,long,st_debt,1.0,US$ bn,
ISD 2015,ISD 2015 PDF InvestmentsStatisti_1499166938.pdf p.10 Fig.9,2015,Developing Latin America and the Caribbean,long,lt_debt,19.0,US$ bn,
ISD 2015,ISD 2015 PDF InvestmentsStatisti_1499166938.pdf p.10 Fig.9,2015,Developing Africa and the Middle East,long,total,11.0,US$ bn,
ISD 2015,ISD 2015 PDF InvestmentsStatisti_1499166938.pdf p.10 Fig.9,2015,Developing Africa and the Middle East,long,equities,5.0,US$ bn,
ISD 2015,ISD 2015 PDF InvestmentsStatisti_1499166938.pdf p.10 Fig.9,2015,Developing Africa and the Middle East,long,master_funds,0.0,US$ bn,
ISD 2015,ISD 2015 PDF InvestmentsStatisti_1499166938.pdf p.10 Fig.9,2015,Developing Africa and the Middle East,long,st_debt,0.0,US$ bn,
ISD 2015,ISD 2015 PDF InvestmentsStatisti_1499166938.pdf p.10 Fig.9,2015,Developing Africa and the Middle East,long,lt_debt,6.0,US$ bn,
ISD 2015,ISD 2015 PDF InvestmentsStatisti_1499166938.pdf p.10 Fig.9,2015,Developing Asia and the Pacific,long,total,20.0,US$ bn,
ISD 2015,ISD 2015 PDF InvestmentsStatisti_1499166938.pdf p.10 Fig.9,2015,Developing Asia and the Pacific,long,equities,8.0,US$ bn,
ISD 2015,ISD 2015 PDF InvestmentsStatisti_1499166938.pdf p.10 Fig.9,2015,Developing Asia and the Pacific,long,master_funds,0.0,US$ bn,
ISD 2015,ISD 2015 PDF InvestmentsStatisti_1499166938.pdf p.10 Fig.9,2015,Developing Asia and the Pacific,long,st_debt,0.0,US$ bn,
ISD 2015,ISD 2015 PDF InvestmentsStatisti_1499166938.pdf p.10 Fig.9,2015,Developing Asia and the Pacific,long,lt_debt,12.0,US$ bn,
ISD 2015,ISD 2015 PDF InvestmentsStatisti_1499166938.pdf p.10 Fig.9,2015,Total,long,total,2635.0,US$ bn,
ISD 2015,ISD 2015 PDF InvestmentsStatisti_1499166938.pdf p.10 Fig.9,2015,Total,long,equities,606.0,US$ bn,
ISD 2015,ISD 2015 PDF InvestmentsStatisti_1499166938.pdf p.10 Fig.9,2015,Total,long,master_funds,1070.0,US$ bn,
ISD 2015,ISD 2015 PDF InvestmentsStatisti_1499166938.pdf p.10 Fig.9,2015,Total,long,st_debt,134.0,US$ bn,
ISD 2015,ISD 2015 PDF InvestmentsStatisti_1499166938.pdf p.10 Fig.9,2015,Total,long,lt_debt,825.0,US$ bn,
ISD 2015,ISD 2015 PDF InvestmentsStatisti_1499166938.pdf p.11 Fig.9B,2015,United States,short,total,-26.83,US$ bn,
ISD 2015,ISD 2015 PDF InvestmentsStatisti_1499166938.pdf p.11 Fig.9B,2015,United States,short,equities,-11.72,US$ bn,
ISD 2015,ISD 2015 PDF InvestmentsStatisti_1499166938.pdf p.11 Fig.9B,2015,United States,short,st_debt,-13.95,US$ bn,
ISD 2015,ISD 2015 PDF InvestmentsStatisti_1499166938.pdf p.11 Fig.9B,2015,United States,short,lt_debt,-1.16,US$ bn,
ISD 2015,ISD 2015 PDF InvestmentsStatisti_1499166938.pdf p.11 Fig.9B,2015,Cayman Islands,short,total,-0.04,US$ bn,
ISD 2015,ISD 2015 PDF InvestmentsStatisti_1499166938.pdf p.11 Fig.9B,2015,Cayman Islands,short,equities,-0.02,US$ bn,
ISD 2015,ISD 2015 PDF InvestmentsStatisti_1499166938.pdf p.11 Fig.9B,2015,Cayman Islands,short,st_debt,-0.02,US$ bn,
ISD 2015,ISD 2015 PDF InvestmentsStatisti_1499166938.pdf p.11 Fig.9B,2015,Cayman Islands,short,lt_debt,0.0,US$ bn,
ISD 2015,ISD 2015 PDF InvestmentsStatisti_1499166938.pdf p.11 Fig.9B,2015,United Kingdom,short,total,-7.27,US$ bn,
ISD 2015,ISD 2015 PDF InvestmentsStatisti_1499166938.pdf p.11 Fig.9B,2015,United Kingdom,short,equities,-0.03,US$ bn,
ISD 2015,ISD 2015 PDF InvestmentsStatisti_1499166938.pdf p.11 Fig.9B,2015,United Kingdom,short,st_debt,-4.59,US$ bn,
ISD 2015,ISD 2015 PDF InvestmentsStatisti_1499166938.pdf p.11 Fig.9B,2015,United Kingdom,short,lt_debt,-2.65,US$ bn,
ISD 2015,ISD 2015 PDF InvestmentsStatisti_1499166938.pdf p.11 Fig.9B,2015,Japan,short,total,-2.39,US$ bn,
ISD 2015,ISD 2015 PDF InvestmentsStatisti_1499166938.pdf p.11 Fig.9B,2015,Japan,short,equities,-0.87,US$ bn,
ISD 2015,ISD 2015 PDF InvestmentsStatisti_1499166938.pdf p.11 Fig.9B,2015,Japan,short,st_debt,-0.07,US$ bn,
ISD 2015,ISD 2015 PDF InvestmentsStatisti_1499166938.pdf p.11 Fig.9B,2015,Japan,short,lt_debt,-1.45,US$ bn,
ISD 2015,ISD 2015 PDF InvestmentsStatisti_1499166938.pdf p.11 Fig.9B,2015,Germany,short,total,-29.85,US$ bn,
ISD 2015,ISD 2015 PDF InvestmentsStatisti_1499166938.pdf p.11 Fig.9B,2015,Germany,short,equities,-1.59,US$ bn,
ISD 2015,ISD 2015 PDF InvestmentsStatisti_1499166938.pdf p.11 Fig.9B,2015,Germany,short,st_debt,-2.01,US$ bn,
ISD 2015,ISD 2015 PDF InvestmentsStatisti_1499166938.pdf p.11 Fig.9B,2015,Germany,short,lt_debt,-26.25,US$ bn,
ISD 2015,ISD 2015 PDF InvestmentsStatisti_1499166938.pdf p.11 Fig.9B,2015,France,short,total,-3.65,US$ bn,
ISD 2015,ISD 2015 PDF InvestmentsStatisti_1499166938.pdf p.11 Fig.9B,2015,France,short,equities,-0.03,US$ bn,
ISD 2015,ISD 2015 PDF InvestmentsStatisti_1499166938.pdf p.11 Fig.9B,2015,France,short,st_debt,-1.34,US$ bn,
ISD 2015,ISD 2015 PDF InvestmentsStatisti_1499166938.pdf p.11 Fig.9B,2015,France,short,lt_debt,-2.28,US$ bn,
ISD 2015,ISD 2015 PDF InvestmentsStatisti_1499166938.pdf p.11 Fig.9B,2015,China,short,total,-0.51,US$ bn,
ISD 2015,ISD 2015 PDF InvestmentsStatisti_1499166938.pdf p.11 Fig.9B,2015,China,short,equities,-0.51,US$ bn,
ISD 2015,ISD 2015 PDF InvestmentsStatisti_1499166938.pdf p.11 Fig.9B,2015,China,short,st_debt,0.0,US$ bn,
ISD 2015,ISD 2015 PDF InvestmentsStatisti_1499166938.pdf p.11 Fig.9B,2015,China,short,lt_debt,0.0,US$ bn,
ISD 2015,ISD 2015 PDF InvestmentsStatisti_1499166938.pdf p.11 Fig.9B,2015,Canada,short,total,-3.82,US$ bn,
ISD 2015,ISD 2015 PDF InvestmentsStatisti_1499166938.pdf p.11 Fig.9B,2015,Canada,short,equities,-1.45,US$ bn,
ISD 2015,ISD 2015 PDF InvestmentsStatisti_1499166938.pdf p.11 Fig.9B,2015,Canada,short,st_debt,-1.51,US$ bn,
ISD 2015,ISD 2015 PDF InvestmentsStatisti_1499166938.pdf p.11 Fig.9B,2015,Canada,short,lt_debt,-0.86,US$ bn,
ISD 2015,ISD 2015 PDF InvestmentsStatisti_1499166938.pdf p.11 Fig.9B,2015,Curacao,short,total,-0.01,US$ bn,
ISD 2015,ISD 2015 PDF InvestmentsStatisti_1499166938.pdf p.11 Fig.9B,2015,Curacao,short,equities,-0.01,US$ bn,
ISD 2015,ISD 2015 PDF InvestmentsStatisti_1499166938.pdf p.11 Fig.9B,2015,Curacao,short,st_debt,0.0,US$ bn,
ISD 2015,ISD 2015 PDF InvestmentsStatisti_1499166938.pdf p.11 Fig.9B,2015,Curacao,short,lt_debt,0.0,US$ bn,
ISD 2015,ISD 2015 PDF InvestmentsStatisti_1499166938.pdf p.11 Fig.9B,2015,Denmark,short,total,-0.26,US$ bn,
ISD 2015,ISD 2015 PDF InvestmentsStatisti_1499166938.pdf p.11 Fig.9B,2015,Denmark,short,equities,-0.11,US$ bn,
ISD 2015,ISD 2015 PDF InvestmentsStatisti_1499166938.pdf p.11 Fig.9B,2015,Denmark,short,st_debt,-0.15,US$ bn,
ISD 2015,ISD 2015 PDF InvestmentsStatisti_1499166938.pdf p.11 Fig.9B,2015,Denmark,short,lt_debt,0.0,US$ bn,
ISD 2015,ISD 2015 PDF InvestmentsStatisti_1499166938.pdf p.11 Fig.9B,2015,Hong Kong,short,total,-0.27,US$ bn,
ISD 2015,ISD 2015 PDF InvestmentsStatisti_1499166938.pdf p.11 Fig.9B,2015,Hong Kong,short,equities,-0.27,US$ bn,
ISD 2015,ISD 2015 PDF InvestmentsStatisti_1499166938.pdf p.11 Fig.9B,2015,Hong Kong,short,st_debt,0.0,US$ bn,
ISD 2015,ISD 2015 PDF InvestmentsStatisti_1499166938.pdf p.11 Fig.9B,2015,Hong Kong,short,lt_debt,0.0,US$ bn,
ISD 2015,ISD 2015 PDF InvestmentsStatisti_1499166938.pdf p.11 Fig.9B,2015,Ireland,short,total,-0.05,US$ bn,
ISD 2015,ISD 2015 PDF InvestmentsStatisti_1499166938.pdf p.11 Fig.9B,2015,Ireland,short,equities,-0.04,US$ bn,
ISD 2015,ISD 2015 PDF InvestmentsStatisti_1499166938.pdf p.11 Fig.9B,2015,Ireland,short,st_debt,-0.01,US$ bn,
ISD 2015,ISD 2015 PDF InvestmentsStatisti_1499166938.pdf p.11 Fig.9B,2015,Ireland,short,lt_debt,0.0,US$ bn,
ISD 2015,ISD 2015 PDF InvestmentsStatisti_1499166938.pdf p.11 Fig.9B,2015,Sweden,short,total,-0.42,US$ bn,
ISD 2015,ISD 2015 PDF InvestmentsStatisti_1499166938.pdf p.11 Fig.9B,2015,Sweden,short,equities,-0.06,US$ bn,
ISD 2015,ISD 2015 PDF InvestmentsStatisti_1499166938.pdf p.11 Fig.9B,2015,Sweden,short,st_debt,-0.31,US$ bn,
ISD 2015,ISD 2015 PDF InvestmentsStatisti_1499166938.pdf p.11 Fig.9B,2015,Sweden,short,lt_debt,-0.05,US$ bn,
ISD 2015,ISD 2015 PDF InvestmentsStatisti_1499166938.pdf p.11 Fig.9B,2015,Netherlands,short,total,-0.75,US$ bn,
ISD 2015,ISD 2015 PDF InvestmentsStatisti_1499166938.pdf p.11 Fig.9B,2015,Netherlands,short,equities,-0.16,US$ bn,
ISD 2015,ISD 2015 PDF InvestmentsStatisti_1499166938.pdf p.11 Fig.9B,2015,Netherlands,short,st_debt,-0.59,US$ bn,
ISD 2015,ISD 2015 PDF InvestmentsStatisti_1499166938.pdf p.11 Fig.9B,2015,Netherlands,short,lt_debt,0.0,US$ bn,
ISD 2015,ISD 2015 PDF InvestmentsStatisti_1499166938.pdf p.11 Fig.9B,2015,British Virgin Islands,short,total,0.0,US$ bn,
ISD 2015,ISD 2015 PDF InvestmentsStatisti_1499166938.pdf p.11 Fig.9B,2015,British Virgin Islands,short,equities,0.0,US$ bn,
ISD 2015,ISD 2015 PDF InvestmentsStatisti_1499166938.pdf p.11 Fig.9B,2015,British Virgin Islands,short,st_debt,0.0,US$ bn,
ISD 2015,ISD 2015 PDF InvestmentsStatisti_1499166938.pdf p.11 Fig.9B,2015,British Virgin Islands,short,lt_debt,0.0,US$ bn,
ISD 2015,ISD 2015 PDF InvestmentsStatisti_1499166938.pdf p.11 Fig.9B,2015,Other Developed Countries,short,total,-1.52,US$ bn,
ISD 2015,ISD 2015 PDF InvestmentsStatisti_1499166938.pdf p.11 Fig.9B,2015,Other Developed Countries,short,equities,-0.63,US$ bn,
ISD 2015,ISD 2015 PDF InvestmentsStatisti_1499166938.pdf p.11 Fig.9B,2015,Other Developed Countries,short,st_debt,-0.1,US$ bn,
ISD 2015,ISD 2015 PDF InvestmentsStatisti_1499166938.pdf p.11 Fig.9B,2015,Other Developed Countries,short,lt_debt,-0.79,US$ bn,
ISD 2015,ISD 2015 PDF InvestmentsStatisti_1499166938.pdf p.11 Fig.9B,2015,Other Offshore Centres,short,total,-0.77,US$ bn,
ISD 2015,ISD 2015 PDF InvestmentsStatisti_1499166938.pdf p.11 Fig.9B,2015,Other Offshore Centres,short,equities,-0.76,US$ bn,
ISD 2015,ISD 2015 PDF InvestmentsStatisti_1499166938.pdf p.11 Fig.9B,2015,Other Offshore Centres,short,st_debt,-0.01,US$ bn,
ISD 2015,ISD 2015 PDF InvestmentsStatisti_1499166938.pdf p.11 Fig.9B,2015,Other Offshore Centres,short,lt_debt,0.0,US$ bn,
ISD 2015,ISD 2015 PDF InvestmentsStatisti_1499166938.pdf p.11 Fig.9B,2015,Developing Europe,short,total,-0.01,US$ bn,
ISD 2015,ISD 2015 PDF InvestmentsStatisti_1499166938.pdf p.11 Fig.9B,2015,Developing Europe,short,equities,0.0,US$ bn,
ISD 2015,ISD 2015 PDF InvestmentsStatisti_1499166938.pdf p.11 Fig.9B,2015,Developing Europe,short,st_debt,0.0,US$ bn,
ISD 2015,ISD 2015 PDF InvestmentsStatisti_1499166938.pdf p.11 Fig.9B,2015,Developing Europe,short,lt_debt,-0.01,US$ bn,
ISD 2015,ISD 2015 PDF InvestmentsStatisti_1499166938.pdf p.11 Fig.9B,2015,Developing Latin America and the Caribbean,short,total,-0.51,US$ bn,
ISD 2015,ISD 2015 PDF InvestmentsStatisti_1499166938.pdf p.11 Fig.9B,2015,Developing Latin America and the Caribbean,short,equities,-0.1,US$ bn,
ISD 2015,ISD 2015 PDF InvestmentsStatisti_1499166938.pdf p.11 Fig.9B,2015,Developing Latin America and the Caribbean,short,st_debt,-0.41,US$ bn,
ISD 2015,ISD 2015 PDF InvestmentsStatisti_1499166938.pdf p.11 Fig.9B,2015,Developing Latin America and the Caribbean,short,lt_debt,0.0,US$ bn,
ISD 2015,ISD 2015 PDF InvestmentsStatisti_1499166938.pdf p.11 Fig.9B,2015,Developing Africa and the Middle East,short,total,-0.03,US$ bn,
ISD 2015,ISD 2015 PDF InvestmentsStatisti_1499166938.pdf p.11 Fig.9B,2015,Developing Africa and the Middle East,short,equities,-0.02,US$ bn,
ISD 2015,ISD 2015 PDF InvestmentsStatisti_1499166938.pdf p.11 Fig.9B,2015,Developing Africa and the Middle East,short,st_debt,-0.01,US$ bn,
ISD 2015,ISD 2015 PDF InvestmentsStatisti_1499166938.pdf p.11 Fig.9B,2015,Developing Africa and the Middle East,short,lt_debt,0.0,US$ bn,
ISD 2015,ISD 2015 PDF InvestmentsStatisti_1499166938.pdf p.11 Fig.9B,2015,Developing Asia and the Pacific,short,total,-0.6,US$ bn,
ISD 2015,ISD 2015 PDF InvestmentsStatisti_1499166938.pdf p.11 Fig.9B,2015,Developing Asia and the Pacific,short,equities,-0.57,US$ bn,
ISD 2015,ISD 2015 PDF InvestmentsStatisti_1499166938.pdf p.11 Fig.9B,2015,Developing Asia and the Pacific,short,st_debt,-0.02,US$ bn,
ISD 2015,ISD 2015 PDF InvestmentsStatisti_1499166938.pdf p.11 Fig.9B,2015,Developing Asia and the Pacific,short,lt_debt,-0.01,US$ bn,
ISD 2015,ISD 2015 PDF InvestmentsStatisti_1499166938.pdf p.11 Fig.9B,2015,Total,short,total,-79.56,US$ bn,
ISD 2015,ISD 2015 PDF InvestmentsStatisti_1499166938.pdf p.11 Fig.9B,2015,Total,short,equities,-18.95,US$ bn,
ISD 2015,ISD 2015 PDF InvestmentsStatisti_1499166938.pdf p.11 Fig.9B,2015,Total,short,st_debt,-25.1,US$ bn,
ISD 2015,ISD 2015 PDF InvestmentsStatisti_1499166938.pdf p.11 Fig.9B,2015,Total,short,lt_debt,-35.51,US$ bn,
ISD 2016,ISD 2016 PDF InvestmentsStatisti_1515159474.pdf p.10 Fig.9,2016,United States,long,total,1168.0,US$ bn,
ISD 2016,ISD 2016 PDF InvestmentsStatisti_1515159474.pdf p.10 Fig.9,2015,United States,long,total,1117.0,US$ bn,
ISD 2016,ISD 2016 PDF InvestmentsStatisti_1515159474.pdf p.10 Fig.9,2016,United States,long,equities,333.0,US$ bn,
ISD 2016,ISD 2016 PDF InvestmentsStatisti_1515159474.pdf p.10 Fig.9,2015,United States,long,equities,356.0,US$ bn,
ISD 2016,ISD 2016 PDF InvestmentsStatisti_1515159474.pdf p.10 Fig.9,2016,United States,long,master_funds,111.0,US$ bn,
ISD 2016,ISD 2016 PDF InvestmentsStatisti_1515159474.pdf p.10 Fig.9,2015,United States,long,master_funds,120.0,US$ bn,
ISD 2016,ISD 2016 PDF InvestmentsStatisti_1515159474.pdf p.10 Fig.9,2016,United States,long,st_debt,64.0,US$ bn,
ISD 2016,ISD 2016 PDF InvestmentsStatisti_1515159474.pdf p.10 Fig.9,2015,United States,long,st_debt,90.0,US$ bn,
ISD 2016,ISD 2016 PDF InvestmentsStatisti_1515159474.pdf p.10 Fig.9,2016,United States,long,lt_debt,660.0,US$ bn,
ISD 2016,ISD 2016 PDF InvestmentsStatisti_1515159474.pdf p.10 Fig.9,2015,United States,long,lt_debt,551.0,US$ bn,
ISD 2016,ISD 2016 PDF InvestmentsStatisti_1515159474.pdf p.10 Fig.9,2016,Cayman Islands,long,total,1060.0,US$ bn,
ISD 2016,ISD 2016 PDF InvestmentsStatisti_1515159474.pdf p.10 Fig.9,2015,Cayman Islands,long,total,1011.0,US$ bn,
ISD 2016,ISD 2016 PDF InvestmentsStatisti_1515159474.pdf p.10 Fig.9,2016,Cayman Islands,long,equities,78.0,US$ bn,
ISD 2016,ISD 2016 PDF InvestmentsStatisti_1515159474.pdf p.10 Fig.9,2015,Cayman Islands,long,equities,82.0,US$ bn,
ISD 2016,ISD 2016 PDF InvestmentsStatisti_1515159474.pdf p.10 Fig.9,2016,Cayman Islands,long,master_funds,970.0,US$ bn,
ISD 2016,ISD 2016 PDF InvestmentsStatisti_1515159474.pdf p.10 Fig.9,2015,Cayman Islands,long,master_funds,917.0,US$ bn,
ISD 2016,ISD 2016 PDF InvestmentsStatisti_1515159474.pdf p.10 Fig.9,2016,Cayman Islands,long,st_debt,0.0,US$ bn,
ISD 2016,ISD 2016 PDF InvestmentsStatisti_1515159474.pdf p.10 Fig.9,2015,Cayman Islands,long,st_debt,2.0,US$ bn,
ISD 2016,ISD 2016 PDF InvestmentsStatisti_1515159474.pdf p.10 Fig.9,2016,Cayman Islands,long,lt_debt,12.0,US$ bn,
ISD 2016,ISD 2016 PDF InvestmentsStatisti_1515159474.pdf p.10 Fig.9,2015,Cayman Islands,long,lt_debt,10.0,US$ bn,
ISD 2016,ISD 2016 PDF InvestmentsStatisti_1515159474.pdf p.10 Fig.9,2016,United Kingdom,long,total,78.0,US$ bn,
ISD 2016,ISD 2016 PDF InvestmentsStatisti_1515159474.pdf p.10 Fig.9,2015,United Kingdom,long,total,68.0,US$ bn,
ISD 2016,ISD 2016 PDF InvestmentsStatisti_1515159474.pdf p.10 Fig.9,2016,United Kingdom,long,equities,17.0,US$ bn,
ISD 2016,ISD 2016 PDF InvestmentsStatisti_1515159474.pdf p.10 Fig.9,2015,United Kingdom,long,equities,17.0,US$ bn,
ISD 2016,ISD 2016 PDF InvestmentsStatisti_1515159474.pdf p.10 Fig.9,2016,United Kingdom,long,master_funds,1.0,US$ bn,
ISD 2016,ISD 2016 PDF InvestmentsStatisti_1515159474.pdf p.10 Fig.9,2015,United Kingdom,long,master_funds,1.0,US$ bn,
ISD 2016,ISD 2016 PDF InvestmentsStatisti_1515159474.pdf p.10 Fig.9,2016,United Kingdom,long,st_debt,24.0,US$ bn,
ISD 2016,ISD 2016 PDF InvestmentsStatisti_1515159474.pdf p.10 Fig.9,2015,United Kingdom,long,st_debt,4.0,US$ bn,
ISD 2016,ISD 2016 PDF InvestmentsStatisti_1515159474.pdf p.10 Fig.9,2016,United Kingdom,long,lt_debt,36.0,US$ bn,
ISD 2016,ISD 2016 PDF InvestmentsStatisti_1515159474.pdf p.10 Fig.9,2015,United Kingdom,long,lt_debt,46.0,US$ bn,
ISD 2016,ISD 2016 PDF InvestmentsStatisti_1515159474.pdf p.10 Fig.9,2016,Japan,long,total,69.0,US$ bn,
ISD 2016,ISD 2016 PDF InvestmentsStatisti_1515159474.pdf p.10 Fig.9,2015,Japan,long,total,59.0,US$ bn,
ISD 2016,ISD 2016 PDF InvestmentsStatisti_1515159474.pdf p.10 Fig.9,2016,Japan,long,equities,34.0,US$ bn,
ISD 2016,ISD 2016 PDF InvestmentsStatisti_1515159474.pdf p.10 Fig.9,2015,Japan,long,equities,27.0,US$ bn,
ISD 2016,ISD 2016 PDF InvestmentsStatisti_1515159474.pdf p.10 Fig.9,2016,Japan,long,master_funds,1.0,US$ bn,
ISD 2016,ISD 2016 PDF InvestmentsStatisti_1515159474.pdf p.10 Fig.9,2015,Japan,long,master_funds,0.0,US$ bn,
ISD 2016,ISD 2016 PDF InvestmentsStatisti_1515159474.pdf p.10 Fig.9,2016,Japan,long,st_debt,11.0,US$ bn,
ISD 2016,ISD 2016 PDF InvestmentsStatisti_1515159474.pdf p.10 Fig.9,2015,Japan,long,st_debt,19.0,US$ bn,
ISD 2016,ISD 2016 PDF InvestmentsStatisti_1515159474.pdf p.10 Fig.9,2016,Japan,long,lt_debt,23.0,US$ bn,
ISD 2016,ISD 2016 PDF InvestmentsStatisti_1515159474.pdf p.10 Fig.9,2015,Japan,long,lt_debt,13.0,US$ bn,
ISD 2016,ISD 2016 PDF InvestmentsStatisti_1515159474.pdf p.10 Fig.9,2016,Germany,long,total,52.0,US$ bn,
ISD 2016,ISD 2016 PDF InvestmentsStatisti_1515159474.pdf p.10 Fig.9,2015,Germany,long,total,46.0,US$ bn,
ISD 2016,ISD 2016 PDF InvestmentsStatisti_1515159474.pdf p.10 Fig.9,2016,Germany,long,equities,7.0,US$ bn,
ISD 2016,ISD 2016 PDF InvestmentsStatisti_1515159474.pdf p.10 Fig.9,2015,Germany,long,equities,6.0,US$ bn,
ISD 2016,ISD 2016 PDF InvestmentsStatisti_1515159474.pdf p.10 Fig.9,2016,Germany,long,master_funds,0.0,US$ bn,
ISD 2016,ISD 2016 PDF InvestmentsStatisti_1515159474.pdf p.10 Fig.9,2015,Germany,long,master_funds,0.0,US$ bn,
ISD 2016,ISD 2016 PDF InvestmentsStatisti_1515159474.pdf p.10 Fig.9,2016,Germany,long,st_debt,26.0,US$ bn,
ISD 2016,ISD 2016 PDF InvestmentsStatisti_1515159474.pdf p.10 Fig.9,2015,Germany,long,st_debt,7.0,US$ bn,
ISD 2016,ISD 2016 PDF InvestmentsStatisti_1515159474.pdf p.10 Fig.9,2016,Germany,long,lt_debt,19.0,US$ bn,
ISD 2016,ISD 2016 PDF InvestmentsStatisti_1515159474.pdf p.10 Fig.9,2015,Germany,long,lt_debt,33.0,US$ bn,
ISD 2016,ISD 2016 PDF InvestmentsStatisti_1515159474.pdf p.10 Fig.9,2016,British Virgin Islands,long,total,41.0,US$ bn,
ISD 2016,ISD 2016 PDF InvestmentsStatisti_1515159474.pdf p.10 Fig.9,2015,British Virgin Islands,long,total,11.0,US$ bn,
ISD 2016,ISD 2016 PDF InvestmentsStatisti_1515159474.pdf p.10 Fig.9,2016,British Virgin Islands,long,equities,5.0,US$ bn,
ISD 2016,ISD 2016 PDF InvestmentsStatisti_1515159474.pdf p.10 Fig.9,2015,British Virgin Islands,long,equities,6.0,US$ bn,
ISD 2016,ISD 2016 PDF InvestmentsStatisti_1515159474.pdf p.10 Fig.9,2016,British Virgin Islands,long,master_funds,35.0,US$ bn,
ISD 2016,ISD 2016 PDF InvestmentsStatisti_1515159474.pdf p.10 Fig.9,2015,British Virgin Islands,long,master_funds,5.0,US$ bn,
ISD 2016,ISD 2016 PDF InvestmentsStatisti_1515159474.pdf p.10 Fig.9,2016,British Virgin Islands,long,st_debt,0.0,US$ bn,
ISD 2016,ISD 2016 PDF InvestmentsStatisti_1515159474.pdf p.10 Fig.9,2015,British Virgin Islands,long,st_debt,0.0,US$ bn,
ISD 2016,ISD 2016 PDF InvestmentsStatisti_1515159474.pdf p.10 Fig.9,2016,British Virgin Islands,long,lt_debt,1.0,US$ bn,
ISD 2016,ISD 2016 PDF InvestmentsStatisti_1515159474.pdf p.10 Fig.9,2015,British Virgin Islands,long,lt_debt,0.0,US$ bn,
ISD 2016,ISD 2016 PDF InvestmentsStatisti_1515159474.pdf p.10 Fig.9,2016,France,long,total,36.0,US$ bn,
ISD 2016,ISD 2016 PDF InvestmentsStatisti_1515159474.pdf p.10 Fig.9,2015,France,long,total,42.0,US$ bn,
ISD 2016,ISD 2016 PDF InvestmentsStatisti_1515159474.pdf p.10 Fig.9,2016,France,long,equities,5.0,US$ bn,
ISD 2016,ISD 2016 PDF InvestmentsStatisti_1515159474.pdf p.10 Fig.9,2015,France,long,equities,6.0,US$ bn,
ISD 2016,ISD 2016 PDF InvestmentsStatisti_1515159474.pdf p.10 Fig.9,2016,France,long,master_funds,0.0,US$ bn,
ISD 2016,ISD 2016 PDF InvestmentsStatisti_1515159474.pdf p.10 Fig.9,2015,France,long,master_funds,0.0,US$ bn,
ISD 2016,ISD 2016 PDF InvestmentsStatisti_1515159474.pdf p.10 Fig.9,2016,France,long,st_debt,14.0,US$ bn,
ISD 2016,ISD 2016 PDF InvestmentsStatisti_1515159474.pdf p.10 Fig.9,2015,France,long,st_debt,1.0,US$ bn,
ISD 2016,ISD 2016 PDF InvestmentsStatisti_1515159474.pdf p.10 Fig.9,2016,France,long,lt_debt,17.0,US$ bn,
ISD 2016,ISD 2016 PDF InvestmentsStatisti_1515159474.pdf p.10 Fig.9,2015,France,long,lt_debt,35.0,US$ bn,
ISD 2016,ISD 2016 PDF InvestmentsStatisti_1515159474.pdf p.10 Fig.9,2016,China,long,total,30.0,US$ bn,
ISD 2016,ISD 2016 PDF InvestmentsStatisti_1515159474.pdf p.10 Fig.9,2015,China,long,total,32.0,US$ bn,
ISD 2016,ISD 2016 PDF InvestmentsStatisti_1515159474.pdf p.10 Fig.9,2016,China,long,equities,23.0,US$ bn,
ISD 2016,ISD 2016 PDF InvestmentsStatisti_1515159474.pdf p.10 Fig.9,2015,China,long,equities,27.0,US$ bn,
ISD 2016,ISD 2016 PDF InvestmentsStatisti_1515159474.pdf p.10 Fig.9,2016,China,long,master_funds,0.0,US$ bn,
ISD 2016,ISD 2016 PDF InvestmentsStatisti_1515159474.pdf p.10 Fig.9,2015,China,long,master_funds,0.0,US$ bn,
ISD 2016,ISD 2016 PDF InvestmentsStatisti_1515159474.pdf p.10 Fig.9,2016,China,long,st_debt,0.0,US$ bn,
ISD 2016,ISD 2016 PDF InvestmentsStatisti_1515159474.pdf p.10 Fig.9,2015,China,long,st_debt,0.0,US$ bn,
ISD 2016,ISD 2016 PDF InvestmentsStatisti_1515159474.pdf p.10 Fig.9,2016,China,long,lt_debt,7.0,US$ bn,
ISD 2016,ISD 2016 PDF InvestmentsStatisti_1515159474.pdf p.10 Fig.9,2015,China,long,lt_debt,5.0,US$ bn,
ISD 2016,ISD 2016 PDF InvestmentsStatisti_1515159474.pdf p.10 Fig.9,2016,Canada,long,total,31.0,US$ bn,
ISD 2016,ISD 2016 PDF InvestmentsStatisti_1515159474.pdf p.10 Fig.9,2015,Canada,long,total,22.0,US$ bn,
ISD 2016,ISD 2016 PDF InvestmentsStatisti_1515159474.pdf p.10 Fig.9,2016,Canada,long,equities,8.0,US$ bn,
ISD 2016,ISD 2016 PDF InvestmentsStatisti_1515159474.pdf p.10 Fig.9,2015,Canada,long,equities,7.0,US$ bn,
ISD 2016,ISD 2016 PDF InvestmentsStatisti_1515159474.pdf p.10 Fig.9,2016,Canada,long,master_funds,0.0,US$ bn,
ISD 2016,ISD 2016 PDF InvestmentsStatisti_1515159474.pdf p.10 Fig.9,2015,Canada,long,master_funds,0.0,US$ bn,
ISD 2016,ISD 2016 PDF InvestmentsStatisti_1515159474.pdf p.10 Fig.9,2016,Canada,long,st_debt,5.0,US$ bn,
ISD 2016,ISD 2016 PDF InvestmentsStatisti_1515159474.pdf p.10 Fig.9,2015,Canada,long,st_debt,2.0,US$ bn,
ISD 2016,ISD 2016 PDF InvestmentsStatisti_1515159474.pdf p.10 Fig.9,2016,Canada,long,lt_debt,18.0,US$ bn,
ISD 2016,ISD 2016 PDF InvestmentsStatisti_1515159474.pdf p.10 Fig.9,2015,Canada,long,lt_debt,13.0,US$ bn,
ISD 2016,ISD 2016 PDF InvestmentsStatisti_1515159474.pdf p.10 Fig.9,2016,Curacao,long,total,18.0,US$ bn,
ISD 2016,ISD 2016 PDF InvestmentsStatisti_1515159474.pdf p.10 Fig.9,2015,Curacao,long,total,20.0,US$ bn,
ISD 2016,ISD 2016 PDF InvestmentsStatisti_1515159474.pdf p.10 Fig.9,2016,Curacao,long,equities,0.0,US$ bn,
ISD 2016,ISD 2016 PDF InvestmentsStatisti_1515159474.pdf p.10 Fig.9,2015,Curacao,long,equities,0.0,US$ bn,
ISD 2016,ISD 2016 PDF InvestmentsStatisti_1515159474.pdf p.10 Fig.9,2016,Curacao,long,master_funds,18.0,US$ bn,
ISD 2016,ISD 2016 PDF InvestmentsStatisti_1515159474.pdf p.10 Fig.9,2015,Curacao,long,master_funds,20.0,US$ bn,
ISD 2016,ISD 2016 PDF InvestmentsStatisti_1515159474.pdf p.10 Fig.9,2016,Curacao,long,st_debt,0.0,US$ bn,
ISD 2016,ISD 2016 PDF InvestmentsStatisti_1515159474.pdf p.10 Fig.9,2015,Curacao,long,st_debt,0.0,US$ bn,
ISD 2016,ISD 2016 PDF InvestmentsStatisti_1515159474.pdf p.10 Fig.9,2016,Curacao,long,lt_debt,0.0,US$ bn,
ISD 2016,ISD 2016 PDF InvestmentsStatisti_1515159474.pdf p.10 Fig.9,2015,Curacao,long,lt_debt,0.0,US$ bn,
ISD 2016,ISD 2016 PDF InvestmentsStatisti_1515159474.pdf p.10 Fig.9,2016,Ireland,long,total,18.0,US$ bn,
ISD 2016,ISD 2016 PDF InvestmentsStatisti_1515159474.pdf p.10 Fig.9,2015,Ireland,long,total,15.0,US$ bn,
ISD 2016,ISD 2016 PDF InvestmentsStatisti_1515159474.pdf p.10 Fig.9,2016,Ireland,long,equities,10.0,US$ bn,
ISD 2016,ISD 2016 PDF InvestmentsStatisti_1515159474.pdf p.10 Fig.9,2015,Ireland,long,equities,10.0,US$ bn,
ISD 2016,ISD 2016 PDF InvestmentsStatisti_1515159474.pdf p.10 Fig.9,2016,Ireland,long,master_funds,6.0,US$ bn,
ISD 2016,ISD 2016 PDF InvestmentsStatisti_1515159474.pdf p.10 Fig.9,2015,Ireland,long,master_funds,2.0,US$ bn,
ISD 2016,ISD 2016 PDF InvestmentsStatisti_1515159474.pdf p.10 Fig.9,2016,Ireland,long,st_debt,0.0,US$ bn,
ISD 2016,ISD 2016 PDF InvestmentsStatisti_1515159474.pdf p.10 Fig.9,2015,Ireland,long,st_debt,0.0,US$ bn,
ISD 2016,ISD 2016 PDF InvestmentsStatisti_1515159474.pdf p.10 Fig.9,2016,Ireland,long,lt_debt,2.0,US$ bn,
ISD 2016,ISD 2016 PDF InvestmentsStatisti_1515159474.pdf p.10 Fig.9,2015,Ireland,long,lt_debt,3.0,US$ bn,
ISD 2016,ISD 2016 PDF InvestmentsStatisti_1515159474.pdf p.10 Fig.9,2016,Netherlands,long,total,18.0,US$ bn,
ISD 2016,ISD 2016 PDF InvestmentsStatisti_1515159474.pdf p.10 Fig.9,2015,Netherlands,long,total,14.0,US$ bn,
ISD 2016,ISD 2016 PDF InvestmentsStatisti_1515159474.pdf p.10 Fig.9,2016,Netherlands,long,equities,8.0,US$ bn,
ISD 2016,ISD 2016 PDF InvestmentsStatisti_1515159474.pdf p.10 Fig.9,2015,Netherlands,long,equities,4.0,US$ bn,
ISD 2016,ISD 2016 PDF InvestmentsStatisti_1515159474.pdf p.10 Fig.9,2016,Netherlands,long,master_funds,0.0,US$ bn,
ISD 2016,ISD 2016 PDF InvestmentsStatisti_1515159474.pdf p.10 Fig.9,2015,Netherlands,long,master_funds,0.0,US$ bn,
ISD 2016,ISD 2016 PDF InvestmentsStatisti_1515159474.pdf p.10 Fig.9,2016,Netherlands,long,st_debt,1.0,US$ bn,
ISD 2016,ISD 2016 PDF InvestmentsStatisti_1515159474.pdf p.10 Fig.9,2015,Netherlands,long,st_debt,0.0,US$ bn,
ISD 2016,ISD 2016 PDF InvestmentsStatisti_1515159474.pdf p.10 Fig.9,2016,Netherlands,long,lt_debt,9.0,US$ bn,
ISD 2016,ISD 2016 PDF InvestmentsStatisti_1515159474.pdf p.10 Fig.9,2015,Netherlands,long,lt_debt,10.0,US$ bn,
ISD 2016,ISD 2016 PDF InvestmentsStatisti_1515159474.pdf p.10 Fig.9,2016,Hong Kong,long,total,17.0,US$ bn,
ISD 2016,ISD 2016 PDF InvestmentsStatisti_1515159474.pdf p.10 Fig.9,2015,Hong Kong,long,total,15.0,US$ bn,
ISD 2016,ISD 2016 PDF InvestmentsStatisti_1515159474.pdf p.10 Fig.9,2016,Hong Kong,long,equities,12.0,US$ bn,
ISD 2016,ISD 2016 PDF InvestmentsStatisti_1515159474.pdf p.10 Fig.9,2015,Hong Kong,long,equities,10.0,US$ bn,
ISD 2016,ISD 2016 PDF InvestmentsStatisti_1515159474.pdf p.10 Fig.9,2016,Hong Kong,long,master_funds,0.0,US$ bn,
ISD 2016,ISD 2016 PDF InvestmentsStatisti_1515159474.pdf p.10 Fig.9,2015,Hong Kong,long,master_funds,0.0,US$ bn,
ISD 2016,ISD 2016 PDF InvestmentsStatisti_1515159474.pdf p.10 Fig.9,2016,Hong Kong,long,st_debt,0.0,US$ bn,
ISD 2016,ISD 2016 PDF InvestmentsStatisti_1515159474.pdf p.10 Fig.9,2015,Hong Kong,long,st_debt,1.0,US$ bn,
ISD 2016,ISD 2016 PDF InvestmentsStatisti_1515159474.pdf p.10 Fig.9,2016,Hong Kong,long,lt_debt,5.0,US$ bn,
ISD 2016,ISD 2016 PDF InvestmentsStatisti_1515159474.pdf p.10 Fig.9,2015,Hong Kong,long,lt_debt,4.0,US$ bn,
ISD 2016,ISD 2016 PDF InvestmentsStatisti_1515159474.pdf p.10 Fig.9,2016,Denmark,long,total,6.0,US$ bn,
ISD 2016,ISD 2016 PDF InvestmentsStatisti_1515159474.pdf p.10 Fig.9,2015,Denmark,long,total,18.0,US$ bn,
ISD 2016,ISD 2016 PDF InvestmentsStatisti_1515159474.pdf p.10 Fig.9,2016,Denmark,long,equities,3.0,US$ bn,
ISD 2016,ISD 2016 PDF InvestmentsStatisti_1515159474.pdf p.10 Fig.9,2015,Denmark,long,equities,3.0,US$ bn,
ISD 2016,ISD 2016 PDF InvestmentsStatisti_1515159474.pdf p.10 Fig.9,2016,Denmark,long,master_funds,0.0,US$ bn,
ISD 2016,ISD 2016 PDF InvestmentsStatisti_1515159474.pdf p.10 Fig.9,2015,Denmark,long,master_funds,0.0,US$ bn,
ISD 2016,ISD 2016 PDF InvestmentsStatisti_1515159474.pdf p.10 Fig.9,2016,Denmark,long,st_debt,0.0,US$ bn,
ISD 2016,ISD 2016 PDF InvestmentsStatisti_1515159474.pdf p.10 Fig.9,2015,Denmark,long,st_debt,0.0,US$ bn,
ISD 2016,ISD 2016 PDF InvestmentsStatisti_1515159474.pdf p.10 Fig.9,2016,Denmark,long,lt_debt,3.0,US$ bn,
ISD 2016,ISD 2016 PDF InvestmentsStatisti_1515159474.pdf p.10 Fig.9,2015,Denmark,long,lt_debt,15.0,US$ bn,
ISD 2016,ISD 2016 PDF InvestmentsStatisti_1515159474.pdf p.10 Fig.9,2016,Sweden,long,total,7.0,US$ bn,
ISD 2016,ISD 2016 PDF InvestmentsStatisti_1515159474.pdf p.10 Fig.9,2015,Sweden,long,total,15.0,US$ bn,
ISD 2016,ISD 2016 PDF InvestmentsStatisti_1515159474.pdf p.10 Fig.9,2016,Sweden,long,equities,2.0,US$ bn,
ISD 2016,ISD 2016 PDF InvestmentsStatisti_1515159474.pdf p.10 Fig.9,2015,Sweden,long,equities,4.0,US$ bn,
ISD 2016,ISD 2016 PDF InvestmentsStatisti_1515159474.pdf p.10 Fig.9,2016,Sweden,long,master_funds,0.0,US$ bn,
ISD 2016,ISD 2016 PDF InvestmentsStatisti_1515159474.pdf p.10 Fig.9,2015,Sweden,long,master_funds,0.0,US$ bn,
ISD 2016,ISD 2016 PDF InvestmentsStatisti_1515159474.pdf p.10 Fig.9,2016,Sweden,long,st_debt,0.0,US$ bn,
ISD 2016,ISD 2016 PDF InvestmentsStatisti_1515159474.pdf p.10 Fig.9,2015,Sweden,long,st_debt,0.0,US$ bn,
ISD 2016,ISD 2016 PDF InvestmentsStatisti_1515159474.pdf p.10 Fig.9,2016,Sweden,long,lt_debt,5.0,US$ bn,
ISD 2016,ISD 2016 PDF InvestmentsStatisti_1515159474.pdf p.10 Fig.9,2015,Sweden,long,lt_debt,11.0,US$ bn,
ISD 2016,ISD 2016 PDF InvestmentsStatisti_1515159474.pdf p.10 Fig.9,2016,Other Developed Countries,long,total,64.0,US$ bn,
ISD 2016,ISD 2016 PDF InvestmentsStatisti_1515159474.pdf p.10 Fig.9,2015,Other Developed Countries,long,total,60.0,US$ bn,
ISD 2016,ISD 2016 PDF InvestmentsStatisti_1515159474.pdf p.10 Fig.9,2016,Other Developed Countries,long,equities,19.0,US$ bn,
ISD 2016,ISD 2016 PDF InvestmentsStatisti_1515159474.pdf p.10 Fig.9,2015,Other Developed Countries,long,equities,17.0,US$ bn,
ISD 2016,ISD 2016 PDF InvestmentsStatisti_1515159474.pdf p.10 Fig.9,2016,Other Developed Countries,long,master_funds,7.0,US$ bn,
ISD 2016,ISD 2016 PDF InvestmentsStatisti_1515159474.pdf p.10 Fig.9,2015,Other Developed Countries,long,master_funds,4.0,US$ bn,
ISD 2016,ISD 2016 PDF InvestmentsStatisti_1515159474.pdf p.10 Fig.9,2016,Other Developed Countries,long,st_debt,2.0,US$ bn,
ISD 2016,ISD 2016 PDF InvestmentsStatisti_1515159474.pdf p.10 Fig.9,2015,Other Developed Countries,long,st_debt,7.0,US$ bn,
ISD 2016,ISD 2016 PDF InvestmentsStatisti_1515159474.pdf p.10 Fig.9,2016,Other Developed Countries,long,lt_debt,36.0,US$ bn,
ISD 2016,ISD 2016 PDF InvestmentsStatisti_1515159474.pdf p.10 Fig.9,2015,Other Developed Countries,long,lt_debt,32.0,US$ bn,
ISD 2016,ISD 2016 PDF InvestmentsStatisti_1515159474.pdf p.10 Fig.9,2016,Developing Latin America and the Caribbean,long,total,21.0,US$ bn,
ISD 2016,ISD 2016 PDF InvestmentsStatisti_1515159474.pdf p.10 Fig.9,2015,Developing Latin America and the Caribbean,long,total,23.0,US$ bn,
ISD 2016,ISD 2016 PDF InvestmentsStatisti_1515159474.pdf p.10 Fig.9,2016,Developing Latin America and the Caribbean,long,equities,3.0,US$ bn,
ISD 2016,ISD 2016 PDF InvestmentsStatisti_1515159474.pdf p.10 Fig.9,2015,Developing Latin America and the Caribbean,long,equities,3.0,US$ bn,
ISD 2016,ISD 2016 PDF InvestmentsStatisti_1515159474.pdf p.10 Fig.9,2016,Developing Latin America and the Caribbean,long,master_funds,0.0,US$ bn,
ISD 2016,ISD 2016 PDF InvestmentsStatisti_1515159474.pdf p.10 Fig.9,2015,Developing Latin America and the Caribbean,long,master_funds,0.0,US$ bn,
ISD 2016,ISD 2016 PDF InvestmentsStatisti_1515159474.pdf p.10 Fig.9,2016,Developing Latin America and the Caribbean,long,st_debt,1.0,US$ bn,
ISD 2016,ISD 2016 PDF InvestmentsStatisti_1515159474.pdf p.10 Fig.9,2015,Developing Latin America and the Caribbean,long,st_debt,1.0,US$ bn,
ISD 2016,ISD 2016 PDF InvestmentsStatisti_1515159474.pdf p.10 Fig.9,2016,Developing Latin America and the Caribbean,long,lt_debt,17.0,US$ bn,
ISD 2016,ISD 2016 PDF InvestmentsStatisti_1515159474.pdf p.10 Fig.9,2015,Developing Latin America and the Caribbean,long,lt_debt,19.0,US$ bn,
ISD 2016,ISD 2016 PDF InvestmentsStatisti_1515159474.pdf p.10 Fig.9,2016,Developing Asia and the Pacific,long,total,19.0,US$ bn,
ISD 2016,ISD 2016 PDF InvestmentsStatisti_1515159474.pdf p.10 Fig.9,2015,Developing Asia and the Pacific,long,total,20.0,US$ bn,
ISD 2016,ISD 2016 PDF InvestmentsStatisti_1515159474.pdf p.10 Fig.9,2016,Developing Asia and the Pacific,long,equities,11.0,US$ bn,
ISD 2016,ISD 2016 PDF InvestmentsStatisti_1515159474.pdf p.10 Fig.9,2015,Developing Asia and the Pacific,long,equities,8.0,US$ bn,
ISD 2016,ISD 2016 PDF InvestmentsStatisti_1515159474.pdf p.10 Fig.9,2016,Developing Asia and the Pacific,long,master_funds,0.0,US$ bn,
ISD 2016,ISD 2016 PDF InvestmentsStatisti_1515159474.pdf p.10 Fig.9,2015,Developing Asia and the Pacific,long,master_funds,0.0,US$ bn,
ISD 2016,ISD 2016 PDF InvestmentsStatisti_1515159474.pdf p.10 Fig.9,2016,Developing Asia and the Pacific,long,st_debt,0.0,US$ bn,
ISD 2016,ISD 2016 PDF InvestmentsStatisti_1515159474.pdf p.10 Fig.9,2015,Developing Asia and the Pacific,long,st_debt,0.0,US$ bn,
ISD 2016,ISD 2016 PDF InvestmentsStatisti_1515159474.pdf p.10 Fig.9,2016,Developing Asia and the Pacific,long,lt_debt,8.0,US$ bn,
ISD 2016,ISD 2016 PDF InvestmentsStatisti_1515159474.pdf p.10 Fig.9,2015,Developing Asia and the Pacific,long,lt_debt,12.0,US$ bn,
ISD 2016,ISD 2016 PDF InvestmentsStatisti_1515159474.pdf p.10 Fig.9,2016,Other Offshore Centres,long,total,15.0,US$ bn,
ISD 2016,ISD 2016 PDF InvestmentsStatisti_1515159474.pdf p.10 Fig.9,2015,Other Offshore Centres,long,total,9.0,US$ bn,
ISD 2016,ISD 2016 PDF InvestmentsStatisti_1515159474.pdf p.10 Fig.9,2016,Other Offshore Centres,long,equities,9.0,US$ bn,
ISD 2016,ISD 2016 PDF InvestmentsStatisti_1515159474.pdf p.10 Fig.9,2015,Other Offshore Centres,long,equities,5.0,US$ bn,
ISD 2016,ISD 2016 PDF InvestmentsStatisti_1515159474.pdf p.10 Fig.9,2016,Other Offshore Centres,long,master_funds,1.0,US$ bn,
ISD 2016,ISD 2016 PDF InvestmentsStatisti_1515159474.pdf p.10 Fig.9,2015,Other Offshore Centres,long,master_funds,1.0,US$ bn,
ISD 2016,ISD 2016 PDF InvestmentsStatisti_1515159474.pdf p.10 Fig.9,2016,Other Offshore Centres,long,st_debt,0.0,US$ bn,
ISD 2016,ISD 2016 PDF InvestmentsStatisti_1515159474.pdf p.10 Fig.9,2015,Other Offshore Centres,long,st_debt,0.0,US$ bn,
ISD 2016,ISD 2016 PDF InvestmentsStatisti_1515159474.pdf p.10 Fig.9,2016,Other Offshore Centres,long,lt_debt,5.0,US$ bn,
ISD 2016,ISD 2016 PDF InvestmentsStatisti_1515159474.pdf p.10 Fig.9,2015,Other Offshore Centres,long,lt_debt,3.0,US$ bn,
ISD 2016,ISD 2016 PDF InvestmentsStatisti_1515159474.pdf p.10 Fig.9,2016,Developing Europe,long,total,8.0,US$ bn,
ISD 2016,ISD 2016 PDF InvestmentsStatisti_1515159474.pdf p.10 Fig.9,2015,Developing Europe,long,total,7.0,US$ bn,
ISD 2016,ISD 2016 PDF InvestmentsStatisti_1515159474.pdf p.10 Fig.9,2016,Developing Europe,long,equities,4.0,US$ bn,
ISD 2016,ISD 2016 PDF InvestmentsStatisti_1515159474.pdf p.10 Fig.9,2015,Developing Europe,long,equities,3.0,US$ bn,
ISD 2016,ISD 2016 PDF InvestmentsStatisti_1515159474.pdf p.10 Fig.9,2016,Developing Europe,long,master_funds,0.0,US$ bn,
ISD 2016,ISD 2016 PDF InvestmentsStatisti_1515159474.pdf p.10 Fig.9,2015,Developing Europe,long,master_funds,0.0,US$ bn,
ISD 2016,ISD 2016 PDF InvestmentsStatisti_1515159474.pdf p.10 Fig.9,2016,Developing Europe,long,st_debt,0.0,US$ bn,
ISD 2016,ISD 2016 PDF InvestmentsStatisti_1515159474.pdf p.10 Fig.9,2015,Developing Europe,long,st_debt,0.0,US$ bn,
ISD 2016,ISD 2016 PDF InvestmentsStatisti_1515159474.pdf p.10 Fig.9,2016,Developing Europe,long,lt_debt,4.0,US$ bn,
ISD 2016,ISD 2016 PDF InvestmentsStatisti_1515159474.pdf p.10 Fig.9,2015,Developing Europe,long,lt_debt,4.0,US$ bn,
ISD 2016,ISD 2016 PDF InvestmentsStatisti_1515159474.pdf p.10 Fig.9,2016,Developing Africa and the Middle East,long,total,3.0,US$ bn,
ISD 2016,ISD 2016 PDF InvestmentsStatisti_1515159474.pdf p.10 Fig.9,2015,Developing Africa and the Middle East,long,total,11.0,US$ bn,
ISD 2016,ISD 2016 PDF InvestmentsStatisti_1515159474.pdf p.10 Fig.9,2016,Developing Africa and the Middle East,long,equities,3.0,US$ bn,
ISD 2016,ISD 2016 PDF InvestmentsStatisti_1515159474.pdf p.10 Fig.9,2015,Developing Africa and the Middle East,long,equities,5.0,US$ bn,
ISD 2016,ISD 2016 PDF InvestmentsStatisti_1515159474.pdf p.10 Fig.9,2016,Developing Africa and the Middle East,long,master_funds,0.0,US$ bn,
ISD 2016,ISD 2016 PDF InvestmentsStatisti_1515159474.pdf p.10 Fig.9,2015,Developing Africa and the Middle East,long,master_funds,0.0,US$ bn,
ISD 2016,ISD 2016 PDF InvestmentsStatisti_1515159474.pdf p.10 Fig.9,2016,Developing Africa and the Middle East,long,st_debt,0.0,US$ bn,
ISD 2016,ISD 2016 PDF InvestmentsStatisti_1515159474.pdf p.10 Fig.9,2015,Developing Africa and the Middle East,long,st_debt,0.0,US$ bn,
ISD 2016,ISD 2016 PDF InvestmentsStatisti_1515159474.pdf p.10 Fig.9,2016,Developing Africa and the Middle East,long,lt_debt,0.0,US$ bn,
ISD 2016,ISD 2016 PDF InvestmentsStatisti_1515159474.pdf p.10 Fig.9,2015,Developing Africa and the Middle East,long,lt_debt,6.0,US$ bn,
ISD 2016,ISD 2016 PDF InvestmentsStatisti_1515159474.pdf p.10 Fig.9,2016,Total,long,total,2779.0,US$ bn,
ISD 2016,ISD 2016 PDF InvestmentsStatisti_1515159474.pdf p.10 Fig.9,2015,Total,long,total,2635.0,US$ bn,
ISD 2016,ISD 2016 PDF InvestmentsStatisti_1515159474.pdf p.10 Fig.9,2016,Total,long,equities,594.0,US$ bn,
ISD 2016,ISD 2016 PDF InvestmentsStatisti_1515159474.pdf p.10 Fig.9,2015,Total,long,equities,606.0,US$ bn,
ISD 2016,ISD 2016 PDF InvestmentsStatisti_1515159474.pdf p.10 Fig.9,2016,Total,long,master_funds,1150.0,US$ bn,
ISD 2016,ISD 2016 PDF InvestmentsStatisti_1515159474.pdf p.10 Fig.9,2015,Total,long,master_funds,1070.0,US$ bn,
ISD 2016,ISD 2016 PDF InvestmentsStatisti_1515159474.pdf p.10 Fig.9,2016,Total,long,st_debt,148.0,US$ bn,
ISD 2016,ISD 2016 PDF InvestmentsStatisti_1515159474.pdf p.10 Fig.9,2015,Total,long,st_debt,134.0,US$ bn,
ISD 2016,ISD 2016 PDF InvestmentsStatisti_1515159474.pdf p.10 Fig.9,2016,Total,long,lt_debt,887.0,US$ bn,
ISD 2016,ISD 2016 PDF InvestmentsStatisti_1515159474.pdf p.10 Fig.9,2015,Total,long,lt_debt,825.0,US$ bn,
ISD 2016,ISD 2016 PDF InvestmentsStatisti_1515159474.pdf p.11 Fig.9B,2016,Germany,short,total,-116.41,US$ bn,
ISD 2016,ISD 2016 PDF InvestmentsStatisti_1515159474.pdf p.11 Fig.9B,2015,Germany,short,total,-29.85,US$ bn,
ISD 2016,ISD 2016 PDF InvestmentsStatisti_1515159474.pdf p.11 Fig.9B,2016,Germany,short,equities,-0.63,US$ bn,
ISD 2016,ISD 2016 PDF InvestmentsStatisti_1515159474.pdf p.11 Fig.9B,2015,Germany,short,equities,-1.59,US$ bn,
ISD 2016,ISD 2016 PDF InvestmentsStatisti_1515159474.pdf p.11 Fig.9B,2016,Germany,short,st_debt,-12.6,US$ bn,
ISD 2016,ISD 2016 PDF InvestmentsStatisti_1515159474.pdf p.11 Fig.9B,2015,Germany,short,st_debt,-2.01,US$ bn,
ISD 2016,ISD 2016 PDF InvestmentsStatisti_1515159474.pdf p.11 Fig.9B,2016,Germany,short,lt_debt,-103.18,US$ bn,
ISD 2016,ISD 2016 PDF InvestmentsStatisti_1515159474.pdf p.11 Fig.9B,2015,Germany,short,lt_debt,-26.25,US$ bn,
ISD 2016,ISD 2016 PDF InvestmentsStatisti_1515159474.pdf p.11 Fig.9B,2016,United States,short,total,-113.99,US$ bn,
ISD 2016,ISD 2016 PDF InvestmentsStatisti_1515159474.pdf p.11 Fig.9B,2015,United States,short,total,-26.83,US$ bn,
ISD 2016,ISD 2016 PDF InvestmentsStatisti_1515159474.pdf p.11 Fig.9B,2016,United States,short,equities,-17.6,US$ bn,
ISD 2016,ISD 2016 PDF InvestmentsStatisti_1515159474.pdf p.11 Fig.9B,2015,United States,short,equities,-11.72,US$ bn,
ISD 2016,ISD 2016 PDF InvestmentsStatisti_1515159474.pdf p.11 Fig.9B,2016,United States,short,st_debt,-53.05,US$ bn,
ISD 2016,ISD 2016 PDF InvestmentsStatisti_1515159474.pdf p.11 Fig.9B,2015,United States,short,st_debt,-13.95,US$ bn,
ISD 2016,ISD 2016 PDF InvestmentsStatisti_1515159474.pdf p.11 Fig.9B,2016,United States,short,lt_debt,-43.34,US$ bn,
ISD 2016,ISD 2016 PDF InvestmentsStatisti_1515159474.pdf p.11 Fig.9B,2015,United States,short,lt_debt,-1.16,US$ bn,
ISD 2016,ISD 2016 PDF InvestmentsStatisti_1515159474.pdf p.11 Fig.9B,2016,United Kingdom,short,total,-49.2,US$ bn,
ISD 2016,ISD 2016 PDF InvestmentsStatisti_1515159474.pdf p.11 Fig.9B,2015,United Kingdom,short,total,-7.27,US$ bn,
ISD 2016,ISD 2016 PDF InvestmentsStatisti_1515159474.pdf p.11 Fig.9B,2016,United Kingdom,short,equities,-0.48,US$ bn,
ISD 2016,ISD 2016 PDF InvestmentsStatisti_1515159474.pdf p.11 Fig.9B,2015,United Kingdom,short,equities,-0.03,US$ bn,
ISD 2016,ISD 2016 PDF InvestmentsStatisti_1515159474.pdf p.11 Fig.9B,2016,United Kingdom,short,st_debt,-12.28,US$ bn,
ISD 2016,ISD 2016 PDF InvestmentsStatisti_1515159474.pdf p.11 Fig.9B,2015,United Kingdom,short,st_debt,-4.59,US$ bn,
ISD 2016,ISD 2016 PDF InvestmentsStatisti_1515159474.pdf p.11 Fig.9B,2016,United Kingdom,short,lt_debt,-36.44,US$ bn,
ISD 2016,ISD 2016 PDF InvestmentsStatisti_1515159474.pdf p.11 Fig.9B,2015,United Kingdom,short,lt_debt,-2.65,US$ bn,
ISD 2016,ISD 2016 PDF InvestmentsStatisti_1515159474.pdf p.11 Fig.9B,2016,France,short,total,-45.22,US$ bn,
ISD 2016,ISD 2016 PDF InvestmentsStatisti_1515159474.pdf p.11 Fig.9B,2015,France,short,total,-3.65,US$ bn,
ISD 2016,ISD 2016 PDF InvestmentsStatisti_1515159474.pdf p.11 Fig.9B,2016,France,short,equities,-0.12,US$ bn,
ISD 2016,ISD 2016 PDF InvestmentsStatisti_1515159474.pdf p.11 Fig.9B,2015,France,short,equities,-0.03,US$ bn,
ISD 2016,ISD 2016 PDF InvestmentsStatisti_1515159474.pdf p.11 Fig.9B,2016,France,short,st_debt,-7.28,US$ bn,
ISD 2016,ISD 2016 PDF InvestmentsStatisti_1515159474.pdf p.11 Fig.9B,2015,France,short,st_debt,-1.34,US$ bn,
ISD 2016,ISD 2016 PDF InvestmentsStatisti_1515159474.pdf p.11 Fig.9B,2016,France,short,lt_debt,-37.82,US$ bn,
ISD 2016,ISD 2016 PDF InvestmentsStatisti_1515159474.pdf p.11 Fig.9B,2015,France,short,lt_debt,-2.28,US$ bn,
ISD 2016,ISD 2016 PDF InvestmentsStatisti_1515159474.pdf p.11 Fig.9B,2016,Japan,short,total,-17.23,US$ bn,
ISD 2016,ISD 2016 PDF InvestmentsStatisti_1515159474.pdf p.11 Fig.9B,2015,Japan,short,total,-2.39,US$ bn,
ISD 2016,ISD 2016 PDF InvestmentsStatisti_1515159474.pdf p.11 Fig.9B,2016,Japan,short,equities,-1.98,US$ bn,
ISD 2016,ISD 2016 PDF InvestmentsStatisti_1515159474.pdf p.11 Fig.9B,2015,Japan,short,equities,-0.87,US$ bn,
ISD 2016,ISD 2016 PDF InvestmentsStatisti_1515159474.pdf p.11 Fig.9B,2016,Japan,short,st_debt,-0.56,US$ bn,
ISD 2016,ISD 2016 PDF InvestmentsStatisti_1515159474.pdf p.11 Fig.9B,2015,Japan,short,st_debt,-0.07,US$ bn,
ISD 2016,ISD 2016 PDF InvestmentsStatisti_1515159474.pdf p.11 Fig.9B,2016,Japan,short,lt_debt,-14.69,US$ bn,
ISD 2016,ISD 2016 PDF InvestmentsStatisti_1515159474.pdf p.11 Fig.9B,2015,Japan,short,lt_debt,-1.45,US$ bn,
ISD 2016,ISD 2016 PDF InvestmentsStatisti_1515159474.pdf p.11 Fig.9B,2016,Canada,short,total,-8.11,US$ bn,
ISD 2016,ISD 2016 PDF InvestmentsStatisti_1515159474.pdf p.11 Fig.9B,2015,Canada,short,total,-3.82,US$ bn,
ISD 2016,ISD 2016 PDF InvestmentsStatisti_1515159474.pdf p.11 Fig.9B,2016,Canada,short,equities,-1.55,US$ bn,
ISD 2016,ISD 2016 PDF InvestmentsStatisti_1515159474.pdf p.11 Fig.9B,2015,Canada,short,equities,-1.45,US$ bn,
ISD 2016,ISD 2016 PDF InvestmentsStatisti_1515159474.pdf p.11 Fig.9B,2016,Canada,short,st_debt,-1.61,US$ bn,
ISD 2016,ISD 2016 PDF InvestmentsStatisti_1515159474.pdf p.11 Fig.9B,2015,Canada,short,st_debt,-1.51,US$ bn,
ISD 2016,ISD 2016 PDF InvestmentsStatisti_1515159474.pdf p.11 Fig.9B,2016,Canada,short,lt_debt,-4.95,US$ bn,
ISD 2016,ISD 2016 PDF InvestmentsStatisti_1515159474.pdf p.11 Fig.9B,2015,Canada,short,lt_debt,-0.86,US$ bn,
ISD 2016,ISD 2016 PDF InvestmentsStatisti_1515159474.pdf p.11 Fig.9B,2016,Netherlands,short,total,-5.47,US$ bn,
ISD 2016,ISD 2016 PDF InvestmentsStatisti_1515159474.pdf p.11 Fig.9B,2015,Netherlands,short,total,-0.75,US$ bn,
ISD 2016,ISD 2016 PDF InvestmentsStatisti_1515159474.pdf p.11 Fig.9B,2016,Netherlands,short,equities,-0.29,US$ bn,
ISD 2016,ISD 2016 PDF InvestmentsStatisti_1515159474.pdf p.11 Fig.9B,2015,Netherlands,short,equities,-0.16,US$ bn,
ISD 2016,ISD 2016 PDF InvestmentsStatisti_1515159474.pdf p.11 Fig.9B,2016,Netherlands,short,st_debt,-3.25,US$ bn,
ISD 2016,ISD 2016 PDF InvestmentsStatisti_1515159474.pdf p.11 Fig.9B,2015,Netherlands,short,st_debt,-0.59,US$ bn,
ISD 2016,ISD 2016 PDF InvestmentsStatisti_1515159474.pdf p.11 Fig.9B,2016,Netherlands,short,lt_debt,-1.93,US$ bn,
ISD 2016,ISD 2016 PDF InvestmentsStatisti_1515159474.pdf p.11 Fig.9B,2015,Netherlands,short,lt_debt,0.0,US$ bn,
ISD 2016,ISD 2016 PDF InvestmentsStatisti_1515159474.pdf p.11 Fig.9B,2016,China,short,total,-4.64,US$ bn,
ISD 2016,ISD 2016 PDF InvestmentsStatisti_1515159474.pdf p.11 Fig.9B,2015,China,short,total,-0.51,US$ bn,
ISD 2016,ISD 2016 PDF InvestmentsStatisti_1515159474.pdf p.11 Fig.9B,2016,China,short,equities,-4.56,US$ bn,
ISD 2016,ISD 2016 PDF InvestmentsStatisti_1515159474.pdf p.11 Fig.9B,2015,China,short,equities,-0.51,US$ bn,
ISD 2016,ISD 2016 PDF InvestmentsStatisti_1515159474.pdf p.11 Fig.9B,2016,China,short,st_debt,-0.03,US$ bn,
ISD 2016,ISD 2016 PDF InvestmentsStatisti_1515159474.pdf p.11 Fig.9B,2015,China,short,st_debt,0.0,US$ bn,
ISD 2016,ISD 2016 PDF InvestmentsStatisti_1515159474.pdf p.11 Fig.9B,2016,China,short,lt_debt,-0.05,US$ bn,
ISD 2016,ISD 2016 PDF InvestmentsStatisti_1515159474.pdf p.11 Fig.9B,2015,China,short,lt_debt,0.0,US$ bn,
ISD 2016,ISD 2016 PDF InvestmentsStatisti_1515159474.pdf p.11 Fig.9B,2016,Curacao,short,total,-0.06,US$ bn,
ISD 2016,ISD 2016 PDF InvestmentsStatisti_1515159474.pdf p.11 Fig.9B,2015,Curacao,short,total,-0.01,US$ bn,
ISD 2016,ISD 2016 PDF InvestmentsStatisti_1515159474.pdf p.11 Fig.9B,2016,Curacao,short,equities,-0.06,US$ bn,
ISD 2016,ISD 2016 PDF InvestmentsStatisti_1515159474.pdf p.11 Fig.9B,2015,Curacao,short,equities,-0.01,US$ bn,
ISD 2016,ISD 2016 PDF InvestmentsStatisti_1515159474.pdf p.11 Fig.9B,2016,Curacao,short,st_debt,0.0,US$ bn,
ISD 2016,ISD 2016 PDF InvestmentsStatisti_1515159474.pdf p.11 Fig.9B,2015,Curacao,short,st_debt,0.0,US$ bn,
ISD 2016,ISD 2016 PDF InvestmentsStatisti_1515159474.pdf p.11 Fig.9B,2016,Curacao,short,lt_debt,0.0,US$ bn,
ISD 2016,ISD 2016 PDF InvestmentsStatisti_1515159474.pdf p.11 Fig.9B,2015,Curacao,short,lt_debt,0.0,US$ bn,
ISD 2016,ISD 2016 PDF InvestmentsStatisti_1515159474.pdf p.11 Fig.9B,2016,Denmark,short,total,-0.62,US$ bn,
ISD 2016,ISD 2016 PDF InvestmentsStatisti_1515159474.pdf p.11 Fig.9B,2015,Denmark,short,total,-0.26,US$ bn,
ISD 2016,ISD 2016 PDF InvestmentsStatisti_1515159474.pdf p.11 Fig.9B,2016,Denmark,short,equities,-0.07,US$ bn,
ISD 2016,ISD 2016 PDF InvestmentsStatisti_1515159474.pdf p.11 Fig.9B,2015,Denmark,short,equities,-0.11,US$ bn,
ISD 2016,ISD 2016 PDF InvestmentsStatisti_1515159474.pdf p.11 Fig.9B,2016,Denmark,short,st_debt,-0.54,US$ bn,
ISD 2016,ISD 2016 PDF InvestmentsStatisti_1515159474.pdf p.11 Fig.9B,2015,Denmark,short,st_debt,-0.15,US$ bn,
ISD 2016,ISD 2016 PDF InvestmentsStatisti_1515159474.pdf p.11 Fig.9B,2016,Denmark,short,lt_debt,-0.01,US$ bn,
ISD 2016,ISD 2016 PDF InvestmentsStatisti_1515159474.pdf p.11 Fig.9B,2015,Denmark,short,lt_debt,0.0,US$ bn,
ISD 2016,ISD 2016 PDF InvestmentsStatisti_1515159474.pdf p.11 Fig.9B,2016,Hong Kong,short,total,-0.17,US$ bn,
ISD 2016,ISD 2016 PDF InvestmentsStatisti_1515159474.pdf p.11 Fig.9B,2015,Hong Kong,short,total,-0.27,US$ bn,
ISD 2016,ISD 2016 PDF InvestmentsStatisti_1515159474.pdf p.11 Fig.9B,2016,Hong Kong,short,equities,-0.16,US$ bn,
ISD 2016,ISD 2016 PDF InvestmentsStatisti_1515159474.pdf p.11 Fig.9B,2015,Hong Kong,short,equities,-0.27,US$ bn,
ISD 2016,ISD 2016 PDF InvestmentsStatisti_1515159474.pdf p.11 Fig.9B,2016,Hong Kong,short,st_debt,0.0,US$ bn,
ISD 2016,ISD 2016 PDF InvestmentsStatisti_1515159474.pdf p.11 Fig.9B,2015,Hong Kong,short,st_debt,0.0,US$ bn,
ISD 2016,ISD 2016 PDF InvestmentsStatisti_1515159474.pdf p.11 Fig.9B,2016,Hong Kong,short,lt_debt,-0.01,US$ bn,
ISD 2016,ISD 2016 PDF InvestmentsStatisti_1515159474.pdf p.11 Fig.9B,2015,Hong Kong,short,lt_debt,0.0,US$ bn,
ISD 2016,ISD 2016 PDF InvestmentsStatisti_1515159474.pdf p.11 Fig.9B,2016,Ireland,short,total,-0.26,US$ bn,
ISD 2016,ISD 2016 PDF InvestmentsStatisti_1515159474.pdf p.11 Fig.9B,2015,Ireland,short,total,-0.05,US$ bn,
ISD 2016,ISD 2016 PDF InvestmentsStatisti_1515159474.pdf p.11 Fig.9B,2016,Ireland,short,equities,-0.22,US$ bn,
ISD 2016,ISD 2016 PDF InvestmentsStatisti_1515159474.pdf p.11 Fig.9B,2015,Ireland,short,equities,-0.04,US$ bn,
ISD 2016,ISD 2016 PDF InvestmentsStatisti_1515159474.pdf p.11 Fig.9B,2016,Ireland,short,st_debt,0.0,US$ bn,
ISD 2016,ISD 2016 PDF InvestmentsStatisti_1515159474.pdf p.11 Fig.9B,2015,Ireland,short,st_debt,-0.01,US$ bn,
ISD 2016,ISD 2016 PDF InvestmentsStatisti_1515159474.pdf p.11 Fig.9B,2016,Ireland,short,lt_debt,-0.04,US$ bn,
ISD 2016,ISD 2016 PDF InvestmentsStatisti_1515159474.pdf p.11 Fig.9B,2015,Ireland,short,lt_debt,0.0,US$ bn,
ISD 2016,ISD 2016 PDF InvestmentsStatisti_1515159474.pdf p.11 Fig.9B,2016,Sweden,short,total,-0.29,US$ bn,
ISD 2016,ISD 2016 PDF InvestmentsStatisti_1515159474.pdf p.11 Fig.9B,2015,Sweden,short,total,-0.42,US$ bn,
ISD 2016,ISD 2016 PDF InvestmentsStatisti_1515159474.pdf p.11 Fig.9B,2016,Sweden,short,equities,-0.29,US$ bn,
ISD 2016,ISD 2016 PDF InvestmentsStatisti_1515159474.pdf p.11 Fig.9B,2015,Sweden,short,equities,-0.06,US$ bn,
ISD 2016,ISD 2016 PDF InvestmentsStatisti_1515159474.pdf p.11 Fig.9B,2016,Sweden,short,st_debt,0.0,US$ bn,
ISD 2016,ISD 2016 PDF InvestmentsStatisti_1515159474.pdf p.11 Fig.9B,2015,Sweden,short,st_debt,-0.31,US$ bn,
ISD 2016,ISD 2016 PDF InvestmentsStatisti_1515159474.pdf p.11 Fig.9B,2016,Sweden,short,lt_debt,0.0,US$ bn,
ISD 2016,ISD 2016 PDF InvestmentsStatisti_1515159474.pdf p.11 Fig.9B,2015,Sweden,short,lt_debt,-0.05,US$ bn,
ISD 2016,ISD 2016 PDF InvestmentsStatisti_1515159474.pdf p.11 Fig.9B,2016,Cayman Islands,short,total,-0.11,US$ bn,
ISD 2016,ISD 2016 PDF InvestmentsStatisti_1515159474.pdf p.11 Fig.9B,2015,Cayman Islands,short,total,-0.04,US$ bn,
ISD 2016,ISD 2016 PDF InvestmentsStatisti_1515159474.pdf p.11 Fig.9B,2016,Cayman Islands,short,equities,-0.09,US$ bn,
ISD 2016,ISD 2016 PDF InvestmentsStatisti_1515159474.pdf p.11 Fig.9B,2015,Cayman Islands,short,equities,-0.02,US$ bn,
ISD 2016,ISD 2016 PDF InvestmentsStatisti_1515159474.pdf p.11 Fig.9B,2016,Cayman Islands,short,st_debt,0.0,US$ bn,
ISD 2016,ISD 2016 PDF InvestmentsStatisti_1515159474.pdf p.11 Fig.9B,2015,Cayman Islands,short,st_debt,-0.02,US$ bn,
ISD 2016,ISD 2016 PDF InvestmentsStatisti_1515159474.pdf p.11 Fig.9B,2016,Cayman Islands,short,lt_debt,-0.02,US$ bn,
ISD 2016,ISD 2016 PDF InvestmentsStatisti_1515159474.pdf p.11 Fig.9B,2015,Cayman Islands,short,lt_debt,0.0,US$ bn,
ISD 2016,ISD 2016 PDF InvestmentsStatisti_1515159474.pdf p.11 Fig.9B,2016,British Virgin Islands,short,total,-0.02,US$ bn,
ISD 2016,ISD 2016 PDF InvestmentsStatisti_1515159474.pdf p.11 Fig.9B,2015,British Virgin Islands,short,total,0.0,US$ bn,
ISD 2016,ISD 2016 PDF InvestmentsStatisti_1515159474.pdf p.11 Fig.9B,2016,British Virgin Islands,short,equities,0.0,US$ bn,
ISD 2016,ISD 2016 PDF InvestmentsStatisti_1515159474.pdf p.11 Fig.9B,2015,British Virgin Islands,short,equities,0.0,US$ bn,
ISD 2016,ISD 2016 PDF InvestmentsStatisti_1515159474.pdf p.11 Fig.9B,2016,British Virgin Islands,short,st_debt,-0.02,US$ bn,
ISD 2016,ISD 2016 PDF InvestmentsStatisti_1515159474.pdf p.11 Fig.9B,2015,British Virgin Islands,short,st_debt,0.0,US$ bn,
ISD 2016,ISD 2016 PDF InvestmentsStatisti_1515159474.pdf p.11 Fig.9B,2016,British Virgin Islands,short,lt_debt,0.0,US$ bn,
ISD 2016,ISD 2016 PDF InvestmentsStatisti_1515159474.pdf p.11 Fig.9B,2015,British Virgin Islands,short,lt_debt,0.0,US$ bn,
ISD 2016,ISD 2016 PDF InvestmentsStatisti_1515159474.pdf p.11 Fig.9B,2016,Other Developed Countries,short,total,-16.53,US$ bn,
ISD 2016,ISD 2016 PDF InvestmentsStatisti_1515159474.pdf p.11 Fig.9B,2015,Other Developed Countries,short,total,-1.52,US$ bn,
ISD 2016,ISD 2016 PDF InvestmentsStatisti_1515159474.pdf p.11 Fig.9B,2016,Other Developed Countries,short,equities,0.0,US$ bn,
ISD 2016,ISD 2016 PDF InvestmentsStatisti_1515159474.pdf p.11 Fig.9B,2015,Other Developed Countries,short,equities,-0.63,US$ bn,
ISD 2016,ISD 2016 PDF InvestmentsStatisti_1515159474.pdf p.11 Fig.9B,2016,Other Developed Countries,short,st_debt,-16.53,US$ bn,
ISD 2016,ISD 2016 PDF InvestmentsStatisti_1515159474.pdf p.11 Fig.9B,2015,Other Developed Countries,short,st_debt,-0.1,US$ bn,
ISD 2016,ISD 2016 PDF InvestmentsStatisti_1515159474.pdf p.11 Fig.9B,2016,Other Developed Countries,short,lt_debt,0.0,US$ bn,
ISD 2016,ISD 2016 PDF InvestmentsStatisti_1515159474.pdf p.11 Fig.9B,2015,Other Developed Countries,short,lt_debt,-0.79,US$ bn,
ISD 2016,ISD 2016 PDF InvestmentsStatisti_1515159474.pdf p.11 Fig.9B,2016,Developing Latin America and the Caribbean,short,total,-1.05,US$ bn,
ISD 2016,ISD 2016 PDF InvestmentsStatisti_1515159474.pdf p.11 Fig.9B,2015,Developing Latin America and the Caribbean,short,total,-0.51,US$ bn,
ISD 2016,ISD 2016 PDF InvestmentsStatisti_1515159474.pdf p.11 Fig.9B,2016,Developing Latin America and the Caribbean,short,equities,-0.39,US$ bn,
ISD 2016,ISD 2016 PDF InvestmentsStatisti_1515159474.pdf p.11 Fig.9B,2015,Developing Latin America and the Caribbean,short,equities,-0.1,US$ bn,
ISD 2016,ISD 2016 PDF InvestmentsStatisti_1515159474.pdf p.11 Fig.9B,2016,Developing Latin America and the Caribbean,short,st_debt,-0.19,US$ bn,
ISD 2016,ISD 2016 PDF InvestmentsStatisti_1515159474.pdf p.11 Fig.9B,2015,Developing Latin America and the Caribbean,short,st_debt,-0.41,US$ bn,
ISD 2016,ISD 2016 PDF InvestmentsStatisti_1515159474.pdf p.11 Fig.9B,2016,Developing Latin America and the Caribbean,short,lt_debt,-0.47,US$ bn,
ISD 2016,ISD 2016 PDF InvestmentsStatisti_1515159474.pdf p.11 Fig.9B,2015,Developing Latin America and the Caribbean,short,lt_debt,0.0,US$ bn,
ISD 2016,ISD 2016 PDF InvestmentsStatisti_1515159474.pdf p.11 Fig.9B,2016,Other Offshore Centres,short,total,-0.2,US$ bn,
ISD 2016,ISD 2016 PDF InvestmentsStatisti_1515159474.pdf p.11 Fig.9B,2015,Other Offshore Centres,short,total,-0.77,US$ bn,
ISD 2016,ISD 2016 PDF InvestmentsStatisti_1515159474.pdf p.11 Fig.9B,2016,Other Offshore Centres,short,equities,-0.2,US$ bn,
ISD 2016,ISD 2016 PDF InvestmentsStatisti_1515159474.pdf p.11 Fig.9B,2015,Other Offshore Centres,short,equities,-0.76,US$ bn,
ISD 2016,ISD 2016 PDF InvestmentsStatisti_1515159474.pdf p.11 Fig.9B,2016,Other Offshore Centres,short,st_debt,0.0,US$ bn,
ISD 2016,ISD 2016 PDF InvestmentsStatisti_1515159474.pdf p.11 Fig.9B,2015,Other Offshore Centres,short,st_debt,-0.01,US$ bn,
ISD 2016,ISD 2016 PDF InvestmentsStatisti_1515159474.pdf p.11 Fig.9B,2016,Other Offshore Centres,short,lt_debt,0.0,US$ bn,
ISD 2016,ISD 2016 PDF InvestmentsStatisti_1515159474.pdf p.11 Fig.9B,2015,Other Offshore Centres,short,lt_debt,0.0,US$ bn,
ISD 2016,ISD 2016 PDF InvestmentsStatisti_1515159474.pdf p.11 Fig.9B,2016,Developing Europe,short,total,-0.14,US$ bn,
ISD 2016,ISD 2016 PDF InvestmentsStatisti_1515159474.pdf p.11 Fig.9B,2015,Developing Europe,short,total,-0.01,US$ bn,
ISD 2016,ISD 2016 PDF InvestmentsStatisti_1515159474.pdf p.11 Fig.9B,2016,Developing Europe,short,equities,-0.11,US$ bn,
ISD 2016,ISD 2016 PDF InvestmentsStatisti_1515159474.pdf p.11 Fig.9B,2015,Developing Europe,short,equities,0.0,US$ bn,
ISD 2016,ISD 2016 PDF InvestmentsStatisti_1515159474.pdf p.11 Fig.9B,2016,Developing Europe,short,st_debt,-0.03,US$ bn,
ISD 2016,ISD 2016 PDF InvestmentsStatisti_1515159474.pdf p.11 Fig.9B,2015,Developing Europe,short,st_debt,0.0,US$ bn,
ISD 2016,ISD 2016 PDF InvestmentsStatisti_1515159474.pdf p.11 Fig.9B,2016,Developing Europe,short,lt_debt,0.0,US$ bn,
ISD 2016,ISD 2016 PDF InvestmentsStatisti_1515159474.pdf p.11 Fig.9B,2015,Developing Europe,short,lt_debt,-0.01,US$ bn,
ISD 2016,ISD 2016 PDF InvestmentsStatisti_1515159474.pdf p.11 Fig.9B,2016,Developing Africa and the Middle East,short,total,-0.14,US$ bn,
ISD 2016,ISD 2016 PDF InvestmentsStatisti_1515159474.pdf p.11 Fig.9B,2015,Developing Africa and the Middle East,short,total,-0.03,US$ bn,
ISD 2016,ISD 2016 PDF InvestmentsStatisti_1515159474.pdf p.11 Fig.9B,2016,Developing Africa and the Middle East,short,equities,-0.1,US$ bn,
ISD 2016,ISD 2016 PDF InvestmentsStatisti_1515159474.pdf p.11 Fig.9B,2015,Developing Africa and the Middle East,short,equities,-0.02,US$ bn,
ISD 2016,ISD 2016 PDF InvestmentsStatisti_1515159474.pdf p.11 Fig.9B,2016,Developing Africa and the Middle East,short,st_debt,-0.02,US$ bn,
ISD 2016,ISD 2016 PDF InvestmentsStatisti_1515159474.pdf p.11 Fig.9B,2015,Developing Africa and the Middle East,short,st_debt,-0.01,US$ bn,
ISD 2016,ISD 2016 PDF InvestmentsStatisti_1515159474.pdf p.11 Fig.9B,2016,Developing Africa and the Middle East,short,lt_debt,-0.02,US$ bn,
ISD 2016,ISD 2016 PDF InvestmentsStatisti_1515159474.pdf p.11 Fig.9B,2015,Developing Africa and the Middle East,short,lt_debt,0.0,US$ bn,
ISD 2016,ISD 2016 PDF InvestmentsStatisti_1515159474.pdf p.11 Fig.9B,2016,Developing Asia and the Pacific,short,total,-0.14,US$ bn,
ISD 2016,ISD 2016 PDF InvestmentsStatisti_1515159474.pdf p.11 Fig.9B,2015,Developing Asia and the Pacific,short,total,-0.6,US$ bn,
ISD 2016,ISD 2016 PDF InvestmentsStatisti_1515159474.pdf p.11 Fig.9B,2016,Developing Asia and the Pacific,short,equities,-0.1,US$ bn,
ISD 2016,ISD 2016 PDF InvestmentsStatisti_1515159474.pdf p.11 Fig.9B,2015,Developing Asia and the Pacific,short,equities,-0.57,US$ bn,
ISD 2016,ISD 2016 PDF InvestmentsStatisti_1515159474.pdf p.11 Fig.9B,2016,Developing Asia and the Pacific,short,st_debt,-0.01,US$ bn,
ISD 2016,ISD 2016 PDF InvestmentsStatisti_1515159474.pdf p.11 Fig.9B,2015,Developing Asia and the Pacific,short,st_debt,-0.02,US$ bn,
ISD 2016,ISD 2016 PDF InvestmentsStatisti_1515159474.pdf p.11 Fig.9B,2016,Developing Asia and the Pacific,short,lt_debt,-0.03,US$ bn,
ISD 2016,ISD 2016 PDF InvestmentsStatisti_1515159474.pdf p.11 Fig.9B,2015,Developing Asia and the Pacific,short,lt_debt,-0.01,US$ bn,
ISD 2016,ISD 2016 PDF InvestmentsStatisti_1515159474.pdf p.11 Fig.9B,2016,Total,short,total,-380.0,US$ bn,
ISD 2016,ISD 2016 PDF InvestmentsStatisti_1515159474.pdf p.11 Fig.9B,2015,Total,short,total,-79.56,US$ bn,
ISD 2016,ISD 2016 PDF InvestmentsStatisti_1515159474.pdf p.11 Fig.9B,2016,Total,short,equities,-29.0,US$ bn,
ISD 2016,ISD 2016 PDF InvestmentsStatisti_1515159474.pdf p.11 Fig.9B,2015,Total,short,equities,-18.93,US$ bn,
ISD 2016,ISD 2016 PDF InvestmentsStatisti_1515159474.pdf p.11 Fig.9B,2016,Total,short,st_debt,-108.0,US$ bn,
ISD 2016,ISD 2016 PDF InvestmentsStatisti_1515159474.pdf p.11 Fig.9B,2015,Total,short,st_debt,-25.11,US$ bn,
ISD 2016,ISD 2016 PDF InvestmentsStatisti_1515159474.pdf p.11 Fig.9B,2016,Total,short,lt_debt,-243.0,US$ bn,
ISD 2016,ISD 2016 PDF InvestmentsStatisti_1515159474.pdf p.11 Fig.9B,2015,Total,short,lt_debt,-35.52,US$ bn,
ISD 2017,ISD 2017 PDF InvestmentsStatisti_1546272735.pdf p.10 Fig.9,2017,United States,long,total,1312.0,US$ bn,
ISD 2017,ISD 2017 PDF InvestmentsStatisti_1546272735.pdf p.10 Fig.9,2016,United States,long,total,1168.0,US$ bn,
ISD 2017,ISD 2017 PDF InvestmentsStatisti_1546272735.pdf p.10 Fig.9,2017,United States,long,equities,473.0,US$ bn,
ISD 2017,ISD 2017 PDF InvestmentsStatisti_1546272735.pdf p.10 Fig.9,2016,United States,long,equities,333.0,US$ bn,
ISD 2017,ISD 2017 PDF InvestmentsStatisti_1546272735.pdf p.10 Fig.9,2017,United States,long,master_funds,126.0,US$ bn,
ISD 2017,ISD 2017 PDF InvestmentsStatisti_1546272735.pdf p.10 Fig.9,2016,United States,long,master_funds,111.0,US$ bn,
ISD 2017,ISD 2017 PDF InvestmentsStatisti_1546272735.pdf p.10 Fig.9,2017,United States,long,st_debt,107.0,US$ bn,
ISD 2017,ISD 2017 PDF InvestmentsStatisti_1546272735.pdf p.10 Fig.9,2016,United States,long,st_debt,64.0,US$ bn,
ISD 2017,ISD 2017 PDF InvestmentsStatisti_1546272735.pdf p.10 Fig.9,2017,United States,long,lt_debt,606.0,US$ bn,
ISD 2017,ISD 2017 PDF InvestmentsStatisti_1546272735.pdf p.10 Fig.9,2016,United States,long,lt_debt,660.0,US$ bn,
ISD 2017,ISD 2017 PDF InvestmentsStatisti_1546272735.pdf p.10 Fig.9,2017,Cayman Islands,long,total,1180.0,US$ bn,
ISD 2017,ISD 2017 PDF InvestmentsStatisti_1546272735.pdf p.10 Fig.9,2016,Cayman Islands,long,total,1060.0,US$ bn,
ISD 2017,ISD 2017 PDF InvestmentsStatisti_1546272735.pdf p.10 Fig.9,2017,Cayman Islands,long,equities,101.0,US$ bn,
ISD 2017,ISD 2017 PDF InvestmentsStatisti_1546272735.pdf p.10 Fig.9,2016,Cayman Islands,long,equities,78.0,US$ bn,
ISD 2017,ISD 2017 PDF InvestmentsStatisti_1546272735.pdf p.10 Fig.9,2017,Cayman Islands,long,master_funds,1068.0,US$ bn,
ISD 2017,ISD 2017 PDF InvestmentsStatisti_1546272735.pdf p.10 Fig.9,2016,Cayman Islands,long,master_funds,970.0,US$ bn,
ISD 2017,ISD 2017 PDF InvestmentsStatisti_1546272735.pdf p.10 Fig.9,2017,Cayman Islands,long,st_debt,0.0,US$ bn,
ISD 2017,ISD 2017 PDF InvestmentsStatisti_1546272735.pdf p.10 Fig.9,2016,Cayman Islands,long,st_debt,0.0,US$ bn,
ISD 2017,ISD 2017 PDF InvestmentsStatisti_1546272735.pdf p.10 Fig.9,2017,Cayman Islands,long,lt_debt,11.0,US$ bn,
ISD 2017,ISD 2017 PDF InvestmentsStatisti_1546272735.pdf p.10 Fig.9,2016,Cayman Islands,long,lt_debt,12.0,US$ bn,
ISD 2017,ISD 2017 PDF InvestmentsStatisti_1546272735.pdf p.10 Fig.9,2017,United Kingdom,long,total,71.0,US$ bn,
ISD 2017,ISD 2017 PDF InvestmentsStatisti_1546272735.pdf p.10 Fig.9,2016,United Kingdom,long,total,78.0,US$ bn,
ISD 2017,ISD 2017 PDF InvestmentsStatisti_1546272735.pdf p.10 Fig.9,2017,United Kingdom,long,equities,18.0,US$ bn,
ISD 2017,ISD 2017 PDF InvestmentsStatisti_1546272735.pdf p.10 Fig.9,2016,United Kingdom,long,equities,17.0,US$ bn,
ISD 2017,ISD 2017 PDF InvestmentsStatisti_1546272735.pdf p.10 Fig.9,2017,United Kingdom,long,master_funds,0.0,US$ bn,
ISD 2017,ISD 2017 PDF InvestmentsStatisti_1546272735.pdf p.10 Fig.9,2016,United Kingdom,long,master_funds,1.0,US$ bn,
ISD 2017,ISD 2017 PDF InvestmentsStatisti_1546272735.pdf p.10 Fig.9,2017,United Kingdom,long,st_debt,21.0,US$ bn,
ISD 2017,ISD 2017 PDF InvestmentsStatisti_1546272735.pdf p.10 Fig.9,2016,United Kingdom,long,st_debt,24.0,US$ bn,
ISD 2017,ISD 2017 PDF InvestmentsStatisti_1546272735.pdf p.10 Fig.9,2017,United Kingdom,long,lt_debt,32.0,US$ bn,
ISD 2017,ISD 2017 PDF InvestmentsStatisti_1546272735.pdf p.10 Fig.9,2016,United Kingdom,long,lt_debt,36.0,US$ bn,
ISD 2017,ISD 2017 PDF InvestmentsStatisti_1546272735.pdf p.10 Fig.9,2017,Japan,long,total,60.0,US$ bn,
ISD 2017,ISD 2017 PDF InvestmentsStatisti_1546272735.pdf p.10 Fig.9,2016,Japan,long,total,69.0,US$ bn,
ISD 2017,ISD 2017 PDF InvestmentsStatisti_1546272735.pdf p.10 Fig.9,2017,Japan,long,equities,44.0,US$ bn,
ISD 2017,ISD 2017 PDF InvestmentsStatisti_1546272735.pdf p.10 Fig.9,2016,Japan,long,equities,34.0,US$ bn,
ISD 2017,ISD 2017 PDF InvestmentsStatisti_1546272735.pdf p.10 Fig.9,2017,Japan,long,master_funds,1.0,US$ bn,
ISD 2017,ISD 2017 PDF InvestmentsStatisti_1546272735.pdf p.10 Fig.9,2016,Japan,long,master_funds,1.0,US$ bn,
ISD 2017,ISD 2017 PDF InvestmentsStatisti_1546272735.pdf p.10 Fig.9,2017,Japan,long,st_debt,7.0,US$ bn,
ISD 2017,ISD 2017 PDF InvestmentsStatisti_1546272735.pdf p.10 Fig.9,2016,Japan,long,st_debt,11.0,US$ bn,
ISD 2017,ISD 2017 PDF InvestmentsStatisti_1546272735.pdf p.10 Fig.9,2017,Japan,long,lt_debt,8.0,US$ bn,
ISD 2017,ISD 2017 PDF InvestmentsStatisti_1546272735.pdf p.10 Fig.9,2016,Japan,long,lt_debt,23.0,US$ bn,
ISD 2017,ISD 2017 PDF InvestmentsStatisti_1546272735.pdf p.10 Fig.9,2017,China,long,total,53.0,US$ bn,
ISD 2017,ISD 2017 PDF InvestmentsStatisti_1546272735.pdf p.10 Fig.9,2016,China,long,total,30.0,US$ bn,
ISD 2017,ISD 2017 PDF InvestmentsStatisti_1546272735.pdf p.10 Fig.9,2017,China,long,equities,42.0,US$ bn,
ISD 2017,ISD 2017 PDF InvestmentsStatisti_1546272735.pdf p.10 Fig.9,2016,China,long,equities,23.0,US$ bn,
ISD 2017,ISD 2017 PDF InvestmentsStatisti_1546272735.pdf p.10 Fig.9,2017,China,long,master_funds,0.0,US$ bn,
ISD 2017,ISD 2017 PDF InvestmentsStatisti_1546272735.pdf p.10 Fig.9,2016,China,long,master_funds,0.0,US$ bn,
ISD 2017,ISD 2017 PDF InvestmentsStatisti_1546272735.pdf p.10 Fig.9,2017,China,long,st_debt,2.0,US$ bn,
ISD 2017,ISD 2017 PDF InvestmentsStatisti_1546272735.pdf p.10 Fig.9,2016,China,long,st_debt,0.0,US$ bn,
ISD 2017,ISD 2017 PDF InvestmentsStatisti_1546272735.pdf p.10 Fig.9,2017,China,long,lt_debt,9.0,US$ bn,
ISD 2017,ISD 2017 PDF InvestmentsStatisti_1546272735.pdf p.10 Fig.9,2016,China,long,lt_debt,7.0,US$ bn,
ISD 2017,ISD 2017 PDF InvestmentsStatisti_1546272735.pdf p.10 Fig.9,2017,British Virgin Islands,long,total,43.0,US$ bn,
ISD 2017,ISD 2017 PDF InvestmentsStatisti_1546272735.pdf p.10 Fig.9,2016,British Virgin Islands,long,total,41.0,US$ bn,
ISD 2017,ISD 2017 PDF InvestmentsStatisti_1546272735.pdf p.10 Fig.9,2017,British Virgin Islands,long,equities,5.0,US$ bn,
ISD 2017,ISD 2017 PDF InvestmentsStatisti_1546272735.pdf p.10 Fig.9,2016,British Virgin Islands,long,equities,5.0,US$ bn,
ISD 2017,ISD 2017 PDF InvestmentsStatisti_1546272735.pdf p.10 Fig.9,2017,British Virgin Islands,long,master_funds,36.0,US$ bn,
ISD 2017,ISD 2017 PDF InvestmentsStatisti_1546272735.pdf p.10 Fig.9,2016,British Virgin Islands,long,master_funds,35.0,US$ bn,
ISD 2017,ISD 2017 PDF InvestmentsStatisti_1546272735.pdf p.10 Fig.9,2017,British Virgin Islands,long,st_debt,0.0,US$ bn,
ISD 2017,ISD 2017 PDF InvestmentsStatisti_1546272735.pdf p.10 Fig.9,2016,British Virgin Islands,long,st_debt,0.0,US$ bn,
ISD 2017,ISD 2017 PDF InvestmentsStatisti_1546272735.pdf p.10 Fig.9,2017,British Virgin Islands,long,lt_debt,2.0,US$ bn,
ISD 2017,ISD 2017 PDF InvestmentsStatisti_1546272735.pdf p.10 Fig.9,2016,British Virgin Islands,long,lt_debt,1.0,US$ bn,
ISD 2017,ISD 2017 PDF InvestmentsStatisti_1546272735.pdf p.10 Fig.9,2017,France,long,total,40.0,US$ bn,
ISD 2017,ISD 2017 PDF InvestmentsStatisti_1546272735.pdf p.10 Fig.9,2016,France,long,total,36.0,US$ bn,
ISD 2017,ISD 2017 PDF InvestmentsStatisti_1546272735.pdf p.10 Fig.9,2017,France,long,equities,8.0,US$ bn,
ISD 2017,ISD 2017 PDF InvestmentsStatisti_1546272735.pdf p.10 Fig.9,2016,France,long,equities,5.0,US$ bn,
ISD 2017,ISD 2017 PDF InvestmentsStatisti_1546272735.pdf p.10 Fig.9,2017,France,long,master_funds,0.0,US$ bn,
ISD 2017,ISD 2017 PDF InvestmentsStatisti_1546272735.pdf p.10 Fig.9,2016,France,long,master_funds,0.0,US$ bn,
ISD 2017,ISD 2017 PDF InvestmentsStatisti_1546272735.pdf p.10 Fig.9,2017,France,long,st_debt,15.0,US$ bn,
ISD 2017,ISD 2017 PDF InvestmentsStatisti_1546272735.pdf p.10 Fig.9,2016,France,long,st_debt,14.0,US$ bn,
ISD 2017,ISD 2017 PDF InvestmentsStatisti_1546272735.pdf p.10 Fig.9,2017,France,long,lt_debt,17.0,US$ bn,
ISD 2017,ISD 2017 PDF InvestmentsStatisti_1546272735.pdf p.10 Fig.9,2016,France,long,lt_debt,17.0,US$ bn,
ISD 2017,ISD 2017 PDF InvestmentsStatisti_1546272735.pdf p.10 Fig.9,2017,Netherlands,long,total,29.0,US$ bn,
ISD 2017,ISD 2017 PDF InvestmentsStatisti_1546272735.pdf p.10 Fig.9,2016,Netherlands,long,total,18.0,US$ bn,
ISD 2017,ISD 2017 PDF InvestmentsStatisti_1546272735.pdf p.10 Fig.9,2017,Netherlands,long,equities,8.0,US$ bn,
ISD 2017,ISD 2017 PDF InvestmentsStatisti_1546272735.pdf p.10 Fig.9,2016,Netherlands,long,equities,8.0,US$ bn,
ISD 2017,ISD 2017 PDF InvestmentsStatisti_1546272735.pdf p.10 Fig.9,2017,Netherlands,long,master_funds,0.0,US$ bn,
ISD 2017,ISD 2017 PDF InvestmentsStatisti_1546272735.pdf p.10 Fig.9,2016,Netherlands,long,master_funds,0.0,US$ bn,
ISD 2017,ISD 2017 PDF InvestmentsStatisti_1546272735.pdf p.10 Fig.9,2017,Netherlands,long,st_debt,8.0,US$ bn,
ISD 2017,ISD 2017 PDF InvestmentsStatisti_1546272735.pdf p.10 Fig.9,2016,Netherlands,long,st_debt,1.0,US$ bn,
ISD 2017,ISD 2017 PDF InvestmentsStatisti_1546272735.pdf p.10 Fig.9,2017,Netherlands,long,lt_debt,13.0,US$ bn,
ISD 2017,ISD 2017 PDF InvestmentsStatisti_1546272735.pdf p.10 Fig.9,2016,Netherlands,long,lt_debt,9.0,US$ bn,
ISD 2017,ISD 2017 PDF InvestmentsStatisti_1546272735.pdf p.10 Fig.9,2017,Hong Kong,long,total,25.0,US$ bn,
ISD 2017,ISD 2017 PDF InvestmentsStatisti_1546272735.pdf p.10 Fig.9,2016,Hong Kong,long,total,17.0,US$ bn,
ISD 2017,ISD 2017 PDF InvestmentsStatisti_1546272735.pdf p.10 Fig.9,2017,Hong Kong,long,equities,19.0,US$ bn,
ISD 2017,ISD 2017 PDF InvestmentsStatisti_1546272735.pdf p.10 Fig.9,2016,Hong Kong,long,equities,12.0,US$ bn,
ISD 2017,ISD 2017 PDF InvestmentsStatisti_1546272735.pdf p.10 Fig.9,2017,Hong Kong,long,master_funds,0.0,US$ bn,
ISD 2017,ISD 2017 PDF InvestmentsStatisti_1546272735.pdf p.10 Fig.9,2016,Hong Kong,long,master_funds,0.0,US$ bn,
ISD 2017,ISD 2017 PDF InvestmentsStatisti_1546272735.pdf p.10 Fig.9,2017,Hong Kong,long,st_debt,1.0,US$ bn,
ISD 2017,ISD 2017 PDF InvestmentsStatisti_1546272735.pdf p.10 Fig.9,2016,Hong Kong,long,st_debt,0.0,US$ bn,
ISD 2017,ISD 2017 PDF InvestmentsStatisti_1546272735.pdf p.10 Fig.9,2017,Hong Kong,long,lt_debt,5.0,US$ bn,
ISD 2017,ISD 2017 PDF InvestmentsStatisti_1546272735.pdf p.10 Fig.9,2016,Hong Kong,long,lt_debt,5.0,US$ bn,
ISD 2017,ISD 2017 PDF InvestmentsStatisti_1546272735.pdf p.10 Fig.9,2017,Ireland,long,total,21.0,US$ bn,
ISD 2017,ISD 2017 PDF InvestmentsStatisti_1546272735.pdf p.10 Fig.9,2016,Ireland,long,total,18.0,US$ bn,
ISD 2017,ISD 2017 PDF InvestmentsStatisti_1546272735.pdf p.10 Fig.9,2017,Ireland,long,equities,12.0,US$ bn,
ISD 2017,ISD 2017 PDF InvestmentsStatisti_1546272735.pdf p.10 Fig.9,2016,Ireland,long,equities,10.0,US$ bn,
ISD 2017,ISD 2017 PDF InvestmentsStatisti_1546272735.pdf p.10 Fig.9,2017,Ireland,long,master_funds,7.0,US$ bn,
ISD 2017,ISD 2017 PDF InvestmentsStatisti_1546272735.pdf p.10 Fig.9,2016,Ireland,long,master_funds,6.0,US$ bn,
ISD 2017,ISD 2017 PDF InvestmentsStatisti_1546272735.pdf p.10 Fig.9,2017,Ireland,long,st_debt,0.0,US$ bn,
ISD 2017,ISD 2017 PDF InvestmentsStatisti_1546272735.pdf p.10 Fig.9,2016,Ireland,long,st_debt,0.0,US$ bn,
ISD 2017,ISD 2017 PDF InvestmentsStatisti_1546272735.pdf p.10 Fig.9,2017,Ireland,long,lt_debt,2.0,US$ bn,
ISD 2017,ISD 2017 PDF InvestmentsStatisti_1546272735.pdf p.10 Fig.9,2016,Ireland,long,lt_debt,2.0,US$ bn,
ISD 2017,ISD 2017 PDF InvestmentsStatisti_1546272735.pdf p.10 Fig.9,2017,Germany,long,total,20.0,US$ bn,
ISD 2017,ISD 2017 PDF InvestmentsStatisti_1546272735.pdf p.10 Fig.9,2016,Germany,long,total,52.0,US$ bn,
ISD 2017,ISD 2017 PDF InvestmentsStatisti_1546272735.pdf p.10 Fig.9,2017,Germany,long,equities,9.0,US$ bn,
ISD 2017,ISD 2017 PDF InvestmentsStatisti_1546272735.pdf p.10 Fig.9,2016,Germany,long,equities,7.0,US$ bn,
ISD 2017,ISD 2017 PDF InvestmentsStatisti_1546272735.pdf p.10 Fig.9,2017,Germany,long,master_funds,0.0,US$ bn,
ISD 2017,ISD 2017 PDF InvestmentsStatisti_1546272735.pdf p.10 Fig.9,2016,Germany,long,master_funds,0.0,US$ bn,
ISD 2017,ISD 2017 PDF InvestmentsStatisti_1546272735.pdf p.10 Fig.9,2017,Germany,long,st_debt,3.0,US$ bn,
ISD 2017,ISD 2017 PDF InvestmentsStatisti_1546272735.pdf p.10 Fig.9,2016,Germany,long,st_debt,26.0,US$ bn,
ISD 2017,ISD 2017 PDF InvestmentsStatisti_1546272735.pdf p.10 Fig.9,2017,Germany,long,lt_debt,8.0,US$ bn,
ISD 2017,ISD 2017 PDF InvestmentsStatisti_1546272735.pdf p.10 Fig.9,2016,Germany,long,lt_debt,19.0,US$ bn,
ISD 2017,ISD 2017 PDF InvestmentsStatisti_1546272735.pdf p.10 Fig.9,2017,Canada,long,total,16.0,US$ bn,
ISD 2017,ISD 2017 PDF InvestmentsStatisti_1546272735.pdf p.10 Fig.9,2016,Canada,long,total,31.0,US$ bn,
ISD 2017,ISD 2017 PDF InvestmentsStatisti_1546272735.pdf p.10 Fig.9,2017,Canada,long,equities,6.0,US$ bn,
ISD 2017,ISD 2017 PDF InvestmentsStatisti_1546272735.pdf p.10 Fig.9,2016,Canada,long,equities,8.0,US$ bn,
ISD 2017,ISD 2017 PDF InvestmentsStatisti_1546272735.pdf p.10 Fig.9,2017,Canada,long,master_funds,0.0,US$ bn,
ISD 2017,ISD 2017 PDF InvestmentsStatisti_1546272735.pdf p.10 Fig.9,2016,Canada,long,master_funds,0.0,US$ bn,
ISD 2017,ISD 2017 PDF InvestmentsStatisti_1546272735.pdf p.10 Fig.9,2017,Canada,long,st_debt,2.0,US$ bn,
ISD 2017,ISD 2017 PDF InvestmentsStatisti_1546272735.pdf p.10 Fig.9,2016,Canada,long,st_debt,5.0,US$ bn,
ISD 2017,ISD 2017 PDF InvestmentsStatisti_1546272735.pdf p.10 Fig.9,2017,Canada,long,lt_debt,8.0,US$ bn,
ISD 2017,ISD 2017 PDF InvestmentsStatisti_1546272735.pdf p.10 Fig.9,2016,Canada,long,lt_debt,18.0,US$ bn,
ISD 2017,ISD 2017 PDF InvestmentsStatisti_1546272735.pdf p.10 Fig.9,2017,Curacao,long,total,16.0,US$ bn,
ISD 2017,ISD 2017 PDF InvestmentsStatisti_1546272735.pdf p.10 Fig.9,2016,Curacao,long,total,18.0,US$ bn,
ISD 2017,ISD 2017 PDF InvestmentsStatisti_1546272735.pdf p.10 Fig.9,2017,Curacao,long,equities,0.0,US$ bn,
ISD 2017,ISD 2017 PDF InvestmentsStatisti_1546272735.pdf p.10 Fig.9,2016,Curacao,long,equities,0.0,US$ bn,
ISD 2017,ISD 2017 PDF InvestmentsStatisti_1546272735.pdf p.10 Fig.9,2017,Curacao,long,master_funds,16.0,US$ bn,
ISD 2017,ISD 2017 PDF InvestmentsStatisti_1546272735.pdf p.10 Fig.9,2016,Curacao,long,master_funds,18.0,US$ bn,
ISD 2017,ISD 2017 PDF InvestmentsStatisti_1546272735.pdf p.10 Fig.9,2017,Curacao,long,st_debt,0.0,US$ bn,
ISD 2017,ISD 2017 PDF InvestmentsStatisti_1546272735.pdf p.10 Fig.9,2016,Curacao,long,st_debt,0.0,US$ bn,
ISD 2017,ISD 2017 PDF InvestmentsStatisti_1546272735.pdf p.10 Fig.9,2017,Curacao,long,lt_debt,0.0,US$ bn,
ISD 2017,ISD 2017 PDF InvestmentsStatisti_1546272735.pdf p.10 Fig.9,2016,Curacao,long,lt_debt,0.0,US$ bn,
ISD 2017,ISD 2017 PDF InvestmentsStatisti_1546272735.pdf p.10 Fig.9,2017,Denmark,long,total,4.0,US$ bn,
ISD 2017,ISD 2017 PDF InvestmentsStatisti_1546272735.pdf p.10 Fig.9,2016,Denmark,long,total,6.0,US$ bn,
ISD 2017,ISD 2017 PDF InvestmentsStatisti_1546272735.pdf p.10 Fig.9,2017,Denmark,long,equities,2.0,US$ bn,
ISD 2017,ISD 2017 PDF InvestmentsStatisti_1546272735.pdf p.10 Fig.9,2016,Denmark,long,equities,3.0,US$ bn,
ISD 2017,ISD 2017 PDF InvestmentsStatisti_1546272735.pdf p.10 Fig.9,2017,Denmark,long,master_funds,0.0,US$ bn,
ISD 2017,ISD 2017 PDF InvestmentsStatisti_1546272735.pdf p.10 Fig.9,2016,Denmark,long,master_funds,0.0,US$ bn,
ISD 2017,ISD 2017 PDF InvestmentsStatisti_1546272735.pdf p.10 Fig.9,2017,Denmark,long,st_debt,0.0,US$ bn,
ISD 2017,ISD 2017 PDF InvestmentsStatisti_1546272735.pdf p.10 Fig.9,2016,Denmark,long,st_debt,0.0,US$ bn,
ISD 2017,ISD 2017 PDF InvestmentsStatisti_1546272735.pdf p.10 Fig.9,2017,Denmark,long,lt_debt,2.0,US$ bn,
ISD 2017,ISD 2017 PDF InvestmentsStatisti_1546272735.pdf p.10 Fig.9,2016,Denmark,long,lt_debt,3.0,US$ bn,
ISD 2017,ISD 2017 PDF InvestmentsStatisti_1546272735.pdf p.10 Fig.9,2017,Sweden,long,total,1.0,US$ bn,
ISD 2017,ISD 2017 PDF InvestmentsStatisti_1546272735.pdf p.10 Fig.9,2016,Sweden,long,total,7.0,US$ bn,
ISD 2017,ISD 2017 PDF InvestmentsStatisti_1546272735.pdf p.10 Fig.9,2017,Sweden,long,equities,0.0,US$ bn,
ISD 2017,ISD 2017 PDF InvestmentsStatisti_1546272735.pdf p.10 Fig.9,2016,Sweden,long,equities,2.0,US$ bn,
ISD 2017,ISD 2017 PDF InvestmentsStatisti_1546272735.pdf p.10 Fig.9,2017,Sweden,long,master_funds,0.0,US$ bn,
ISD 2017,ISD 2017 PDF InvestmentsStatisti_1546272735.pdf p.10 Fig.9,2016,Sweden,long,master_funds,0.0,US$ bn,
ISD 2017,ISD 2017 PDF InvestmentsStatisti_1546272735.pdf p.10 Fig.9,2017,Sweden,long,st_debt,0.0,US$ bn,
ISD 2017,ISD 2017 PDF InvestmentsStatisti_1546272735.pdf p.10 Fig.9,2016,Sweden,long,st_debt,0.0,US$ bn,
ISD 2017,ISD 2017 PDF InvestmentsStatisti_1546272735.pdf p.10 Fig.9,2017,Sweden,long,lt_debt,1.0,US$ bn,
ISD 2017,ISD 2017 PDF InvestmentsStatisti_1546272735.pdf p.10 Fig.9,2016,Sweden,long,lt_debt,5.0,US$ bn,
ISD 2017,ISD 2017 PDF InvestmentsStatisti_1546272735.pdf p.10 Fig.9,2017,Other Developed Countries,long,total,86.0,US$ bn,
ISD 2017,ISD 2017 PDF InvestmentsStatisti_1546272735.pdf p.10 Fig.9,2016,Other Developed Countries,long,total,64.0,US$ bn,
ISD 2017,ISD 2017 PDF InvestmentsStatisti_1546272735.pdf p.10 Fig.9,2017,Other Developed Countries,long,equities,24.0,US$ bn,
ISD 2017,ISD 2017 PDF InvestmentsStatisti_1546272735.pdf p.10 Fig.9,2016,Other Developed Countries,long,equities,19.0,US$ bn,
ISD 2017,ISD 2017 PDF InvestmentsStatisti_1546272735.pdf p.10 Fig.9,2017,Other Developed Countries,long,master_funds,8.0,US$ bn,
ISD 2017,ISD 2017 PDF InvestmentsStatisti_1546272735.pdf p.10 Fig.9,2016,Other Developed Countries,long,master_funds,7.0,US$ bn,
ISD 2017,ISD 2017 PDF InvestmentsStatisti_1546272735.pdf p.10 Fig.9,2017,Other Developed Countries,long,st_debt,11.0,US$ bn,
ISD 2017,ISD 2017 PDF InvestmentsStatisti_1546272735.pdf p.10 Fig.9,2016,Other Developed Countries,long,st_debt,2.0,US$ bn,
ISD 2017,ISD 2017 PDF InvestmentsStatisti_1546272735.pdf p.10 Fig.9,2017,Other Developed Countries,long,lt_debt,43.0,US$ bn,
ISD 2017,ISD 2017 PDF InvestmentsStatisti_1546272735.pdf p.10 Fig.9,2016,Other Developed Countries,long,lt_debt,36.0,US$ bn,
ISD 2017,ISD 2017 PDF InvestmentsStatisti_1546272735.pdf p.10 Fig.9,2017,Developing Asia and the Pacific,long,total,25.0,US$ bn,
ISD 2017,ISD 2017 PDF InvestmentsStatisti_1546272735.pdf p.10 Fig.9,2016,Developing Asia and the Pacific,long,total,19.0,US$ bn,
ISD 2017,ISD 2017 PDF InvestmentsStatisti_1546272735.pdf p.10 Fig.9,2017,Developing Asia and the Pacific,long,equities,17.0,US$ bn,
ISD 2017,ISD 2017 PDF InvestmentsStatisti_1546272735.pdf p.10 Fig.9,2016,Developing Asia and the Pacific,long,equities,11.0,US$ bn,
ISD 2017,ISD 2017 PDF InvestmentsStatisti_1546272735.pdf p.10 Fig.9,2017,Developing Asia and the Pacific,long,master_funds,0.0,US$ bn,
ISD 2017,ISD 2017 PDF InvestmentsStatisti_1546272735.pdf p.10 Fig.9,2016,Developing Asia and the Pacific,long,master_funds,0.0,US$ bn,
ISD 2017,ISD 2017 PDF InvestmentsStatisti_1546272735.pdf p.10 Fig.9,2017,Developing Asia and the Pacific,long,st_debt,1.0,US$ bn,
ISD 2017,ISD 2017 PDF InvestmentsStatisti_1546272735.pdf p.10 Fig.9,2016,Developing Asia and the Pacific,long,st_debt,0.0,US$ bn,
ISD 2017,ISD 2017 PDF InvestmentsStatisti_1546272735.pdf p.10 Fig.9,2017,Developing Asia and the Pacific,long,lt_debt,7.0,US$ bn,
ISD 2017,ISD 2017 PDF InvestmentsStatisti_1546272735.pdf p.10 Fig.9,2016,Developing Asia and the Pacific,long,lt_debt,8.0,US$ bn,
ISD 2017,ISD 2017 PDF InvestmentsStatisti_1546272735.pdf p.10 Fig.9,2017,Other Offshore Centres,long,total,21.0,US$ bn,
ISD 2017,ISD 2017 PDF InvestmentsStatisti_1546272735.pdf p.10 Fig.9,2016,Other Offshore Centres,long,total,15.0,US$ bn,
ISD 2017,ISD 2017 PDF InvestmentsStatisti_1546272735.pdf p.10 Fig.9,2017,Other Offshore Centres,long,equities,11.0,US$ bn,
ISD 2017,ISD 2017 PDF InvestmentsStatisti_1546272735.pdf p.10 Fig.9,2016,Other Offshore Centres,long,equities,9.0,US$ bn,
ISD 2017,ISD 2017 PDF InvestmentsStatisti_1546272735.pdf p.10 Fig.9,2017,Other Offshore Centres,long,master_funds,5.0,US$ bn,
ISD 2017,ISD 2017 PDF InvestmentsStatisti_1546272735.pdf p.10 Fig.9,2016,Other Offshore Centres,long,master_funds,1.0,US$ bn,
ISD 2017,ISD 2017 PDF InvestmentsStatisti_1546272735.pdf p.10 Fig.9,2017,Other Offshore Centres,long,st_debt,1.0,US$ bn,
ISD 2017,ISD 2017 PDF InvestmentsStatisti_1546272735.pdf p.10 Fig.9,2016,Other Offshore Centres,long,st_debt,0.0,US$ bn,
ISD 2017,ISD 2017 PDF InvestmentsStatisti_1546272735.pdf p.10 Fig.9,2017,Other Offshore Centres,long,lt_debt,4.0,US$ bn,
ISD 2017,ISD 2017 PDF InvestmentsStatisti_1546272735.pdf p.10 Fig.9,2016,Other Offshore Centres,long,lt_debt,5.0,US$ bn,
ISD 2017,ISD 2017 PDF InvestmentsStatisti_1546272735.pdf p.10 Fig.9,2017,Developing Latin America and the Caribbean,long,total,20.0,US$ bn,
ISD 2017,ISD 2017 PDF InvestmentsStatisti_1546272735.pdf p.10 Fig.9,2016,Developing Latin America and the Caribbean,long,total,21.0,US$ bn,
ISD 2017,ISD 2017 PDF InvestmentsStatisti_1546272735.pdf p.10 Fig.9,2017,Developing Latin America and the Caribbean,long,equities,7.0,US$ bn,
ISD 2017,ISD 2017 PDF InvestmentsStatisti_1546272735.pdf p.10 Fig.9,2016,Developing Latin America and the Caribbean,long,equities,3.0,US$ bn,
ISD 2017,ISD 2017 PDF InvestmentsStatisti_1546272735.pdf p.10 Fig.9,2017,Developing Latin America and the Caribbean,long,master_funds,0.0,US$ bn,
ISD 2017,ISD 2017 PDF InvestmentsStatisti_1546272735.pdf p.10 Fig.9,2016,Developing Latin America and the Caribbean,long,master_funds,0.0,US$ bn,
ISD 2017,ISD 2017 PDF InvestmentsStatisti_1546272735.pdf p.10 Fig.9,2017,Developing Latin America and the Caribbean,long,st_debt,1.0,US$ bn,
ISD 2017,ISD 2017 PDF InvestmentsStatisti_1546272735.pdf p.10 Fig.9,2016,Developing Latin America and the Caribbean,long,st_debt,1.0,US$ bn,
ISD 2017,ISD 2017 PDF InvestmentsStatisti_1546272735.pdf p.10 Fig.9,2017,Developing Latin America and the Caribbean,long,lt_debt,12.0,US$ bn,
ISD 2017,ISD 2017 PDF InvestmentsStatisti_1546272735.pdf p.10 Fig.9,2016,Developing Latin America and the Caribbean,long,lt_debt,17.0,US$ bn,
ISD 2017,ISD 2017 PDF InvestmentsStatisti_1546272735.pdf p.10 Fig.9,2017,Developing Europe,long,total,9.0,US$ bn,
ISD 2017,ISD 2017 PDF InvestmentsStatisti_1546272735.pdf p.10 Fig.9,2016,Developing Europe,long,total,8.0,US$ bn,
ISD 2017,ISD 2017 PDF InvestmentsStatisti_1546272735.pdf p.10 Fig.9,2017,Developing Europe,long,equities,4.0,US$ bn,
ISD 2017,ISD 2017 PDF InvestmentsStatisti_1546272735.pdf p.10 Fig.9,2016,Developing Europe,long,equities,4.0,US$ bn,
ISD 2017,ISD 2017 PDF InvestmentsStatisti_1546272735.pdf p.10 Fig.9,2017,Developing Europe,long,master_funds,0.0,US$ bn,
ISD 2017,ISD 2017 PDF InvestmentsStatisti_1546272735.pdf p.10 Fig.9,2016,Developing Europe,long,master_funds,0.0,US$ bn,
ISD 2017,ISD 2017 PDF InvestmentsStatisti_1546272735.pdf p.10 Fig.9,2017,Developing Europe,long,st_debt,0.0,US$ bn,
ISD 2017,ISD 2017 PDF InvestmentsStatisti_1546272735.pdf p.10 Fig.9,2016,Developing Europe,long,st_debt,0.0,US$ bn,
ISD 2017,ISD 2017 PDF InvestmentsStatisti_1546272735.pdf p.10 Fig.9,2017,Developing Europe,long,lt_debt,5.0,US$ bn,
ISD 2017,ISD 2017 PDF InvestmentsStatisti_1546272735.pdf p.10 Fig.9,2016,Developing Europe,long,lt_debt,4.0,US$ bn,
ISD 2017,ISD 2017 PDF InvestmentsStatisti_1546272735.pdf p.10 Fig.9,2017,Developing Africa and the Middle East,long,total,9.0,US$ bn,
ISD 2017,ISD 2017 PDF InvestmentsStatisti_1546272735.pdf p.10 Fig.9,2016,Developing Africa and the Middle East,long,total,3.0,US$ bn,
ISD 2017,ISD 2017 PDF InvestmentsStatisti_1546272735.pdf p.10 Fig.9,2017,Developing Africa and the Middle East,long,equities,3.0,US$ bn,
ISD 2017,ISD 2017 PDF InvestmentsStatisti_1546272735.pdf p.10 Fig.9,2016,Developing Africa and the Middle East,long,equities,3.0,US$ bn,
ISD 2017,ISD 2017 PDF InvestmentsStatisti_1546272735.pdf p.10 Fig.9,2017,Developing Africa and the Middle East,long,master_funds,0.0,US$ bn,
ISD 2017,ISD 2017 PDF InvestmentsStatisti_1546272735.pdf p.10 Fig.9,2016,Developing Africa and the Middle East,long,master_funds,0.0,US$ bn,
ISD 2017,ISD 2017 PDF InvestmentsStatisti_1546272735.pdf p.10 Fig.9,2017,Developing Africa and the Middle East,long,st_debt,0.0,US$ bn,
ISD 2017,ISD 2017 PDF InvestmentsStatisti_1546272735.pdf p.10 Fig.9,2016,Developing Africa and the Middle East,long,st_debt,0.0,US$ bn,
ISD 2017,ISD 2017 PDF InvestmentsStatisti_1546272735.pdf p.10 Fig.9,2017,Developing Africa and the Middle East,long,lt_debt,6.0,US$ bn,
ISD 2017,ISD 2017 PDF InvestmentsStatisti_1546272735.pdf p.10 Fig.9,2016,Developing Africa and the Middle East,long,lt_debt,0.0,US$ bn,
ISD 2017,ISD 2017 PDF InvestmentsStatisti_1546272735.pdf p.10 Fig.9,2017,Total,long,total,3061.0,US$ bn,
ISD 2017,ISD 2017 PDF InvestmentsStatisti_1546272735.pdf p.10 Fig.9,2016,Total,long,total,2779.0,US$ bn,
ISD 2017,ISD 2017 PDF InvestmentsStatisti_1546272735.pdf p.10 Fig.9,2017,Total,long,equities,813.0,US$ bn,
ISD 2017,ISD 2017 PDF InvestmentsStatisti_1546272735.pdf p.10 Fig.9,2016,Total,long,equities,594.0,US$ bn,
ISD 2017,ISD 2017 PDF InvestmentsStatisti_1546272735.pdf p.10 Fig.9,2017,Total,long,master_funds,1267.0,US$ bn,
ISD 2017,ISD 2017 PDF InvestmentsStatisti_1546272735.pdf p.10 Fig.9,2016,Total,long,master_funds,1150.0,US$ bn,
ISD 2017,ISD 2017 PDF InvestmentsStatisti_1546272735.pdf p.10 Fig.9,2017,Total,long,st_debt,180.0,US$ bn,
ISD 2017,ISD 2017 PDF InvestmentsStatisti_1546272735.pdf p.10 Fig.9,2016,Total,long,st_debt,148.0,US$ bn,
ISD 2017,ISD 2017 PDF InvestmentsStatisti_1546272735.pdf p.10 Fig.9,2017,Total,long,lt_debt,801.0,US$ bn,
ISD 2017,ISD 2017 PDF InvestmentsStatisti_1546272735.pdf p.10 Fig.9,2016,Total,long,lt_debt,887.0,US$ bn,
ISD 2017,ISD 2017 PDF InvestmentsStatisti_1546272735.pdf p.11 Fig.9(b),2017,Germany,short,total,-105.0,US$ bn,
ISD 2017,ISD 2017 PDF InvestmentsStatisti_1546272735.pdf p.11 Fig.9(b),2016,Germany,short,total,-117.0,US$ bn,
ISD 2017,ISD 2017 PDF InvestmentsStatisti_1546272735.pdf p.11 Fig.9(b),2017,Germany,short,equities,-1.0,US$ bn,
ISD 2017,ISD 2017 PDF InvestmentsStatisti_1546272735.pdf p.11 Fig.9(b),2016,Germany,short,equities,-1.0,US$ bn,
ISD 2017,ISD 2017 PDF InvestmentsStatisti_1546272735.pdf p.11 Fig.9(b),2017,Germany,short,st_debt,-3.0,US$ bn,
ISD 2017,ISD 2017 PDF InvestmentsStatisti_1546272735.pdf p.11 Fig.9(b),2016,Germany,short,st_debt,-13.0,US$ bn,
ISD 2017,ISD 2017 PDF InvestmentsStatisti_1546272735.pdf p.11 Fig.9(b),2017,Germany,short,lt_debt,-101.0,US$ bn,
ISD 2017,ISD 2017 PDF InvestmentsStatisti_1546272735.pdf p.11 Fig.9(b),2016,Germany,short,lt_debt,-103.0,US$ bn,
ISD 2017,ISD 2017 PDF InvestmentsStatisti_1546272735.pdf p.11 Fig.9(b),2017,United States,short,total,-67.0,US$ bn,
ISD 2017,ISD 2017 PDF InvestmentsStatisti_1546272735.pdf p.11 Fig.9(b),2016,United States,short,total,-114.0,US$ bn,
ISD 2017,ISD 2017 PDF InvestmentsStatisti_1546272735.pdf p.11 Fig.9(b),2017,United States,short,equities,-13.0,US$ bn,
ISD 2017,ISD 2017 PDF InvestmentsStatisti_1546272735.pdf p.11 Fig.9(b),2016,United States,short,equities,-18.0,US$ bn,
ISD 2017,ISD 2017 PDF InvestmentsStatisti_1546272735.pdf p.11 Fig.9(b),2017,United States,short,st_debt,-48.0,US$ bn,
ISD 2017,ISD 2017 PDF InvestmentsStatisti_1546272735.pdf p.11 Fig.9(b),2016,United States,short,st_debt,-53.0,US$ bn,
ISD 2017,ISD 2017 PDF InvestmentsStatisti_1546272735.pdf p.11 Fig.9(b),2017,United States,short,lt_debt,-6.0,US$ bn,
ISD 2017,ISD 2017 PDF InvestmentsStatisti_1546272735.pdf p.11 Fig.9(b),2016,United States,short,lt_debt,-43.0,US$ bn,
ISD 2017,ISD 2017 PDF InvestmentsStatisti_1546272735.pdf p.11 Fig.9(b),2017,France,short,total,-51.0,US$ bn,
ISD 2017,ISD 2017 PDF InvestmentsStatisti_1546272735.pdf p.11 Fig.9(b),2016,France,short,total,-45.0,US$ bn,
ISD 2017,ISD 2017 PDF InvestmentsStatisti_1546272735.pdf p.11 Fig.9(b),2017,France,short,equities,-1.0,US$ bn,
ISD 2017,ISD 2017 PDF InvestmentsStatisti_1546272735.pdf p.11 Fig.9(b),2016,France,short,equities,0.0,US$ bn,
ISD 2017,ISD 2017 PDF InvestmentsStatisti_1546272735.pdf p.11 Fig.9(b),2017,France,short,st_debt,-5.0,US$ bn,
ISD 2017,ISD 2017 PDF InvestmentsStatisti_1546272735.pdf p.11 Fig.9(b),2016,France,short,st_debt,-7.0,US$ bn,
ISD 2017,ISD 2017 PDF InvestmentsStatisti_1546272735.pdf p.11 Fig.9(b),2017,France,short,lt_debt,-45.0,US$ bn,
ISD 2017,ISD 2017 PDF InvestmentsStatisti_1546272735.pdf p.11 Fig.9(b),2016,France,short,lt_debt,-38.0,US$ bn,
ISD 2017,ISD 2017 PDF InvestmentsStatisti_1546272735.pdf p.11 Fig.9(b),2017,United Kingdom,short,total,-37.0,US$ bn,
ISD 2017,ISD 2017 PDF InvestmentsStatisti_1546272735.pdf p.11 Fig.9(b),2016,United Kingdom,short,total,-48.0,US$ bn,
ISD 2017,ISD 2017 PDF InvestmentsStatisti_1546272735.pdf p.11 Fig.9(b),2017,United Kingdom,short,equities,0.0,US$ bn,
ISD 2017,ISD 2017 PDF InvestmentsStatisti_1546272735.pdf p.11 Fig.9(b),2016,United Kingdom,short,equities,0.0,US$ bn,
ISD 2017,ISD 2017 PDF InvestmentsStatisti_1546272735.pdf p.11 Fig.9(b),2017,United Kingdom,short,st_debt,-5.0,US$ bn,
ISD 2017,ISD 2017 PDF InvestmentsStatisti_1546272735.pdf p.11 Fig.9(b),2016,United Kingdom,short,st_debt,-12.0,US$ bn,
ISD 2017,ISD 2017 PDF InvestmentsStatisti_1546272735.pdf p.11 Fig.9(b),2017,United Kingdom,short,lt_debt,-32.0,US$ bn,
ISD 2017,ISD 2017 PDF InvestmentsStatisti_1546272735.pdf p.11 Fig.9(b),2016,United Kingdom,short,lt_debt,-36.0,US$ bn,
ISD 2017,ISD 2017 PDF InvestmentsStatisti_1546272735.pdf p.11 Fig.9(b),2017,China,short,total,-8.0,US$ bn,
ISD 2017,ISD 2017 PDF InvestmentsStatisti_1546272735.pdf p.11 Fig.9(b),2016,China,short,total,-5.0,US$ bn,
ISD 2017,ISD 2017 PDF InvestmentsStatisti_1546272735.pdf p.11 Fig.9(b),2017,China,short,equities,-8.0,US$ bn,
ISD 2017,ISD 2017 PDF InvestmentsStatisti_1546272735.pdf p.11 Fig.9(b),2016,China,short,equities,-5.0,US$ bn,
ISD 2017,ISD 2017 PDF InvestmentsStatisti_1546272735.pdf p.11 Fig.9(b),2017,China,short,st_debt,0.0,US$ bn,
ISD 2017,ISD 2017 PDF InvestmentsStatisti_1546272735.pdf p.11 Fig.9(b),2016,China,short,st_debt,0.0,US$ bn,
ISD 2017,ISD 2017 PDF InvestmentsStatisti_1546272735.pdf p.11 Fig.9(b),2017,China,short,lt_debt,0.0,US$ bn,
ISD 2017,ISD 2017 PDF InvestmentsStatisti_1546272735.pdf p.11 Fig.9(b),2016,China,short,lt_debt,0.0,US$ bn,
ISD 2017,ISD 2017 PDF InvestmentsStatisti_1546272735.pdf p.11 Fig.9(b),2017,Netherlands,short,total,-6.0,US$ bn,
ISD 2017,ISD 2017 PDF InvestmentsStatisti_1546272735.pdf p.11 Fig.9(b),2016,Netherlands,short,total,-5.0,US$ bn,
ISD 2017,ISD 2017 PDF InvestmentsStatisti_1546272735.pdf p.11 Fig.9(b),2017,Netherlands,short,equities,-1.0,US$ bn,
ISD 2017,ISD 2017 PDF InvestmentsStatisti_1546272735.pdf p.11 Fig.9(b),2016,Netherlands,short,equities,0.0,US$ bn,
ISD 2017,ISD 2017 PDF InvestmentsStatisti_1546272735.pdf p.11 Fig.9(b),2017,Netherlands,short,st_debt,-1.0,US$ bn,
ISD 2017,ISD 2017 PDF InvestmentsStatisti_1546272735.pdf p.11 Fig.9(b),2016,Netherlands,short,st_debt,-3.0,US$ bn,
ISD 2017,ISD 2017 PDF InvestmentsStatisti_1546272735.pdf p.11 Fig.9(b),2017,Netherlands,short,lt_debt,-4.0,US$ bn,
ISD 2017,ISD 2017 PDF InvestmentsStatisti_1546272735.pdf p.11 Fig.9(b),2016,Netherlands,short,lt_debt,-2.0,US$ bn,
ISD 2017,ISD 2017 PDF InvestmentsStatisti_1546272735.pdf p.11 Fig.9(b),2017,Canada,short,total,-6.0,US$ bn,
ISD 2017,ISD 2017 PDF InvestmentsStatisti_1546272735.pdf p.11 Fig.9(b),2016,Canada,short,total,-9.0,US$ bn,
ISD 2017,ISD 2017 PDF InvestmentsStatisti_1546272735.pdf p.11 Fig.9(b),2017,Canada,short,equities,-1.0,US$ bn,
ISD 2017,ISD 2017 PDF InvestmentsStatisti_1546272735.pdf p.11 Fig.9(b),2016,Canada,short,equities,-2.0,US$ bn,
ISD 2017,ISD 2017 PDF InvestmentsStatisti_1546272735.pdf p.11 Fig.9(b),2017,Canada,short,st_debt,-2.0,US$ bn,
ISD 2017,ISD 2017 PDF InvestmentsStatisti_1546272735.pdf p.11 Fig.9(b),2016,Canada,short,st_debt,-2.0,US$ bn,
ISD 2017,ISD 2017 PDF InvestmentsStatisti_1546272735.pdf p.11 Fig.9(b),2017,Canada,short,lt_debt,-3.0,US$ bn,
ISD 2017,ISD 2017 PDF InvestmentsStatisti_1546272735.pdf p.11 Fig.9(b),2016,Canada,short,lt_debt,-5.0,US$ bn,
ISD 2017,ISD 2017 PDF InvestmentsStatisti_1546272735.pdf p.11 Fig.9(b),2017,Japan,short,total,-5.0,US$ bn,
ISD 2017,ISD 2017 PDF InvestmentsStatisti_1546272735.pdf p.11 Fig.9(b),2016,Japan,short,total,-18.0,US$ bn,
ISD 2017,ISD 2017 PDF InvestmentsStatisti_1546272735.pdf p.11 Fig.9(b),2017,Japan,short,equities,-2.0,US$ bn,
ISD 2017,ISD 2017 PDF InvestmentsStatisti_1546272735.pdf p.11 Fig.9(b),2016,Japan,short,equities,-2.0,US$ bn,
ISD 2017,ISD 2017 PDF InvestmentsStatisti_1546272735.pdf p.11 Fig.9(b),2017,Japan,short,st_debt,-2.0,US$ bn,
ISD 2017,ISD 2017 PDF InvestmentsStatisti_1546272735.pdf p.11 Fig.9(b),2016,Japan,short,st_debt,-1.0,US$ bn,
ISD 2017,ISD 2017 PDF InvestmentsStatisti_1546272735.pdf p.11 Fig.9(b),2017,Japan,short,lt_debt,-1.0,US$ bn,
ISD 2017,ISD 2017 PDF InvestmentsStatisti_1546272735.pdf p.11 Fig.9(b),2016,Japan,short,lt_debt,-15.0,US$ bn,
ISD 2017,ISD 2017 PDF InvestmentsStatisti_1546272735.pdf p.11 Fig.9(b),2017,Denmark,short,total,-1.0,US$ bn,
ISD 2017,ISD 2017 PDF InvestmentsStatisti_1546272735.pdf p.11 Fig.9(b),2016,Denmark,short,total,-1.0,US$ bn,
ISD 2017,ISD 2017 PDF InvestmentsStatisti_1546272735.pdf p.11 Fig.9(b),2017,Denmark,short,equities,0.0,US$ bn,
ISD 2017,ISD 2017 PDF InvestmentsStatisti_1546272735.pdf p.11 Fig.9(b),2016,Denmark,short,equities,0.0,US$ bn,
ISD 2017,ISD 2017 PDF InvestmentsStatisti_1546272735.pdf p.11 Fig.9(b),2017,Denmark,short,st_debt,-1.0,US$ bn,
ISD 2017,ISD 2017 PDF InvestmentsStatisti_1546272735.pdf p.11 Fig.9(b),2016,Denmark,short,st_debt,-1.0,US$ bn,
ISD 2017,ISD 2017 PDF InvestmentsStatisti_1546272735.pdf p.11 Fig.9(b),2017,Denmark,short,lt_debt,0.0,US$ bn,
ISD 2017,ISD 2017 PDF InvestmentsStatisti_1546272735.pdf p.11 Fig.9(b),2016,Denmark,short,lt_debt,0.0,US$ bn,
ISD 2017,ISD 2017 PDF InvestmentsStatisti_1546272735.pdf p.11 Fig.9(b),2017,Sweden,short,total,0.0,US$ bn,
ISD 2017,ISD 2017 PDF InvestmentsStatisti_1546272735.pdf p.11 Fig.9(b),2016,Sweden,short,total,0.0,US$ bn,
ISD 2017,ISD 2017 PDF InvestmentsStatisti_1546272735.pdf p.11 Fig.9(b),2017,Sweden,short,equities,0.0,US$ bn,
ISD 2017,ISD 2017 PDF InvestmentsStatisti_1546272735.pdf p.11 Fig.9(b),2016,Sweden,short,equities,0.0,US$ bn,
ISD 2017,ISD 2017 PDF InvestmentsStatisti_1546272735.pdf p.11 Fig.9(b),2017,Sweden,short,st_debt,0.0,US$ bn,
ISD 2017,ISD 2017 PDF InvestmentsStatisti_1546272735.pdf p.11 Fig.9(b),2016,Sweden,short,st_debt,0.0,US$ bn,
ISD 2017,ISD 2017 PDF InvestmentsStatisti_1546272735.pdf p.11 Fig.9(b),2017,Sweden,short,lt_debt,0.0,US$ bn,
ISD 2017,ISD 2017 PDF InvestmentsStatisti_1546272735.pdf p.11 Fig.9(b),2016,Sweden,short,lt_debt,0.0,US$ bn,
ISD 2017,ISD 2017 PDF InvestmentsStatisti_1546272735.pdf p.11 Fig.9(b),2017,Hong Kong,short,total,-1.0,US$ bn,
ISD 2017,ISD 2017 PDF InvestmentsStatisti_1546272735.pdf p.11 Fig.9(b),2016,Hong Kong,short,total,0.0,US$ bn,
ISD 2017,ISD 2017 PDF InvestmentsStatisti_1546272735.pdf p.11 Fig.9(b),2017,Hong Kong,short,equities,-1.0,US$ bn,
ISD 2017,ISD 2017 PDF InvestmentsStatisti_1546272735.pdf p.11 Fig.9(b),2016,Hong Kong,short,equities,0.0,US$ bn,
ISD 2017,ISD 2017 PDF InvestmentsStatisti_1546272735.pdf p.11 Fig.9(b),2017,Hong Kong,short,st_debt,0.0,US$ bn,
ISD 2017,ISD 2017 PDF InvestmentsStatisti_1546272735.pdf p.11 Fig.9(b),2016,Hong Kong,short,st_debt,0.0,US$ bn,
ISD 2017,ISD 2017 PDF InvestmentsStatisti_1546272735.pdf p.11 Fig.9(b),2017,Hong Kong,short,lt_debt,0.0,US$ bn,
ISD 2017,ISD 2017 PDF InvestmentsStatisti_1546272735.pdf p.11 Fig.9(b),2016,Hong Kong,short,lt_debt,0.0,US$ bn,
ISD 2017,ISD 2017 PDF InvestmentsStatisti_1546272735.pdf p.11 Fig.9(b),2017,Cayman Islands,short,total,0.0,US$ bn,
ISD 2017,ISD 2017 PDF InvestmentsStatisti_1546272735.pdf p.11 Fig.9(b),2016,Cayman Islands,short,total,0.0,US$ bn,
ISD 2017,ISD 2017 PDF InvestmentsStatisti_1546272735.pdf p.11 Fig.9(b),2017,Cayman Islands,short,equities,0.0,US$ bn,
ISD 2017,ISD 2017 PDF InvestmentsStatisti_1546272735.pdf p.11 Fig.9(b),2016,Cayman Islands,short,equities,0.0,US$ bn,
ISD 2017,ISD 2017 PDF InvestmentsStatisti_1546272735.pdf p.11 Fig.9(b),2017,Cayman Islands,short,st_debt,0.0,US$ bn,
ISD 2017,ISD 2017 PDF InvestmentsStatisti_1546272735.pdf p.11 Fig.9(b),2016,Cayman Islands,short,st_debt,0.0,US$ bn,
ISD 2017,ISD 2017 PDF InvestmentsStatisti_1546272735.pdf p.11 Fig.9(b),2017,Cayman Islands,short,lt_debt,0.0,US$ bn,
ISD 2017,ISD 2017 PDF InvestmentsStatisti_1546272735.pdf p.11 Fig.9(b),2016,Cayman Islands,short,lt_debt,0.0,US$ bn,
ISD 2017,ISD 2017 PDF InvestmentsStatisti_1546272735.pdf p.11 Fig.9(b),2017,British Virgin Islands,short,total,0.0,US$ bn,
ISD 2017,ISD 2017 PDF InvestmentsStatisti_1546272735.pdf p.11 Fig.9(b),2016,British Virgin Islands,short,total,0.0,US$ bn,
ISD 2017,ISD 2017 PDF InvestmentsStatisti_1546272735.pdf p.11 Fig.9(b),2017,British Virgin Islands,short,equities,0.0,US$ bn,
ISD 2017,ISD 2017 PDF InvestmentsStatisti_1546272735.pdf p.11 Fig.9(b),2016,British Virgin Islands,short,equities,0.0,US$ bn,
ISD 2017,ISD 2017 PDF InvestmentsStatisti_1546272735.pdf p.11 Fig.9(b),2017,British Virgin Islands,short,st_debt,0.0,US$ bn,
ISD 2017,ISD 2017 PDF InvestmentsStatisti_1546272735.pdf p.11 Fig.9(b),2016,British Virgin Islands,short,st_debt,0.0,US$ bn,
ISD 2017,ISD 2017 PDF InvestmentsStatisti_1546272735.pdf p.11 Fig.9(b),2017,British Virgin Islands,short,lt_debt,0.0,US$ bn,
ISD 2017,ISD 2017 PDF InvestmentsStatisti_1546272735.pdf p.11 Fig.9(b),2016,British Virgin Islands,short,lt_debt,0.0,US$ bn,
ISD 2017,ISD 2017 PDF InvestmentsStatisti_1546272735.pdf p.11 Fig.9(b),2017,Curacao,short,total,0.0,US$ bn,
ISD 2017,ISD 2017 PDF InvestmentsStatisti_1546272735.pdf p.11 Fig.9(b),2016,Curacao,short,total,0.0,US$ bn,
ISD 2017,ISD 2017 PDF InvestmentsStatisti_1546272735.pdf p.11 Fig.9(b),2017,Curacao,short,equities,0.0,US$ bn,
ISD 2017,ISD 2017 PDF InvestmentsStatisti_1546272735.pdf p.11 Fig.9(b),2016,Curacao,short,equities,0.0,US$ bn,
ISD 2017,ISD 2017 PDF InvestmentsStatisti_1546272735.pdf p.11 Fig.9(b),2017,Curacao,short,st_debt,0.0,US$ bn,
ISD 2017,ISD 2017 PDF InvestmentsStatisti_1546272735.pdf p.11 Fig.9(b),2016,Curacao,short,st_debt,0.0,US$ bn,
ISD 2017,ISD 2017 PDF InvestmentsStatisti_1546272735.pdf p.11 Fig.9(b),2017,Curacao,short,lt_debt,0.0,US$ bn,
ISD 2017,ISD 2017 PDF InvestmentsStatisti_1546272735.pdf p.11 Fig.9(b),2016,Curacao,short,lt_debt,0.0,US$ bn,
ISD 2017,ISD 2017 PDF InvestmentsStatisti_1546272735.pdf p.11 Fig.9(b),2017,Ireland,short,total,0.0,US$ bn,
ISD 2017,ISD 2017 PDF InvestmentsStatisti_1546272735.pdf p.11 Fig.9(b),2016,Ireland,short,total,0.0,US$ bn,
ISD 2017,ISD 2017 PDF InvestmentsStatisti_1546272735.pdf p.11 Fig.9(b),2017,Ireland,short,equities,0.0,US$ bn,
ISD 2017,ISD 2017 PDF InvestmentsStatisti_1546272735.pdf p.11 Fig.9(b),2016,Ireland,short,equities,0.0,US$ bn,
ISD 2017,ISD 2017 PDF InvestmentsStatisti_1546272735.pdf p.11 Fig.9(b),2017,Ireland,short,st_debt,0.0,US$ bn,
ISD 2017,ISD 2017 PDF InvestmentsStatisti_1546272735.pdf p.11 Fig.9(b),2016,Ireland,short,st_debt,0.0,US$ bn,
ISD 2017,ISD 2017 PDF InvestmentsStatisti_1546272735.pdf p.11 Fig.9(b),2017,Ireland,short,lt_debt,0.0,US$ bn,
ISD 2017,ISD 2017 PDF InvestmentsStatisti_1546272735.pdf p.11 Fig.9(b),2016,Ireland,short,lt_debt,0.0,US$ bn,
ISD 2017,ISD 2017 PDF InvestmentsStatisti_1546272735.pdf p.11 Fig.9(b),2017,Other Developed Countries,short,total,-24.0,US$ bn,
ISD 2017,ISD 2017 PDF InvestmentsStatisti_1546272735.pdf p.11 Fig.9(b),2016,Other Developed Countries,short,total,-16.0,US$ bn,
ISD 2017,ISD 2017 PDF InvestmentsStatisti_1546272735.pdf p.11 Fig.9(b),2017,Other Developed Countries,short,equities,-1.0,US$ bn,
ISD 2017,ISD 2017 PDF InvestmentsStatisti_1546272735.pdf p.11 Fig.9(b),2016,Other Developed Countries,short,equities,0.0,US$ bn,
ISD 2017,ISD 2017 PDF InvestmentsStatisti_1546272735.pdf p.11 Fig.9(b),2017,Other Developed Countries,short,st_debt,-8.0,US$ bn,
ISD 2017,ISD 2017 PDF InvestmentsStatisti_1546272735.pdf p.11 Fig.9(b),2016,Other Developed Countries,short,st_debt,-16.0,US$ bn,
ISD 2017,ISD 2017 PDF InvestmentsStatisti_1546272735.pdf p.11 Fig.9(b),2017,Other Developed Countries,short,lt_debt,-15.0,US$ bn,
ISD 2017,ISD 2017 PDF InvestmentsStatisti_1546272735.pdf p.11 Fig.9(b),2016,Other Developed Countries,short,lt_debt,0.0,US$ bn,
ISD 2017,ISD 2017 PDF InvestmentsStatisti_1546272735.pdf p.11 Fig.9(b),2017,Developing Latin America and the Caribbean,short,total,-1.0,US$ bn,
ISD 2017,ISD 2017 PDF InvestmentsStatisti_1546272735.pdf p.11 Fig.9(b),2016,Developing Latin America and the Caribbean,short,total,-2.0,US$ bn,
ISD 2017,ISD 2017 PDF InvestmentsStatisti_1546272735.pdf p.11 Fig.9(b),2017,Developing Latin America and the Caribbean,short,equities,0.0,US$ bn,
ISD 2017,ISD 2017 PDF InvestmentsStatisti_1546272735.pdf p.11 Fig.9(b),2016,Developing Latin America and the Caribbean,short,equities,-1.0,US$ bn,
ISD 2017,ISD 2017 PDF InvestmentsStatisti_1546272735.pdf p.11 Fig.9(b),2017,Developing Latin America and the Caribbean,short,st_debt,0.0,US$ bn,
ISD 2017,ISD 2017 PDF InvestmentsStatisti_1546272735.pdf p.11 Fig.9(b),2016,Developing Latin America and the Caribbean,short,st_debt,0.0,US$ bn,
ISD 2017,ISD 2017 PDF InvestmentsStatisti_1546272735.pdf p.11 Fig.9(b),2017,Developing Latin America and the Caribbean,short,lt_debt,-1.0,US$ bn,
ISD 2017,ISD 2017 PDF InvestmentsStatisti_1546272735.pdf p.11 Fig.9(b),2016,Developing Latin America and the Caribbean,short,lt_debt,-1.0,US$ bn,
ISD 2017,ISD 2017 PDF InvestmentsStatisti_1546272735.pdf p.11 Fig.9(b),2017,Developing Africa and the Middle East,short,total,0.0,US$ bn,
ISD 2017,ISD 2017 PDF InvestmentsStatisti_1546272735.pdf p.11 Fig.9(b),2016,Developing Africa and the Middle East,short,total,0.0,US$ bn,
ISD 2017,ISD 2017 PDF InvestmentsStatisti_1546272735.pdf p.11 Fig.9(b),2017,Developing Africa and the Middle East,short,equities,0.0,US$ bn,
ISD 2017,ISD 2017 PDF InvestmentsStatisti_1546272735.pdf p.11 Fig.9(b),2016,Developing Africa and the Middle East,short,equities,0.0,US$ bn,
ISD 2017,ISD 2017 PDF InvestmentsStatisti_1546272735.pdf p.11 Fig.9(b),2017,Developing Africa and the Middle East,short,st_debt,0.0,US$ bn,
ISD 2017,ISD 2017 PDF InvestmentsStatisti_1546272735.pdf p.11 Fig.9(b),2016,Developing Africa and the Middle East,short,st_debt,0.0,US$ bn,
ISD 2017,ISD 2017 PDF InvestmentsStatisti_1546272735.pdf p.11 Fig.9(b),2017,Developing Africa and the Middle East,short,lt_debt,0.0,US$ bn,
ISD 2017,ISD 2017 PDF InvestmentsStatisti_1546272735.pdf p.11 Fig.9(b),2016,Developing Africa and the Middle East,short,lt_debt,0.0,US$ bn,
ISD 2017,ISD 2017 PDF InvestmentsStatisti_1546272735.pdf p.11 Fig.9(b),2017,Other Offshore Centres,short,total,0.0,US$ bn,
ISD 2017,ISD 2017 PDF InvestmentsStatisti_1546272735.pdf p.11 Fig.9(b),2016,Other Offshore Centres,short,total,0.0,US$ bn,
ISD 2017,ISD 2017 PDF InvestmentsStatisti_1546272735.pdf p.11 Fig.9(b),2017,Other Offshore Centres,short,equities,0.0,US$ bn,
ISD 2017,ISD 2017 PDF InvestmentsStatisti_1546272735.pdf p.11 Fig.9(b),2016,Other Offshore Centres,short,equities,0.0,US$ bn,
ISD 2017,ISD 2017 PDF InvestmentsStatisti_1546272735.pdf p.11 Fig.9(b),2017,Other Offshore Centres,short,st_debt,0.0,US$ bn,
ISD 2017,ISD 2017 PDF InvestmentsStatisti_1546272735.pdf p.11 Fig.9(b),2016,Other Offshore Centres,short,st_debt,0.0,US$ bn,
ISD 2017,ISD 2017 PDF InvestmentsStatisti_1546272735.pdf p.11 Fig.9(b),2017,Other Offshore Centres,short,lt_debt,0.0,US$ bn,
ISD 2017,ISD 2017 PDF InvestmentsStatisti_1546272735.pdf p.11 Fig.9(b),2016,Other Offshore Centres,short,lt_debt,0.0,US$ bn,
ISD 2017,ISD 2017 PDF InvestmentsStatisti_1546272735.pdf p.11 Fig.9(b),2017,Developing Asia and the Pacific,short,total,0.0,US$ bn,
ISD 2017,ISD 2017 PDF InvestmentsStatisti_1546272735.pdf p.11 Fig.9(b),2016,Developing Asia and the Pacific,short,total,0.0,US$ bn,
ISD 2017,ISD 2017 PDF InvestmentsStatisti_1546272735.pdf p.11 Fig.9(b),2017,Developing Asia and the Pacific,short,equities,0.0,US$ bn,
ISD 2017,ISD 2017 PDF InvestmentsStatisti_1546272735.pdf p.11 Fig.9(b),2016,Developing Asia and the Pacific,short,equities,0.0,US$ bn,
ISD 2017,ISD 2017 PDF InvestmentsStatisti_1546272735.pdf p.11 Fig.9(b),2017,Developing Asia and the Pacific,short,st_debt,0.0,US$ bn,
ISD 2017,ISD 2017 PDF InvestmentsStatisti_1546272735.pdf p.11 Fig.9(b),2016,Developing Asia and the Pacific,short,st_debt,0.0,US$ bn,
ISD 2017,ISD 2017 PDF InvestmentsStatisti_1546272735.pdf p.11 Fig.9(b),2017,Developing Asia and the Pacific,short,lt_debt,0.0,US$ bn,
ISD 2017,ISD 2017 PDF InvestmentsStatisti_1546272735.pdf p.11 Fig.9(b),2016,Developing Asia and the Pacific,short,lt_debt,0.0,US$ bn,
ISD 2017,ISD 2017 PDF InvestmentsStatisti_1546272735.pdf p.11 Fig.9(b),2017,Developing Europe,short,total,0.0,US$ bn,
ISD 2017,ISD 2017 PDF InvestmentsStatisti_1546272735.pdf p.11 Fig.9(b),2016,Developing Europe,short,total,0.0,US$ bn,
ISD 2017,ISD 2017 PDF InvestmentsStatisti_1546272735.pdf p.11 Fig.9(b),2017,Developing Europe,short,equities,0.0,US$ bn,
ISD 2017,ISD 2017 PDF InvestmentsStatisti_1546272735.pdf p.11 Fig.9(b),2016,Developing Europe,short,equities,0.0,US$ bn,
ISD 2017,ISD 2017 PDF InvestmentsStatisti_1546272735.pdf p.11 Fig.9(b),2017,Developing Europe,short,st_debt,0.0,US$ bn,
ISD 2017,ISD 2017 PDF InvestmentsStatisti_1546272735.pdf p.11 Fig.9(b),2016,Developing Europe,short,st_debt,0.0,US$ bn,
ISD 2017,ISD 2017 PDF InvestmentsStatisti_1546272735.pdf p.11 Fig.9(b),2017,Developing Europe,short,lt_debt,0.0,US$ bn,
ISD 2017,ISD 2017 PDF InvestmentsStatisti_1546272735.pdf p.11 Fig.9(b),2016,Developing Europe,short,lt_debt,0.0,US$ bn,
ISD 2017,ISD 2017 PDF InvestmentsStatisti_1546272735.pdf p.11 Fig.9(b),2017,Total,short,total,-312.0,US$ bn,
ISD 2017,ISD 2017 PDF InvestmentsStatisti_1546272735.pdf p.11 Fig.9(b),2016,Total,short,total,-380.0,US$ bn,
ISD 2017,ISD 2017 PDF InvestmentsStatisti_1546272735.pdf p.11 Fig.9(b),2017,Total,short,equities,-29.0,US$ bn,
ISD 2017,ISD 2017 PDF InvestmentsStatisti_1546272735.pdf p.11 Fig.9(b),2016,Total,short,equities,-29.0,US$ bn,
ISD 2017,ISD 2017 PDF InvestmentsStatisti_1546272735.pdf p.11 Fig.9(b),2017,Total,short,st_debt,-75.0,US$ bn,
ISD 2017,ISD 2017 PDF InvestmentsStatisti_1546272735.pdf p.11 Fig.9(b),2016,Total,short,st_debt,-108.0,US$ bn,
ISD 2017,ISD 2017 PDF InvestmentsStatisti_1546272735.pdf p.11 Fig.9(b),2017,Total,short,lt_debt,-208.0,US$ bn,
ISD 2017,ISD 2017 PDF InvestmentsStatisti_1546272735.pdf p.11 Fig.9(b),2016,Total,short,lt_debt,-243.0,US$ bn,
ISD 2018,ISD 2018 PDF InvestmentsStatisti_1606474237.pdf p.13 Fig.9(a),2018,United States,long,total,1612.0,US$ bn,
ISD 2018,ISD 2018 PDF InvestmentsStatisti_1606474237.pdf p.13 Fig.9(a),2017,United States,long,total,1312.0,US$ bn,
ISD 2018,ISD 2018 PDF InvestmentsStatisti_1606474237.pdf p.13 Fig.9(a),2018,United States,long,equities,375.0,US$ bn,
ISD 2018,ISD 2018 PDF InvestmentsStatisti_1606474237.pdf p.13 Fig.9(a),2017,United States,long,equities,473.0,US$ bn,
ISD 2018,ISD 2018 PDF InvestmentsStatisti_1606474237.pdf p.13 Fig.9(a),2018,United States,long,master_funds,129.0,US$ bn,
ISD 2018,ISD 2018 PDF InvestmentsStatisti_1606474237.pdf p.13 Fig.9(a),2017,United States,long,master_funds,126.0,US$ bn,
ISD 2018,ISD 2018 PDF InvestmentsStatisti_1606474237.pdf p.13 Fig.9(a),2018,United States,long,st_debt,179.0,US$ bn,
ISD 2018,ISD 2018 PDF InvestmentsStatisti_1606474237.pdf p.13 Fig.9(a),2017,United States,long,st_debt,107.0,US$ bn,
ISD 2018,ISD 2018 PDF InvestmentsStatisti_1606474237.pdf p.13 Fig.9(a),2018,United States,long,lt_debt,928.0,US$ bn,
ISD 2018,ISD 2018 PDF InvestmentsStatisti_1606474237.pdf p.13 Fig.9(a),2017,United States,long,lt_debt,606.0,US$ bn,
ISD 2018,ISD 2018 PDF InvestmentsStatisti_1606474237.pdf p.13 Fig.9(a),2018,Cayman Islands,long,total,1189.0,US$ bn,
ISD 2018,ISD 2018 PDF InvestmentsStatisti_1606474237.pdf p.13 Fig.9(a),2017,Cayman Islands,long,total,1180.0,US$ bn,
ISD 2018,ISD 2018 PDF InvestmentsStatisti_1606474237.pdf p.13 Fig.9(a),2018,Cayman Islands,long,equities,81.0,US$ bn,
ISD 2018,ISD 2018 PDF InvestmentsStatisti_1606474237.pdf p.13 Fig.9(a),2017,Cayman Islands,long,equities,101.0,US$ bn,
ISD 2018,ISD 2018 PDF InvestmentsStatisti_1606474237.pdf p.13 Fig.9(a),2018,Cayman Islands,long,master_funds,1082.0,US$ bn,
ISD 2018,ISD 2018 PDF InvestmentsStatisti_1606474237.pdf p.13 Fig.9(a),2017,Cayman Islands,long,master_funds,1068.0,US$ bn,
ISD 2018,ISD 2018 PDF InvestmentsStatisti_1606474237.pdf p.13 Fig.9(a),2018,Cayman Islands,long,st_debt,0.0,US$ bn,
ISD 2018,ISD 2018 PDF InvestmentsStatisti_1606474237.pdf p.13 Fig.9(a),2017,Cayman Islands,long,st_debt,0.0,US$ bn,
ISD 2018,ISD 2018 PDF InvestmentsStatisti_1606474237.pdf p.13 Fig.9(a),2018,Cayman Islands,long,lt_debt,25.0,US$ bn,
ISD 2018,ISD 2018 PDF InvestmentsStatisti_1606474237.pdf p.13 Fig.9(a),2017,Cayman Islands,long,lt_debt,11.0,US$ bn,
ISD 2018,ISD 2018 PDF InvestmentsStatisti_1606474237.pdf p.13 Fig.9(a),2018,United Kingdom,long,total,80.0,US$ bn,
ISD 2018,ISD 2018 PDF InvestmentsStatisti_1606474237.pdf p.13 Fig.9(a),2017,United Kingdom,long,total,71.0,US$ bn,
ISD 2018,ISD 2018 PDF InvestmentsStatisti_1606474237.pdf p.13 Fig.9(a),2018,United Kingdom,long,equities,20.0,US$ bn,
ISD 2018,ISD 2018 PDF InvestmentsStatisti_1606474237.pdf p.13 Fig.9(a),2017,United Kingdom,long,equities,18.0,US$ bn,
ISD 2018,ISD 2018 PDF InvestmentsStatisti_1606474237.pdf p.13 Fig.9(a),2018,United Kingdom,long,master_funds,0.0,US$ bn,
ISD 2018,ISD 2018 PDF InvestmentsStatisti_1606474237.pdf p.13 Fig.9(a),2017,United Kingdom,long,master_funds,0.0,US$ bn,
ISD 2018,ISD 2018 PDF InvestmentsStatisti_1606474237.pdf p.13 Fig.9(a),2018,United Kingdom,long,st_debt,8.0,US$ bn,
ISD 2018,ISD 2018 PDF InvestmentsStatisti_1606474237.pdf p.13 Fig.9(a),2017,United Kingdom,long,st_debt,21.0,US$ bn,
ISD 2018,ISD 2018 PDF InvestmentsStatisti_1606474237.pdf p.13 Fig.9(a),2018,United Kingdom,long,lt_debt,52.0,US$ bn,
ISD 2018,ISD 2018 PDF InvestmentsStatisti_1606474237.pdf p.13 Fig.9(a),2017,United Kingdom,long,lt_debt,32.0,US$ bn,
ISD 2018,ISD 2018 PDF InvestmentsStatisti_1606474237.pdf p.13 Fig.9(a),2018,Japan,long,total,87.0,US$ bn,
ISD 2018,ISD 2018 PDF InvestmentsStatisti_1606474237.pdf p.13 Fig.9(a),2017,Japan,long,total,60.0,US$ bn,
ISD 2018,ISD 2018 PDF InvestmentsStatisti_1606474237.pdf p.13 Fig.9(a),2018,Japan,long,equities,43.0,US$ bn,
ISD 2018,ISD 2018 PDF InvestmentsStatisti_1606474237.pdf p.13 Fig.9(a),2017,Japan,long,equities,44.0,US$ bn,
ISD 2018,ISD 2018 PDF InvestmentsStatisti_1606474237.pdf p.13 Fig.9(a),2018,Japan,long,master_funds,1.0,US$ bn,
ISD 2018,ISD 2018 PDF InvestmentsStatisti_1606474237.pdf p.13 Fig.9(a),2017,Japan,long,master_funds,1.0,US$ bn,
ISD 2018,ISD 2018 PDF InvestmentsStatisti_1606474237.pdf p.13 Fig.9(a),2018,Japan,long,st_debt,23.0,US$ bn,
ISD 2018,ISD 2018 PDF InvestmentsStatisti_1606474237.pdf p.13 Fig.9(a),2017,Japan,long,st_debt,7.0,US$ bn,
ISD 2018,ISD 2018 PDF InvestmentsStatisti_1606474237.pdf p.13 Fig.9(a),2018,Japan,long,lt_debt,20.0,US$ bn,
ISD 2018,ISD 2018 PDF InvestmentsStatisti_1606474237.pdf p.13 Fig.9(a),2017,Japan,long,lt_debt,8.0,US$ bn,
ISD 2018,ISD 2018 PDF InvestmentsStatisti_1606474237.pdf p.13 Fig.9(a),2018,China,long,total,58.0,US$ bn,
ISD 2018,ISD 2018 PDF InvestmentsStatisti_1606474237.pdf p.13 Fig.9(a),2017,China,long,total,53.0,US$ bn,
ISD 2018,ISD 2018 PDF InvestmentsStatisti_1606474237.pdf p.13 Fig.9(a),2018,China,long,equities,42.0,US$ bn,
ISD 2018,ISD 2018 PDF InvestmentsStatisti_1606474237.pdf p.13 Fig.9(a),2017,China,long,equities,42.0,US$ bn,
ISD 2018,ISD 2018 PDF InvestmentsStatisti_1606474237.pdf p.13 Fig.9(a),2018,China,long,master_funds,0.0,US$ bn,
ISD 2018,ISD 2018 PDF InvestmentsStatisti_1606474237.pdf p.13 Fig.9(a),2017,China,long,master_funds,0.0,US$ bn,
ISD 2018,ISD 2018 PDF InvestmentsStatisti_1606474237.pdf p.13 Fig.9(a),2018,China,long,st_debt,2.0,US$ bn,
ISD 2018,ISD 2018 PDF InvestmentsStatisti_1606474237.pdf p.13 Fig.9(a),2017,China,long,st_debt,2.0,US$ bn,
ISD 2018,ISD 2018 PDF InvestmentsStatisti_1606474237.pdf p.13 Fig.9(a),2018,China,long,lt_debt,15.0,US$ bn,
ISD 2018,ISD 2018 PDF InvestmentsStatisti_1606474237.pdf p.13 Fig.9(a),2017,China,long,lt_debt,9.0,US$ bn,
ISD 2018,ISD 2018 PDF InvestmentsStatisti_1606474237.pdf p.13 Fig.9(a),2018,British Virgin Islands,long,total,8.0,US$ bn,
ISD 2018,ISD 2018 PDF InvestmentsStatisti_1606474237.pdf p.13 Fig.9(a),2017,British Virgin Islands,long,total,43.0,US$ bn,
ISD 2018,ISD 2018 PDF InvestmentsStatisti_1606474237.pdf p.13 Fig.9(a),2018,British Virgin Islands,long,equities,4.0,US$ bn,
ISD 2018,ISD 2018 PDF InvestmentsStatisti_1606474237.pdf p.13 Fig.9(a),2017,British Virgin Islands,long,equities,5.0,US$ bn,
ISD 2018,ISD 2018 PDF InvestmentsStatisti_1606474237.pdf p.13 Fig.9(a),2018,British Virgin Islands,long,master_funds,3.0,US$ bn,
ISD 2018,ISD 2018 PDF InvestmentsStatisti_1606474237.pdf p.13 Fig.9(a),2017,British Virgin Islands,long,master_funds,36.0,US$ bn,
ISD 2018,ISD 2018 PDF InvestmentsStatisti_1606474237.pdf p.13 Fig.9(a),2018,British Virgin Islands,long,st_debt,0.0,US$ bn,
ISD 2018,ISD 2018 PDF InvestmentsStatisti_1606474237.pdf p.13 Fig.9(a),2017,British Virgin Islands,long,st_debt,0.0,US$ bn,
ISD 2018,ISD 2018 PDF InvestmentsStatisti_1606474237.pdf p.13 Fig.9(a),2018,British Virgin Islands,long,lt_debt,2.0,US$ bn,
ISD 2018,ISD 2018 PDF InvestmentsStatisti_1606474237.pdf p.13 Fig.9(a),2017,British Virgin Islands,long,lt_debt,2.0,US$ bn,
ISD 2018,ISD 2018 PDF InvestmentsStatisti_1606474237.pdf p.13 Fig.9(a),2018,France,long,total,58.0,US$ bn,
ISD 2018,ISD 2018 PDF InvestmentsStatisti_1606474237.pdf p.13 Fig.9(a),2017,France,long,total,40.0,US$ bn,
ISD 2018,ISD 2018 PDF InvestmentsStatisti_1606474237.pdf p.13 Fig.9(a),2018,France,long,equities,8.0,US$ bn,
ISD 2018,ISD 2018 PDF InvestmentsStatisti_1606474237.pdf p.13 Fig.9(a),2017,France,long,equities,8.0,US$ bn,
ISD 2018,ISD 2018 PDF InvestmentsStatisti_1606474237.pdf p.13 Fig.9(a),2018,France,long,master_funds,0.0,US$ bn,
ISD 2018,ISD 2018 PDF InvestmentsStatisti_1606474237.pdf p.13 Fig.9(a),2017,France,long,master_funds,0.0,US$ bn,
ISD 2018,ISD 2018 PDF InvestmentsStatisti_1606474237.pdf p.13 Fig.9(a),2018,France,long,st_debt,27.0,US$ bn,
ISD 2018,ISD 2018 PDF InvestmentsStatisti_1606474237.pdf p.13 Fig.9(a),2017,France,long,st_debt,15.0,US$ bn,
ISD 2018,ISD 2018 PDF InvestmentsStatisti_1606474237.pdf p.13 Fig.9(a),2018,France,long,lt_debt,23.0,US$ bn,
ISD 2018,ISD 2018 PDF InvestmentsStatisti_1606474237.pdf p.13 Fig.9(a),2017,France,long,lt_debt,17.0,US$ bn,
ISD 2018,ISD 2018 PDF InvestmentsStatisti_1606474237.pdf p.13 Fig.9(a),2018,Netherlands,long,total,20.0,US$ bn,
ISD 2018,ISD 2018 PDF InvestmentsStatisti_1606474237.pdf p.13 Fig.9(a),2017,Netherlands,long,total,29.0,US$ bn,
ISD 2018,ISD 2018 PDF InvestmentsStatisti_1606474237.pdf p.13 Fig.9(a),2018,Netherlands,long,equities,3.0,US$ bn,
ISD 2018,ISD 2018 PDF InvestmentsStatisti_1606474237.pdf p.13 Fig.9(a),2017,Netherlands,long,equities,8.0,US$ bn,
ISD 2018,ISD 2018 PDF InvestmentsStatisti_1606474237.pdf p.13 Fig.9(a),2018,Netherlands,long,master_funds,0.0,US$ bn,
ISD 2018,ISD 2018 PDF InvestmentsStatisti_1606474237.pdf p.13 Fig.9(a),2017,Netherlands,long,master_funds,0.0,US$ bn,
ISD 2018,ISD 2018 PDF InvestmentsStatisti_1606474237.pdf p.13 Fig.9(a),2018,Netherlands,long,st_debt,3.0,US$ bn,
ISD 2018,ISD 2018 PDF InvestmentsStatisti_1606474237.pdf p.13 Fig.9(a),2017,Netherlands,long,st_debt,8.0,US$ bn,
ISD 2018,ISD 2018 PDF InvestmentsStatisti_1606474237.pdf p.13 Fig.9(a),2018,Netherlands,long,lt_debt,13.0,US$ bn,
ISD 2018,ISD 2018 PDF InvestmentsStatisti_1606474237.pdf p.13 Fig.9(a),2017,Netherlands,long,lt_debt,13.0,US$ bn,
ISD 2018,ISD 2018 PDF InvestmentsStatisti_1606474237.pdf p.13 Fig.9(a),2018,Hong Kong,long,total,20.0,US$ bn,
ISD 2018,ISD 2018 PDF InvestmentsStatisti_1606474237.pdf p.13 Fig.9(a),2017,Hong Kong,long,total,25.0,US$ bn,
ISD 2018,ISD 2018 PDF InvestmentsStatisti_1606474237.pdf p.13 Fig.9(a),2018,Hong Kong,long,equities,15.0,US$ bn,
ISD 2018,ISD 2018 PDF InvestmentsStatisti_1606474237.pdf p.13 Fig.9(a),2017,Hong Kong,long,equities,19.0,US$ bn,
ISD 2018,ISD 2018 PDF InvestmentsStatisti_1606474237.pdf p.13 Fig.9(a),2018,Hong Kong,long,master_funds,0.0,US$ bn,
ISD 2018,ISD 2018 PDF InvestmentsStatisti_1606474237.pdf p.13 Fig.9(a),2017,Hong Kong,long,master_funds,0.0,US$ bn,
ISD 2018,ISD 2018 PDF InvestmentsStatisti_1606474237.pdf p.13 Fig.9(a),2018,Hong Kong,long,st_debt,0.0,US$ bn,
ISD 2018,ISD 2018 PDF InvestmentsStatisti_1606474237.pdf p.13 Fig.9(a),2017,Hong Kong,long,st_debt,1.0,US$ bn,
ISD 2018,ISD 2018 PDF InvestmentsStatisti_1606474237.pdf p.13 Fig.9(a),2018,Hong Kong,long,lt_debt,5.0,US$ bn,
ISD 2018,ISD 2018 PDF InvestmentsStatisti_1606474237.pdf p.13 Fig.9(a),2017,Hong Kong,long,lt_debt,5.0,US$ bn,
ISD 2018,ISD 2018 PDF InvestmentsStatisti_1606474237.pdf p.13 Fig.9(a),2018,Ireland,long,total,32.0,US$ bn,
ISD 2018,ISD 2018 PDF InvestmentsStatisti_1606474237.pdf p.13 Fig.9(a),2017,Ireland,long,total,21.0,US$ bn,
ISD 2018,ISD 2018 PDF InvestmentsStatisti_1606474237.pdf p.13 Fig.9(a),2018,Ireland,long,equities,11.0,US$ bn,
ISD 2018,ISD 2018 PDF InvestmentsStatisti_1606474237.pdf p.13 Fig.9(a),2017,Ireland,long,equities,12.0,US$ bn,
ISD 2018,ISD 2018 PDF InvestmentsStatisti_1606474237.pdf p.13 Fig.9(a),2018,Ireland,long,master_funds,0.0,US$ bn,
ISD 2018,ISD 2018 PDF InvestmentsStatisti_1606474237.pdf p.13 Fig.9(a),2017,Ireland,long,master_funds,7.0,US$ bn,
ISD 2018,ISD 2018 PDF InvestmentsStatisti_1606474237.pdf p.13 Fig.9(a),2018,Ireland,long,st_debt,11.0,US$ bn,
ISD 2018,ISD 2018 PDF InvestmentsStatisti_1606474237.pdf p.13 Fig.9(a),2017,Ireland,long,st_debt,0.0,US$ bn,
ISD 2018,ISD 2018 PDF InvestmentsStatisti_1606474237.pdf p.13 Fig.9(a),2018,Ireland,long,lt_debt,20.0,US$ bn,
ISD 2018,ISD 2018 PDF InvestmentsStatisti_1606474237.pdf p.13 Fig.9(a),2017,Ireland,long,lt_debt,2.0,US$ bn,
ISD 2018,ISD 2018 PDF InvestmentsStatisti_1606474237.pdf p.13 Fig.9(a),2018,Germany,long,total,42.0,US$ bn,
ISD 2018,ISD 2018 PDF InvestmentsStatisti_1606474237.pdf p.13 Fig.9(a),2017,Germany,long,total,20.0,US$ bn,
ISD 2018,ISD 2018 PDF InvestmentsStatisti_1606474237.pdf p.13 Fig.9(a),2018,Germany,long,equities,11.0,US$ bn,
ISD 2018,ISD 2018 PDF InvestmentsStatisti_1606474237.pdf p.13 Fig.9(a),2017,Germany,long,equities,9.0,US$ bn,
ISD 2018,ISD 2018 PDF InvestmentsStatisti_1606474237.pdf p.13 Fig.9(a),2018,Germany,long,master_funds,16.0,US$ bn,
ISD 2018,ISD 2018 PDF InvestmentsStatisti_1606474237.pdf p.13 Fig.9(a),2017,Germany,long,master_funds,0.0,US$ bn,
ISD 2018,ISD 2018 PDF InvestmentsStatisti_1606474237.pdf p.13 Fig.9(a),2018,Germany,long,st_debt,1.0,US$ bn,
ISD 2018,ISD 2018 PDF InvestmentsStatisti_1606474237.pdf p.13 Fig.9(a),2017,Germany,long,st_debt,3.0,US$ bn,
ISD 2018,ISD 2018 PDF InvestmentsStatisti_1606474237.pdf p.13 Fig.9(a),2018,Germany,long,lt_debt,4.0,US$ bn,
ISD 2018,ISD 2018 PDF InvestmentsStatisti_1606474237.pdf p.13 Fig.9(a),2017,Germany,long,lt_debt,8.0,US$ bn,
ISD 2018,ISD 2018 PDF InvestmentsStatisti_1606474237.pdf p.13 Fig.9(a),2018,Canada,long,total,25.0,US$ bn,
ISD 2018,ISD 2018 PDF InvestmentsStatisti_1606474237.pdf p.13 Fig.9(a),2017,Canada,long,total,16.0,US$ bn,
ISD 2018,ISD 2018 PDF InvestmentsStatisti_1606474237.pdf p.13 Fig.9(a),2018,Canada,long,equities,10.0,US$ bn,
ISD 2018,ISD 2018 PDF InvestmentsStatisti_1606474237.pdf p.13 Fig.9(a),2017,Canada,long,equities,6.0,US$ bn,
ISD 2018,ISD 2018 PDF InvestmentsStatisti_1606474237.pdf p.13 Fig.9(a),2018,Canada,long,master_funds,0.0,US$ bn,
ISD 2018,ISD 2018 PDF InvestmentsStatisti_1606474237.pdf p.13 Fig.9(a),2017,Canada,long,master_funds,0.0,US$ bn,
ISD 2018,ISD 2018 PDF InvestmentsStatisti_1606474237.pdf p.13 Fig.9(a),2018,Canada,long,st_debt,2.0,US$ bn,
ISD 2018,ISD 2018 PDF InvestmentsStatisti_1606474237.pdf p.13 Fig.9(a),2017,Canada,long,st_debt,2.0,US$ bn,
ISD 2018,ISD 2018 PDF InvestmentsStatisti_1606474237.pdf p.13 Fig.9(a),2018,Canada,long,lt_debt,13.0,US$ bn,
ISD 2018,ISD 2018 PDF InvestmentsStatisti_1606474237.pdf p.13 Fig.9(a),2017,Canada,long,lt_debt,8.0,US$ bn,
ISD 2018,ISD 2018 PDF InvestmentsStatisti_1606474237.pdf p.13 Fig.9(a),2018,Curacao,long,total,23.0,US$ bn,
ISD 2018,ISD 2018 PDF InvestmentsStatisti_1606474237.pdf p.13 Fig.9(a),2017,Curacao,long,total,16.0,US$ bn,
ISD 2018,ISD 2018 PDF InvestmentsStatisti_1606474237.pdf p.13 Fig.9(a),2018,Curacao,long,equities,0.0,US$ bn,
ISD 2018,ISD 2018 PDF InvestmentsStatisti_1606474237.pdf p.13 Fig.9(a),2017,Curacao,long,equities,0.0,US$ bn,
ISD 2018,ISD 2018 PDF InvestmentsStatisti_1606474237.pdf p.13 Fig.9(a),2018,Curacao,long,master_funds,23.0,US$ bn,
ISD 2018,ISD 2018 PDF InvestmentsStatisti_1606474237.pdf p.13 Fig.9(a),2017,Curacao,long,master_funds,16.0,US$ bn,
ISD 2018,ISD 2018 PDF InvestmentsStatisti_1606474237.pdf p.13 Fig.9(a),2018,Curacao,long,st_debt,0.0,US$ bn,
ISD 2018,ISD 2018 PDF InvestmentsStatisti_1606474237.pdf p.13 Fig.9(a),2017,Curacao,long,st_debt,0.0,US$ bn,
ISD 2018,ISD 2018 PDF InvestmentsStatisti_1606474237.pdf p.13 Fig.9(a),2018,Curacao,long,lt_debt,0.0,US$ bn,
ISD 2018,ISD 2018 PDF InvestmentsStatisti_1606474237.pdf p.13 Fig.9(a),2017,Curacao,long,lt_debt,0.0,US$ bn,
ISD 2018,ISD 2018 PDF InvestmentsStatisti_1606474237.pdf p.13 Fig.9(a),2018,Denmark,long,total,2.0,US$ bn,
ISD 2018,ISD 2018 PDF InvestmentsStatisti_1606474237.pdf p.13 Fig.9(a),2017,Denmark,long,total,4.0,US$ bn,
ISD 2018,ISD 2018 PDF InvestmentsStatisti_1606474237.pdf p.13 Fig.9(a),2018,Denmark,long,equities,0.0,US$ bn,
ISD 2018,ISD 2018 PDF InvestmentsStatisti_1606474237.pdf p.13 Fig.9(a),2017,Denmark,long,equities,2.0,US$ bn,
ISD 2018,ISD 2018 PDF InvestmentsStatisti_1606474237.pdf p.13 Fig.9(a),2018,Denmark,long,master_funds,0.0,US$ bn,
ISD 2018,ISD 2018 PDF InvestmentsStatisti_1606474237.pdf p.13 Fig.9(a),2017,Denmark,long,master_funds,0.0,US$ bn,
ISD 2018,ISD 2018 PDF InvestmentsStatisti_1606474237.pdf p.13 Fig.9(a),2018,Denmark,long,st_debt,0.0,US$ bn,
ISD 2018,ISD 2018 PDF InvestmentsStatisti_1606474237.pdf p.13 Fig.9(a),2017,Denmark,long,st_debt,0.0,US$ bn,
ISD 2018,ISD 2018 PDF InvestmentsStatisti_1606474237.pdf p.13 Fig.9(a),2018,Denmark,long,lt_debt,2.0,US$ bn,
ISD 2018,ISD 2018 PDF InvestmentsStatisti_1606474237.pdf p.13 Fig.9(a),2017,Denmark,long,lt_debt,2.0,US$ bn,
ISD 2018,ISD 2018 PDF InvestmentsStatisti_1606474237.pdf p.13 Fig.9(a),2018,Sweden,long,total,8.0,US$ bn,
ISD 2018,ISD 2018 PDF InvestmentsStatisti_1606474237.pdf p.13 Fig.9(a),2017,Sweden,long,total,1.0,US$ bn,
ISD 2018,ISD 2018 PDF InvestmentsStatisti_1606474237.pdf p.13 Fig.9(a),2018,Sweden,long,equities,3.0,US$ bn,
ISD 2018,ISD 2018 PDF InvestmentsStatisti_1606474237.pdf p.13 Fig.9(a),2017,Sweden,long,equities,0.0,US$ bn,
ISD 2018,ISD 2018 PDF InvestmentsStatisti_1606474237.pdf p.13 Fig.9(a),2018,Sweden,long,master_funds,0.0,US$ bn,
ISD 2018,ISD 2018 PDF InvestmentsStatisti_1606474237.pdf p.13 Fig.9(a),2017,Sweden,long,master_funds,0.0,US$ bn,
ISD 2018,ISD 2018 PDF InvestmentsStatisti_1606474237.pdf p.13 Fig.9(a),2018,Sweden,long,st_debt,0.0,US$ bn,
ISD 2018,ISD 2018 PDF InvestmentsStatisti_1606474237.pdf p.13 Fig.9(a),2017,Sweden,long,st_debt,0.0,US$ bn,
ISD 2018,ISD 2018 PDF InvestmentsStatisti_1606474237.pdf p.13 Fig.9(a),2018,Sweden,long,lt_debt,6.0,US$ bn,
ISD 2018,ISD 2018 PDF InvestmentsStatisti_1606474237.pdf p.13 Fig.9(a),2017,Sweden,long,lt_debt,1.0,US$ bn,
ISD 2018,ISD 2018 PDF InvestmentsStatisti_1606474237.pdf p.13 Fig.9(a),2018,Other Developed Countries,long,total,110.0,US$ bn,
ISD 2018,ISD 2018 PDF InvestmentsStatisti_1606474237.pdf p.13 Fig.9(a),2017,Other Developed Countries,long,total,86.0,US$ bn,
ISD 2018,ISD 2018 PDF InvestmentsStatisti_1606474237.pdf p.13 Fig.9(a),2018,Other Developed Countries,long,equities,20.0,US$ bn,
ISD 2018,ISD 2018 PDF InvestmentsStatisti_1606474237.pdf p.13 Fig.9(a),2017,Other Developed Countries,long,equities,24.0,US$ bn,
ISD 2018,ISD 2018 PDF InvestmentsStatisti_1606474237.pdf p.13 Fig.9(a),2018,Other Developed Countries,long,master_funds,9.0,US$ bn,
ISD 2018,ISD 2018 PDF InvestmentsStatisti_1606474237.pdf p.13 Fig.9(a),2017,Other Developed Countries,long,master_funds,8.0,US$ bn,
ISD 2018,ISD 2018 PDF InvestmentsStatisti_1606474237.pdf p.13 Fig.9(a),2018,Other Developed Countries,long,st_debt,20.0,US$ bn,
ISD 2018,ISD 2018 PDF InvestmentsStatisti_1606474237.pdf p.13 Fig.9(a),2017,Other Developed Countries,long,st_debt,11.0,US$ bn,
ISD 2018,ISD 2018 PDF InvestmentsStatisti_1606474237.pdf p.13 Fig.9(a),2018,Other Developed Countries,long,lt_debt,61.0,US$ bn,
ISD 2018,ISD 2018 PDF InvestmentsStatisti_1606474237.pdf p.13 Fig.9(a),2017,Other Developed Countries,long,lt_debt,43.0,US$ bn,
ISD 2018,ISD 2018 PDF InvestmentsStatisti_1606474237.pdf p.13 Fig.9(a),2018,Developing Asia and the Pacific,long,total,27.0,US$ bn,
ISD 2018,ISD 2018 PDF InvestmentsStatisti_1606474237.pdf p.13 Fig.9(a),2017,Developing Asia and the Pacific,long,total,25.0,US$ bn,
ISD 2018,ISD 2018 PDF InvestmentsStatisti_1606474237.pdf p.13 Fig.9(a),2018,Developing Asia and the Pacific,long,equities,19.0,US$ bn,
ISD 2018,ISD 2018 PDF InvestmentsStatisti_1606474237.pdf p.13 Fig.9(a),2017,Developing Asia and the Pacific,long,equities,17.0,US$ bn,
ISD 2018,ISD 2018 PDF InvestmentsStatisti_1606474237.pdf p.13 Fig.9(a),2018,Developing Asia and the Pacific,long,master_funds,0.0,US$ bn,
ISD 2018,ISD 2018 PDF InvestmentsStatisti_1606474237.pdf p.13 Fig.9(a),2017,Developing Asia and the Pacific,long,master_funds,0.0,US$ bn,
ISD 2018,ISD 2018 PDF InvestmentsStatisti_1606474237.pdf p.13 Fig.9(a),2018,Developing Asia and the Pacific,long,st_debt,1.0,US$ bn,
ISD 2018,ISD 2018 PDF InvestmentsStatisti_1606474237.pdf p.13 Fig.9(a),2017,Developing Asia and the Pacific,long,st_debt,1.0,US$ bn,
ISD 2018,ISD 2018 PDF InvestmentsStatisti_1606474237.pdf p.13 Fig.9(a),2018,Developing Asia and the Pacific,long,lt_debt,8.0,US$ bn,
ISD 2018,ISD 2018 PDF InvestmentsStatisti_1606474237.pdf p.13 Fig.9(a),2017,Developing Asia and the Pacific,long,lt_debt,7.0,US$ bn,
ISD 2018,ISD 2018 PDF InvestmentsStatisti_1606474237.pdf p.13 Fig.9(a),2018,Other Offshore Centres,long,total,19.0,US$ bn,
ISD 2018,ISD 2018 PDF InvestmentsStatisti_1606474237.pdf p.13 Fig.9(a),2017,Other Offshore Centres,long,total,21.0,US$ bn,
ISD 2018,ISD 2018 PDF InvestmentsStatisti_1606474237.pdf p.13 Fig.9(a),2018,Other Offshore Centres,long,equities,12.0,US$ bn,
ISD 2018,ISD 2018 PDF InvestmentsStatisti_1606474237.pdf p.13 Fig.9(a),2017,Other Offshore Centres,long,equities,11.0,US$ bn,
ISD 2018,ISD 2018 PDF InvestmentsStatisti_1606474237.pdf p.13 Fig.9(a),2018,Other Offshore Centres,long,master_funds,4.0,US$ bn,
ISD 2018,ISD 2018 PDF InvestmentsStatisti_1606474237.pdf p.13 Fig.9(a),2017,Other Offshore Centres,long,master_funds,5.0,US$ bn,
ISD 2018,ISD 2018 PDF InvestmentsStatisti_1606474237.pdf p.13 Fig.9(a),2018,Other Offshore Centres,long,st_debt,0.0,US$ bn,
ISD 2018,ISD 2018 PDF InvestmentsStatisti_1606474237.pdf p.13 Fig.9(a),2017,Other Offshore Centres,long,st_debt,1.0,US$ bn,
ISD 2018,ISD 2018 PDF InvestmentsStatisti_1606474237.pdf p.13 Fig.9(a),2018,Other Offshore Centres,long,lt_debt,2.0,US$ bn,
ISD 2018,ISD 2018 PDF InvestmentsStatisti_1606474237.pdf p.13 Fig.9(a),2017,Other Offshore Centres,long,lt_debt,4.0,US$ bn,
ISD 2018,ISD 2018 PDF InvestmentsStatisti_1606474237.pdf p.13 Fig.9(a),2018,Developing Latin America and the Caribbean,long,total,21.0,US$ bn,
ISD 2018,ISD 2018 PDF InvestmentsStatisti_1606474237.pdf p.13 Fig.9(a),2017,Developing Latin America and the Caribbean,long,total,20.0,US$ bn,
ISD 2018,ISD 2018 PDF InvestmentsStatisti_1606474237.pdf p.13 Fig.9(a),2018,Developing Latin America and the Caribbean,long,equities,8.0,US$ bn,
ISD 2018,ISD 2018 PDF InvestmentsStatisti_1606474237.pdf p.13 Fig.9(a),2017,Developing Latin America and the Caribbean,long,equities,7.0,US$ bn,
ISD 2018,ISD 2018 PDF InvestmentsStatisti_1606474237.pdf p.13 Fig.9(a),2018,Developing Latin America and the Caribbean,long,master_funds,0.0,US$ bn,
ISD 2018,ISD 2018 PDF InvestmentsStatisti_1606474237.pdf p.13 Fig.9(a),2017,Developing Latin America and the Caribbean,long,master_funds,0.0,US$ bn,
ISD 2018,ISD 2018 PDF InvestmentsStatisti_1606474237.pdf p.13 Fig.9(a),2018,Developing Latin America and the Caribbean,long,st_debt,1.0,US$ bn,
ISD 2018,ISD 2018 PDF InvestmentsStatisti_1606474237.pdf p.13 Fig.9(a),2017,Developing Latin America and the Caribbean,long,st_debt,1.0,US$ bn,
ISD 2018,ISD 2018 PDF InvestmentsStatisti_1606474237.pdf p.13 Fig.9(a),2018,Developing Latin America and the Caribbean,long,lt_debt,12.0,US$ bn,
ISD 2018,ISD 2018 PDF InvestmentsStatisti_1606474237.pdf p.13 Fig.9(a),2017,Developing Latin America and the Caribbean,long,lt_debt,12.0,US$ bn,
ISD 2018,ISD 2018 PDF InvestmentsStatisti_1606474237.pdf p.13 Fig.9(a),2018,Developing Europe,long,total,8.0,US$ bn,
ISD 2018,ISD 2018 PDF InvestmentsStatisti_1606474237.pdf p.13 Fig.9(a),2017,Developing Europe,long,total,9.0,US$ bn,
ISD 2018,ISD 2018 PDF InvestmentsStatisti_1606474237.pdf p.13 Fig.9(a),2018,Developing Europe,long,equities,3.0,US$ bn,
ISD 2018,ISD 2018 PDF InvestmentsStatisti_1606474237.pdf p.13 Fig.9(a),2017,Developing Europe,long,equities,4.0,US$ bn,
ISD 2018,ISD 2018 PDF InvestmentsStatisti_1606474237.pdf p.13 Fig.9(a),2018,Developing Europe,long,master_funds,0.0,US$ bn,
ISD 2018,ISD 2018 PDF InvestmentsStatisti_1606474237.pdf p.13 Fig.9(a),2017,Developing Europe,long,master_funds,0.0,US$ bn,
ISD 2018,ISD 2018 PDF InvestmentsStatisti_1606474237.pdf p.13 Fig.9(a),2018,Developing Europe,long,st_debt,0.0,US$ bn,
ISD 2018,ISD 2018 PDF InvestmentsStatisti_1606474237.pdf p.13 Fig.9(a),2017,Developing Europe,long,st_debt,0.0,US$ bn,
ISD 2018,ISD 2018 PDF InvestmentsStatisti_1606474237.pdf p.13 Fig.9(a),2018,Developing Europe,long,lt_debt,5.0,US$ bn,
ISD 2018,ISD 2018 PDF InvestmentsStatisti_1606474237.pdf p.13 Fig.9(a),2017,Developing Europe,long,lt_debt,5.0,US$ bn,
ISD 2018,ISD 2018 PDF InvestmentsStatisti_1606474237.pdf p.13 Fig.9(a),2018,Developing Africa and the Middle East,long,total,9.0,US$ bn,
ISD 2018,ISD 2018 PDF InvestmentsStatisti_1606474237.pdf p.13 Fig.9(a),2017,Developing Africa and the Middle East,long,total,9.0,US$ bn,
ISD 2018,ISD 2018 PDF InvestmentsStatisti_1606474237.pdf p.13 Fig.9(a),2018,Developing Africa and the Middle East,long,equities,4.0,US$ bn,
ISD 2018,ISD 2018 PDF InvestmentsStatisti_1606474237.pdf p.13 Fig.9(a),2017,Developing Africa and the Middle East,long,equities,3.0,US$ bn,
ISD 2018,ISD 2018 PDF InvestmentsStatisti_1606474237.pdf p.13 Fig.9(a),2018,Developing Africa and the Middle East,long,master_funds,0.0,US$ bn,
ISD 2018,ISD 2018 PDF InvestmentsStatisti_1606474237.pdf p.13 Fig.9(a),2017,Developing Africa and the Middle East,long,master_funds,0.0,US$ bn,
ISD 2018,ISD 2018 PDF InvestmentsStatisti_1606474237.pdf p.13 Fig.9(a),2018,Developing Africa and the Middle East,long,st_debt,0.0,US$ bn,
ISD 2018,ISD 2018 PDF InvestmentsStatisti_1606474237.pdf p.13 Fig.9(a),2017,Developing Africa and the Middle East,long,st_debt,0.0,US$ bn,
ISD 2018,ISD 2018 PDF InvestmentsStatisti_1606474237.pdf p.13 Fig.9(a),2018,Developing Africa and the Middle East,long,lt_debt,5.0,US$ bn,
ISD 2018,ISD 2018 PDF InvestmentsStatisti_1606474237.pdf p.13 Fig.9(a),2017,Developing Africa and the Middle East,long,lt_debt,6.0,US$ bn,
ISD 2018,ISD 2018 PDF InvestmentsStatisti_1606474237.pdf p.13 Fig.9(a),2018,Total,long,total,3458.0,US$ bn,
ISD 2018,ISD 2018 PDF InvestmentsStatisti_1606474237.pdf p.13 Fig.9(a),2017,Total,long,total,3070.0,US$ bn,
ISD 2018,ISD 2018 PDF InvestmentsStatisti_1606474237.pdf p.13 Fig.9(a),2018,Total,long,equities,694.0,US$ bn,
ISD 2018,ISD 2018 PDF InvestmentsStatisti_1606474237.pdf p.13 Fig.9(a),2017,Total,long,equities,813.0,US$ bn,
ISD 2018,ISD 2018 PDF InvestmentsStatisti_1606474237.pdf p.13 Fig.9(a),2018,Total,long,master_funds,1267.0,US$ bn,
ISD 2018,ISD 2018 PDF InvestmentsStatisti_1606474237.pdf p.13 Fig.9(a),2017,Total,long,master_funds,1267.0,US$ bn,
ISD 2018,ISD 2018 PDF InvestmentsStatisti_1606474237.pdf p.13 Fig.9(a),2018,Total,long,st_debt,279.0,US$ bn,
ISD 2018,ISD 2018 PDF InvestmentsStatisti_1606474237.pdf p.13 Fig.9(a),2017,Total,long,st_debt,180.0,US$ bn,
ISD 2018,ISD 2018 PDF InvestmentsStatisti_1606474237.pdf p.13 Fig.9(a),2018,Total,long,lt_debt,1219.0,US$ bn,
ISD 2018,ISD 2018 PDF InvestmentsStatisti_1606474237.pdf p.13 Fig.9(a),2017,Total,long,lt_debt,801.0,US$ bn,
ISD 2018,ISD 2018 PDF InvestmentsStatisti_1606474237.pdf p.15 Fig.10(a),2018,Germany,short,total,-150.0,US$ bn,
ISD 2018,ISD 2018 PDF InvestmentsStatisti_1606474237.pdf p.15 Fig.10(a),2017,Germany,short,total,-105.0,US$ bn,
ISD 2018,ISD 2018 PDF InvestmentsStatisti_1606474237.pdf p.15 Fig.10(a),2018,Germany,short,equities,-1.0,US$ bn,
ISD 2018,ISD 2018 PDF InvestmentsStatisti_1606474237.pdf p.15 Fig.10(a),2017,Germany,short,equities,-1.0,US$ bn,
ISD 2018,ISD 2018 PDF InvestmentsStatisti_1606474237.pdf p.15 Fig.10(a),2018,Germany,short,st_debt,-8.0,US$ bn,
ISD 2018,ISD 2018 PDF InvestmentsStatisti_1606474237.pdf p.15 Fig.10(a),2017,Germany,short,st_debt,-3.0,US$ bn,
ISD 2018,ISD 2018 PDF InvestmentsStatisti_1606474237.pdf p.15 Fig.10(a),2018,Germany,short,lt_debt,-141.0,US$ bn,
ISD 2018,ISD 2018 PDF InvestmentsStatisti_1606474237.pdf p.15 Fig.10(a),2017,Germany,short,lt_debt,-101.0,US$ bn,
ISD 2018,ISD 2018 PDF InvestmentsStatisti_1606474237.pdf p.15 Fig.10(a),2018,United States,short,total,-137.0,US$ bn,
ISD 2018,ISD 2018 PDF InvestmentsStatisti_1606474237.pdf p.15 Fig.10(a),2017,United States,short,total,-67.0,US$ bn,
ISD 2018,ISD 2018 PDF InvestmentsStatisti_1606474237.pdf p.15 Fig.10(a),2018,United States,short,equities,-15.0,US$ bn,
ISD 2018,ISD 2018 PDF InvestmentsStatisti_1606474237.pdf p.15 Fig.10(a),2017,United States,short,equities,-13.0,US$ bn,
ISD 2018,ISD 2018 PDF InvestmentsStatisti_1606474237.pdf p.15 Fig.10(a),2018,United States,short,st_debt,-91.0,US$ bn,
ISD 2018,ISD 2018 PDF InvestmentsStatisti_1606474237.pdf p.15 Fig.10(a),2017,United States,short,st_debt,-48.0,US$ bn,
ISD 2018,ISD 2018 PDF InvestmentsStatisti_1606474237.pdf p.15 Fig.10(a),2018,United States,short,lt_debt,-32.0,US$ bn,
ISD 2018,ISD 2018 PDF InvestmentsStatisti_1606474237.pdf p.15 Fig.10(a),2017,United States,short,lt_debt,-6.0,US$ bn,
ISD 2018,ISD 2018 PDF InvestmentsStatisti_1606474237.pdf p.15 Fig.10(a),2018,France,short,total,-57.0,US$ bn,
ISD 2018,ISD 2018 PDF InvestmentsStatisti_1606474237.pdf p.15 Fig.10(a),2017,France,short,total,-51.0,US$ bn,
ISD 2018,ISD 2018 PDF InvestmentsStatisti_1606474237.pdf p.15 Fig.10(a),2018,France,short,equities,0.0,US$ bn,
ISD 2018,ISD 2018 PDF InvestmentsStatisti_1606474237.pdf p.15 Fig.10(a),2017,France,short,equities,-1.0,US$ bn,
ISD 2018,ISD 2018 PDF InvestmentsStatisti_1606474237.pdf p.15 Fig.10(a),2018,France,short,st_debt,-8.0,US$ bn,
ISD 2018,ISD 2018 PDF InvestmentsStatisti_1606474237.pdf p.15 Fig.10(a),2017,France,short,st_debt,-5.0,US$ bn,
ISD 2018,ISD 2018 PDF InvestmentsStatisti_1606474237.pdf p.15 Fig.10(a),2018,France,short,lt_debt,-50.0,US$ bn,
ISD 2018,ISD 2018 PDF InvestmentsStatisti_1606474237.pdf p.15 Fig.10(a),2017,France,short,lt_debt,-45.0,US$ bn,
ISD 2018,ISD 2018 PDF InvestmentsStatisti_1606474237.pdf p.15 Fig.10(a),2018,United Kingdom,short,total,-31.0,US$ bn,
ISD 2018,ISD 2018 PDF InvestmentsStatisti_1606474237.pdf p.15 Fig.10(a),2017,United Kingdom,short,total,-37.0,US$ bn,
ISD 2018,ISD 2018 PDF InvestmentsStatisti_1606474237.pdf p.15 Fig.10(a),2018,United Kingdom,short,equities,0.0,US$ bn,
ISD 2018,ISD 2018 PDF InvestmentsStatisti_1606474237.pdf p.15 Fig.10(a),2017,United Kingdom,short,equities,0.0,US$ bn,
ISD 2018,ISD 2018 PDF InvestmentsStatisti_1606474237.pdf p.15 Fig.10(a),2018,United Kingdom,short,st_debt,-12.0,US$ bn,
ISD 2018,ISD 2018 PDF InvestmentsStatisti_1606474237.pdf p.15 Fig.10(a),2017,United Kingdom,short,st_debt,-5.0,US$ bn,
ISD 2018,ISD 2018 PDF InvestmentsStatisti_1606474237.pdf p.15 Fig.10(a),2018,United Kingdom,short,lt_debt,-19.0,US$ bn,
ISD 2018,ISD 2018 PDF InvestmentsStatisti_1606474237.pdf p.15 Fig.10(a),2017,United Kingdom,short,lt_debt,-32.0,US$ bn,
ISD 2018,ISD 2018 PDF InvestmentsStatisti_1606474237.pdf p.15 Fig.10(a),2018,China,short,total,-4.0,US$ bn,
ISD 2018,ISD 2018 PDF InvestmentsStatisti_1606474237.pdf p.15 Fig.10(a),2017,China,short,total,-8.0,US$ bn,
ISD 2018,ISD 2018 PDF InvestmentsStatisti_1606474237.pdf p.15 Fig.10(a),2018,China,short,equities,-4.0,US$ bn,
ISD 2018,ISD 2018 PDF InvestmentsStatisti_1606474237.pdf p.15 Fig.10(a),2017,China,short,equities,-8.0,US$ bn,
ISD 2018,ISD 2018 PDF InvestmentsStatisti_1606474237.pdf p.15 Fig.10(a),2018,China,short,st_debt,0.0,US$ bn,
ISD 2018,ISD 2018 PDF InvestmentsStatisti_1606474237.pdf p.15 Fig.10(a),2017,China,short,st_debt,0.0,US$ bn,
ISD 2018,ISD 2018 PDF InvestmentsStatisti_1606474237.pdf p.15 Fig.10(a),2018,China,short,lt_debt,0.0,US$ bn,
ISD 2018,ISD 2018 PDF InvestmentsStatisti_1606474237.pdf p.15 Fig.10(a),2017,China,short,lt_debt,0.0,US$ bn,
ISD 2018,ISD 2018 PDF InvestmentsStatisti_1606474237.pdf p.15 Fig.10(a),2018,Netherlands,short,total,-2.0,US$ bn,
ISD 2018,ISD 2018 PDF InvestmentsStatisti_1606474237.pdf p.15 Fig.10(a),2017,Netherlands,short,total,-6.0,US$ bn,
ISD 2018,ISD 2018 PDF InvestmentsStatisti_1606474237.pdf p.15 Fig.10(a),2018,Netherlands,short,equities,0.0,US$ bn,
ISD 2018,ISD 2018 PDF InvestmentsStatisti_1606474237.pdf p.15 Fig.10(a),2017,Netherlands,short,equities,-1.0,US$ bn,
ISD 2018,ISD 2018 PDF InvestmentsStatisti_1606474237.pdf p.15 Fig.10(a),2018,Netherlands,short,st_debt,-1.0,US$ bn,
ISD 2018,ISD 2018 PDF InvestmentsStatisti_1606474237.pdf p.15 Fig.10(a),2017,Netherlands,short,st_debt,-1.0,US$ bn,
ISD 2018,ISD 2018 PDF InvestmentsStatisti_1606474237.pdf p.15 Fig.10(a),2018,Netherlands,short,lt_debt,-1.0,US$ bn,
ISD 2018,ISD 2018 PDF InvestmentsStatisti_1606474237.pdf p.15 Fig.10(a),2017,Netherlands,short,lt_debt,-4.0,US$ bn,
ISD 2018,ISD 2018 PDF InvestmentsStatisti_1606474237.pdf p.15 Fig.10(a),2018,Canada,short,total,-6.0,US$ bn,
ISD 2018,ISD 2018 PDF InvestmentsStatisti_1606474237.pdf p.15 Fig.10(a),2017,Canada,short,total,-6.0,US$ bn,
ISD 2018,ISD 2018 PDF InvestmentsStatisti_1606474237.pdf p.15 Fig.10(a),2018,Canada,short,equities,-50.0,US$ bn,
ISD 2018,ISD 2018 PDF InvestmentsStatisti_1606474237.pdf p.15 Fig.10(a),2017,Canada,short,equities,-1.0,US$ bn,
ISD 2018,ISD 2018 PDF InvestmentsStatisti_1606474237.pdf p.15 Fig.10(a),2018,Canada,short,st_debt,-3.0,US$ bn,
ISD 2018,ISD 2018 PDF InvestmentsStatisti_1606474237.pdf p.15 Fig.10(a),2017,Canada,short,st_debt,-2.0,US$ bn,
ISD 2018,ISD 2018 PDF InvestmentsStatisti_1606474237.pdf p.15 Fig.10(a),2018,Canada,short,lt_debt,-2.0,US$ bn,
ISD 2018,ISD 2018 PDF InvestmentsStatisti_1606474237.pdf p.15 Fig.10(a),2017,Canada,short,lt_debt,-3.0,US$ bn,
ISD 2018,ISD 2018 PDF InvestmentsStatisti_1606474237.pdf p.15 Fig.10(a),2018,Japan,short,total,-6.0,US$ bn,
ISD 2018,ISD 2018 PDF InvestmentsStatisti_1606474237.pdf p.15 Fig.10(a),2017,Japan,short,total,-5.0,US$ bn,
ISD 2018,ISD 2018 PDF InvestmentsStatisti_1606474237.pdf p.15 Fig.10(a),2018,Japan,short,equities,-3.0,US$ bn,
ISD 2018,ISD 2018 PDF InvestmentsStatisti_1606474237.pdf p.15 Fig.10(a),2017,Japan,short,equities,-2.0,US$ bn,
ISD 2018,ISD 2018 PDF InvestmentsStatisti_1606474237.pdf p.15 Fig.10(a),2018,Japan,short,st_debt,-1.0,US$ bn,
ISD 2018,ISD 2018 PDF InvestmentsStatisti_1606474237.pdf p.15 Fig.10(a),2017,Japan,short,st_debt,-2.0,US$ bn,
ISD 2018,ISD 2018 PDF InvestmentsStatisti_1606474237.pdf p.15 Fig.10(a),2018,Japan,short,lt_debt,-2.0,US$ bn,
ISD 2018,ISD 2018 PDF InvestmentsStatisti_1606474237.pdf p.15 Fig.10(a),2017,Japan,short,lt_debt,-1.0,US$ bn,
ISD 2018,ISD 2018 PDF InvestmentsStatisti_1606474237.pdf p.15 Fig.10(a),2018,Denmark,short,total,0.0,US$ bn,
ISD 2018,ISD 2018 PDF InvestmentsStatisti_1606474237.pdf p.15 Fig.10(a),2017,Denmark,short,total,-1.0,US$ bn,
ISD 2018,ISD 2018 PDF InvestmentsStatisti_1606474237.pdf p.15 Fig.10(a),2018,Denmark,short,equities,0.0,US$ bn,
ISD 2018,ISD 2018 PDF InvestmentsStatisti_1606474237.pdf p.15 Fig.10(a),2017,Denmark,short,equities,0.0,US$ bn,
ISD 2018,ISD 2018 PDF InvestmentsStatisti_1606474237.pdf p.15 Fig.10(a),2018,Denmark,short,st_debt,0.0,US$ bn,
ISD 2018,ISD 2018 PDF InvestmentsStatisti_1606474237.pdf p.15 Fig.10(a),2017,Denmark,short,st_debt,-1.0,US$ bn,
ISD 2018,ISD 2018 PDF InvestmentsStatisti_1606474237.pdf p.15 Fig.10(a),2018,Denmark,short,lt_debt,0.0,US$ bn,
ISD 2018,ISD 2018 PDF InvestmentsStatisti_1606474237.pdf p.15 Fig.10(a),2017,Denmark,short,lt_debt,0.0,US$ bn,
ISD 2018,ISD 2018 PDF InvestmentsStatisti_1606474237.pdf p.15 Fig.10(a),2018,Sweden,short,total,-1.0,US$ bn,
ISD 2018,ISD 2018 PDF InvestmentsStatisti_1606474237.pdf p.15 Fig.10(a),2017,Sweden,short,total,0.0,US$ bn,
ISD 2018,ISD 2018 PDF InvestmentsStatisti_1606474237.pdf p.15 Fig.10(a),2018,Sweden,short,equities,0.0,US$ bn,
ISD 2018,ISD 2018 PDF InvestmentsStatisti_1606474237.pdf p.15 Fig.10(a),2017,Sweden,short,equities,0.0,US$ bn,
ISD 2018,ISD 2018 PDF InvestmentsStatisti_1606474237.pdf p.15 Fig.10(a),2018,Sweden,short,st_debt,0.0,US$ bn,
ISD 2018,ISD 2018 PDF InvestmentsStatisti_1606474237.pdf p.15 Fig.10(a),2017,Sweden,short,st_debt,0.0,US$ bn,
ISD 2018,ISD 2018 PDF InvestmentsStatisti_1606474237.pdf p.15 Fig.10(a),2018,Sweden,short,lt_debt,0.0,US$ bn,
ISD 2018,ISD 2018 PDF InvestmentsStatisti_1606474237.pdf p.15 Fig.10(a),2017,Sweden,short,lt_debt,0.0,US$ bn,
ISD 2018,ISD 2018 PDF InvestmentsStatisti_1606474237.pdf p.15 Fig.10(a),2018,Hong Kong,short,total,-1.0,US$ bn,
ISD 2018,ISD 2018 PDF InvestmentsStatisti_1606474237.pdf p.15 Fig.10(a),2017,Hong Kong,short,total,-1.0,US$ bn,
ISD 2018,ISD 2018 PDF InvestmentsStatisti_1606474237.pdf p.15 Fig.10(a),2018,Hong Kong,short,equities,-1.0,US$ bn,
ISD 2018,ISD 2018 PDF InvestmentsStatisti_1606474237.pdf p.15 Fig.10(a),2017,Hong Kong,short,equities,-1.0,US$ bn,
ISD 2018,ISD 2018 PDF InvestmentsStatisti_1606474237.pdf p.15 Fig.10(a),2018,Hong Kong,short,st_debt,0.0,US$ bn,
ISD 2018,ISD 2018 PDF InvestmentsStatisti_1606474237.pdf p.15 Fig.10(a),2017,Hong Kong,short,st_debt,0.0,US$ bn,
ISD 2018,ISD 2018 PDF InvestmentsStatisti_1606474237.pdf p.15 Fig.10(a),2018,Hong Kong,short,lt_debt,0.0,US$ bn,
ISD 2018,ISD 2018 PDF InvestmentsStatisti_1606474237.pdf p.15 Fig.10(a),2017,Hong Kong,short,lt_debt,0.0,US$ bn,
ISD 2018,ISD 2018 PDF InvestmentsStatisti_1606474237.pdf p.15 Fig.10(a),2018,Cayman Islands,short,total,-1.0,US$ bn,
ISD 2018,ISD 2018 PDF InvestmentsStatisti_1606474237.pdf p.15 Fig.10(a),2017,Cayman Islands,short,total,0.0,US$ bn,
ISD 2018,ISD 2018 PDF InvestmentsStatisti_1606474237.pdf p.15 Fig.10(a),2018,Cayman Islands,short,equities,-1.0,US$ bn,
ISD 2018,ISD 2018 PDF InvestmentsStatisti_1606474237.pdf p.15 Fig.10(a),2017,Cayman Islands,short,equities,0.0,US$ bn,
ISD 2018,ISD 2018 PDF InvestmentsStatisti_1606474237.pdf p.15 Fig.10(a),2018,Cayman Islands,short,st_debt,0.0,US$ bn,
ISD 2018,ISD 2018 PDF InvestmentsStatisti_1606474237.pdf p.15 Fig.10(a),2017,Cayman Islands,short,st_debt,0.0,US$ bn,
ISD 2018,ISD 2018 PDF InvestmentsStatisti_1606474237.pdf p.15 Fig.10(a),2018,Cayman Islands,short,lt_debt,0.0,US$ bn,
ISD 2018,ISD 2018 PDF InvestmentsStatisti_1606474237.pdf p.15 Fig.10(a),2017,Cayman Islands,short,lt_debt,0.0,US$ bn,
ISD 2018,ISD 2018 PDF InvestmentsStatisti_1606474237.pdf p.15 Fig.10(a),2018,British Virgin Islands,short,total,0.0,US$ bn,
ISD 2018,ISD 2018 PDF InvestmentsStatisti_1606474237.pdf p.15 Fig.10(a),2017,British Virgin Islands,short,total,0.0,US$ bn,
ISD 2018,ISD 2018 PDF InvestmentsStatisti_1606474237.pdf p.15 Fig.10(a),2018,British Virgin Islands,short,equities,0.0,US$ bn,
ISD 2018,ISD 2018 PDF InvestmentsStatisti_1606474237.pdf p.15 Fig.10(a),2017,British Virgin Islands,short,equities,0.0,US$ bn,
ISD 2018,ISD 2018 PDF InvestmentsStatisti_1606474237.pdf p.15 Fig.10(a),2018,British Virgin Islands,short,st_debt,0.0,US$ bn,
ISD 2018,ISD 2018 PDF InvestmentsStatisti_1606474237.pdf p.15 Fig.10(a),2017,British Virgin Islands,short,st_debt,0.0,US$ bn,
ISD 2018,ISD 2018 PDF InvestmentsStatisti_1606474237.pdf p.15 Fig.10(a),2018,British Virgin Islands,short,lt_debt,0.0,US$ bn,
ISD 2018,ISD 2018 PDF InvestmentsStatisti_1606474237.pdf p.15 Fig.10(a),2017,British Virgin Islands,short,lt_debt,0.0,US$ bn,
ISD 2018,ISD 2018 PDF InvestmentsStatisti_1606474237.pdf p.15 Fig.10(a),2018,Curacao,short,total,0.0,US$ bn,
ISD 2018,ISD 2018 PDF InvestmentsStatisti_1606474237.pdf p.15 Fig.10(a),2017,Curacao,short,total,0.0,US$ bn,
ISD 2018,ISD 2018 PDF InvestmentsStatisti_1606474237.pdf p.15 Fig.10(a),2018,Curacao,short,equities,0.0,US$ bn,
ISD 2018,ISD 2018 PDF InvestmentsStatisti_1606474237.pdf p.15 Fig.10(a),2017,Curacao,short,equities,0.0,US$ bn,
ISD 2018,ISD 2018 PDF InvestmentsStatisti_1606474237.pdf p.15 Fig.10(a),2018,Curacao,short,st_debt,0.0,US$ bn,
ISD 2018,ISD 2018 PDF InvestmentsStatisti_1606474237.pdf p.15 Fig.10(a),2017,Curacao,short,st_debt,0.0,US$ bn,
ISD 2018,ISD 2018 PDF InvestmentsStatisti_1606474237.pdf p.15 Fig.10(a),2018,Curacao,short,lt_debt,0.0,US$ bn,
ISD 2018,ISD 2018 PDF InvestmentsStatisti_1606474237.pdf p.15 Fig.10(a),2017,Curacao,short,lt_debt,0.0,US$ bn,
ISD 2018,ISD 2018 PDF InvestmentsStatisti_1606474237.pdf p.15 Fig.10(a),2018,Ireland,short,total,0.0,US$ bn,
ISD 2018,ISD 2018 PDF InvestmentsStatisti_1606474237.pdf p.15 Fig.10(a),2017,Ireland,short,total,0.0,US$ bn,
ISD 2018,ISD 2018 PDF InvestmentsStatisti_1606474237.pdf p.15 Fig.10(a),2018,Ireland,short,equities,0.0,US$ bn,
ISD 2018,ISD 2018 PDF InvestmentsStatisti_1606474237.pdf p.15 Fig.10(a),2017,Ireland,short,equities,0.0,US$ bn,
ISD 2018,ISD 2018 PDF InvestmentsStatisti_1606474237.pdf p.15 Fig.10(a),2018,Ireland,short,st_debt,0.0,US$ bn,
ISD 2018,ISD 2018 PDF InvestmentsStatisti_1606474237.pdf p.15 Fig.10(a),2017,Ireland,short,st_debt,0.0,US$ bn,
ISD 2018,ISD 2018 PDF InvestmentsStatisti_1606474237.pdf p.15 Fig.10(a),2018,Ireland,short,lt_debt,0.0,US$ bn,
ISD 2018,ISD 2018 PDF InvestmentsStatisti_1606474237.pdf p.15 Fig.10(a),2017,Ireland,short,lt_debt,0.0,US$ bn,
ISD 2018,ISD 2018 PDF InvestmentsStatisti_1606474237.pdf p.15 Fig.10(a),2018,Other Developed Countries,short,total,-58.0,US$ bn,
ISD 2018,ISD 2018 PDF InvestmentsStatisti_1606474237.pdf p.15 Fig.10(a),2017,Other Developed Countries,short,total,-24.0,US$ bn,
ISD 2018,ISD 2018 PDF InvestmentsStatisti_1606474237.pdf p.15 Fig.10(a),2018,Other Developed Countries,short,equities,-1.0,US$ bn,
ISD 2018,ISD 2018 PDF InvestmentsStatisti_1606474237.pdf p.15 Fig.10(a),2017,Other Developed Countries,short,equities,-1.0,US$ bn,
ISD 2018,ISD 2018 PDF InvestmentsStatisti_1606474237.pdf p.15 Fig.10(a),2018,Other Developed Countries,short,st_debt,-14.0,US$ bn,
ISD 2018,ISD 2018 PDF InvestmentsStatisti_1606474237.pdf p.15 Fig.10(a),2017,Other Developed Countries,short,st_debt,-8.0,US$ bn,
ISD 2018,ISD 2018 PDF InvestmentsStatisti_1606474237.pdf p.15 Fig.10(a),2018,Other Developed Countries,short,lt_debt,-42.0,US$ bn,
ISD 2018,ISD 2018 PDF InvestmentsStatisti_1606474237.pdf p.15 Fig.10(a),2017,Other Developed Countries,short,lt_debt,-15.0,US$ bn,
ISD 2018,ISD 2018 PDF InvestmentsStatisti_1606474237.pdf p.15 Fig.10(a),2018,Developing Latin America and the Caribbean,short,total,-1.0,US$ bn,
ISD 2018,ISD 2018 PDF InvestmentsStatisti_1606474237.pdf p.15 Fig.10(a),2017,Developing Latin America and the Caribbean,short,total,-1.0,US$ bn,
ISD 2018,ISD 2018 PDF InvestmentsStatisti_1606474237.pdf p.15 Fig.10(a),2018,Developing Latin America and the Caribbean,short,equities,0.0,US$ bn,
ISD 2018,ISD 2018 PDF InvestmentsStatisti_1606474237.pdf p.15 Fig.10(a),2017,Developing Latin America and the Caribbean,short,equities,0.0,US$ bn,
ISD 2018,ISD 2018 PDF InvestmentsStatisti_1606474237.pdf p.15 Fig.10(a),2018,Developing Latin America and the Caribbean,short,st_debt,-1.0,US$ bn,
ISD 2018,ISD 2018 PDF InvestmentsStatisti_1606474237.pdf p.15 Fig.10(a),2017,Developing Latin America and the Caribbean,short,st_debt,0.0,US$ bn,
ISD 2018,ISD 2018 PDF InvestmentsStatisti_1606474237.pdf p.15 Fig.10(a),2018,Developing Latin America and the Caribbean,short,lt_debt,0.0,US$ bn,
ISD 2018,ISD 2018 PDF InvestmentsStatisti_1606474237.pdf p.15 Fig.10(a),2017,Developing Latin America and the Caribbean,short,lt_debt,-1.0,US$ bn,
ISD 2018,ISD 2018 PDF InvestmentsStatisti_1606474237.pdf p.15 Fig.10(a),2018,Developing Africa and the Middle East,short,total,-1.0,US$ bn,
ISD 2018,ISD 2018 PDF InvestmentsStatisti_1606474237.pdf p.15 Fig.10(a),2017,Developing Africa and the Middle East,short,total,0.0,US$ bn,
ISD 2018,ISD 2018 PDF InvestmentsStatisti_1606474237.pdf p.15 Fig.10(a),2018,Developing Africa and the Middle East,short,equities,0.0,US$ bn,
ISD 2018,ISD 2018 PDF InvestmentsStatisti_1606474237.pdf p.15 Fig.10(a),2017,Developing Africa and the Middle East,short,equities,0.0,US$ bn,
ISD 2018,ISD 2018 PDF InvestmentsStatisti_1606474237.pdf p.15 Fig.10(a),2018,Developing Africa and the Middle East,short,st_debt,0.0,US$ bn,
ISD 2018,ISD 2018 PDF InvestmentsStatisti_1606474237.pdf p.15 Fig.10(a),2017,Developing Africa and the Middle East,short,st_debt,0.0,US$ bn,
ISD 2018,ISD 2018 PDF InvestmentsStatisti_1606474237.pdf p.15 Fig.10(a),2018,Developing Africa and the Middle East,short,lt_debt,-1.0,US$ bn,
ISD 2018,ISD 2018 PDF InvestmentsStatisti_1606474237.pdf p.15 Fig.10(a),2017,Developing Africa and the Middle East,short,lt_debt,0.0,US$ bn,
ISD 2018,ISD 2018 PDF InvestmentsStatisti_1606474237.pdf p.15 Fig.10(a),2018,Other Offshore Centres,short,total,0.0,US$ bn,
ISD 2018,ISD 2018 PDF InvestmentsStatisti_1606474237.pdf p.15 Fig.10(a),2017,Other Offshore Centres,short,total,0.0,US$ bn,
ISD 2018,ISD 2018 PDF InvestmentsStatisti_1606474237.pdf p.15 Fig.10(a),2018,Other Offshore Centres,short,equities,0.0,US$ bn,
ISD 2018,ISD 2018 PDF InvestmentsStatisti_1606474237.pdf p.15 Fig.10(a),2017,Other Offshore Centres,short,equities,0.0,US$ bn,
ISD 2018,ISD 2018 PDF InvestmentsStatisti_1606474237.pdf p.15 Fig.10(a),2018,Other Offshore Centres,short,st_debt,0.0,US$ bn,
ISD 2018,ISD 2018 PDF InvestmentsStatisti_1606474237.pdf p.15 Fig.10(a),2017,Other Offshore Centres,short,st_debt,0.0,US$ bn,
ISD 2018,ISD 2018 PDF InvestmentsStatisti_1606474237.pdf p.15 Fig.10(a),2018,Other Offshore Centres,short,lt_debt,0.0,US$ bn,
ISD 2018,ISD 2018 PDF InvestmentsStatisti_1606474237.pdf p.15 Fig.10(a),2017,Other Offshore Centres,short,lt_debt,0.0,US$ bn,
ISD 2018,ISD 2018 PDF InvestmentsStatisti_1606474237.pdf p.15 Fig.10(a),2018,Developing Asia and the Pacific,short,total,-1.0,US$ bn,
ISD 2018,ISD 2018 PDF InvestmentsStatisti_1606474237.pdf p.15 Fig.10(a),2017,Developing Asia and the Pacific,short,total,0.0,US$ bn,
ISD 2018,ISD 2018 PDF InvestmentsStatisti_1606474237.pdf p.15 Fig.10(a),2018,Developing Asia and the Pacific,short,equities,0.0,US$ bn,
ISD 2018,ISD 2018 PDF InvestmentsStatisti_1606474237.pdf p.15 Fig.10(a),2017,Developing Asia and the Pacific,short,equities,0.0,US$ bn,
ISD 2018,ISD 2018 PDF InvestmentsStatisti_1606474237.pdf p.15 Fig.10(a),2018,Developing Asia and the Pacific,short,st_debt,0.0,US$ bn,
ISD 2018,ISD 2018 PDF InvestmentsStatisti_1606474237.pdf p.15 Fig.10(a),2017,Developing Asia and the Pacific,short,st_debt,0.0,US$ bn,
ISD 2018,ISD 2018 PDF InvestmentsStatisti_1606474237.pdf p.15 Fig.10(a),2018,Developing Asia and the Pacific,short,lt_debt,0.0,US$ bn,
ISD 2018,ISD 2018 PDF InvestmentsStatisti_1606474237.pdf p.15 Fig.10(a),2017,Developing Asia and the Pacific,short,lt_debt,0.0,US$ bn,
ISD 2018,ISD 2018 PDF InvestmentsStatisti_1606474237.pdf p.15 Fig.10(a),2018,Developing Europe,short,total,0.0,US$ bn,
ISD 2018,ISD 2018 PDF InvestmentsStatisti_1606474237.pdf p.15 Fig.10(a),2017,Developing Europe,short,total,0.0,US$ bn,
ISD 2018,ISD 2018 PDF InvestmentsStatisti_1606474237.pdf p.15 Fig.10(a),2018,Developing Europe,short,equities,0.0,US$ bn,
ISD 2018,ISD 2018 PDF InvestmentsStatisti_1606474237.pdf p.15 Fig.10(a),2017,Developing Europe,short,equities,0.0,US$ bn,
ISD 2018,ISD 2018 PDF InvestmentsStatisti_1606474237.pdf p.15 Fig.10(a),2018,Developing Europe,short,st_debt,0.0,US$ bn,
ISD 2018,ISD 2018 PDF InvestmentsStatisti_1606474237.pdf p.15 Fig.10(a),2017,Developing Europe,short,st_debt,0.0,US$ bn,
ISD 2018,ISD 2018 PDF InvestmentsStatisti_1606474237.pdf p.15 Fig.10(a),2018,Developing Europe,short,lt_debt,0.0,US$ bn,
ISD 2018,ISD 2018 PDF InvestmentsStatisti_1606474237.pdf p.15 Fig.10(a),2017,Developing Europe,short,lt_debt,0.0,US$ bn,
ISD 2018,ISD 2018 PDF InvestmentsStatisti_1606474237.pdf p.15 Fig.10(a),2018,Total,short,total,-508.0,US$ bn,
ISD 2018,ISD 2018 PDF InvestmentsStatisti_1606474237.pdf p.15 Fig.10(a),2017,Total,short,total,-312.0,US$ bn,
ISD 2018,ISD 2018 PDF InvestmentsStatisti_1606474237.pdf p.15 Fig.10(a),2018,Total,short,equities,-76.0,US$ bn,
ISD 2018,ISD 2018 PDF InvestmentsStatisti_1606474237.pdf p.15 Fig.10(a),2017,Total,short,equities,-29.0,US$ bn,
ISD 2018,ISD 2018 PDF InvestmentsStatisti_1606474237.pdf p.15 Fig.10(a),2018,Total,short,st_debt,-139.0,US$ bn,
ISD 2018,ISD 2018 PDF InvestmentsStatisti_1606474237.pdf p.15 Fig.10(a),2017,Total,short,st_debt,-75.0,US$ bn,
ISD 2018,ISD 2018 PDF InvestmentsStatisti_1606474237.pdf p.15 Fig.10(a),2018,Total,short,lt_debt,-292.0,US$ bn,
ISD 2018,ISD 2018 PDF InvestmentsStatisti_1606474237.pdf p.15 Fig.10(a),2017,Total,short,lt_debt,-208.0,US$ bn,
ISD 2019,ISD 2019 PDF InvestmentsStatisti_1615563453.pdf p.14 Fig.9(a),2019,United States,long,total,1567.0,US$ bn,
ISD 2019,ISD 2019 PDF InvestmentsStatisti_1615563453.pdf p.14 Fig.9(a),2018,United States,long,total,1611.0,US$ bn,
ISD 2019,ISD 2019 PDF InvestmentsStatisti_1615563453.pdf p.14 Fig.9(a),2019,United States,long,equities,337.0,US$ bn,
ISD 2019,ISD 2019 PDF InvestmentsStatisti_1615563453.pdf p.14 Fig.9(a),2018,United States,long,equities,375.0,US$ bn,
ISD 2019,ISD 2019 PDF InvestmentsStatisti_1615563453.pdf p.14 Fig.9(a),2019,United States,long,master_funds,107.0,US$ bn,
ISD 2019,ISD 2019 PDF InvestmentsStatisti_1615563453.pdf p.14 Fig.9(a),2018,United States,long,master_funds,129.0,US$ bn,
ISD 2019,ISD 2019 PDF InvestmentsStatisti_1615563453.pdf p.14 Fig.9(a),2019,United States,long,st_debt,169.0,US$ bn,
ISD 2019,ISD 2019 PDF InvestmentsStatisti_1615563453.pdf p.14 Fig.9(a),2018,United States,long,st_debt,179.0,US$ bn,
ISD 2019,ISD 2019 PDF InvestmentsStatisti_1615563453.pdf p.14 Fig.9(a),2019,United States,long,lt_debt,954.0,US$ bn,
ISD 2019,ISD 2019 PDF InvestmentsStatisti_1615563453.pdf p.14 Fig.9(a),2018,United States,long,lt_debt,928.0,US$ bn,
ISD 2019,ISD 2019 PDF InvestmentsStatisti_1615563453.pdf p.14 Fig.9(a),2019,Cayman Islands,long,total,952.0,US$ bn,
ISD 2019,ISD 2019 PDF InvestmentsStatisti_1615563453.pdf p.14 Fig.9(a),2018,Cayman Islands,long,total,1189.0,US$ bn,
ISD 2019,ISD 2019 PDF InvestmentsStatisti_1615563453.pdf p.14 Fig.9(a),2019,Cayman Islands,long,equities,63.0,US$ bn,
ISD 2019,ISD 2019 PDF InvestmentsStatisti_1615563453.pdf p.14 Fig.9(a),2018,Cayman Islands,long,equities,81.0,US$ bn,
ISD 2019,ISD 2019 PDF InvestmentsStatisti_1615563453.pdf p.14 Fig.9(a),2019,Cayman Islands,long,master_funds,874.0,US$ bn,
ISD 2019,ISD 2019 PDF InvestmentsStatisti_1615563453.pdf p.14 Fig.9(a),2018,Cayman Islands,long,master_funds,1082.0,US$ bn,
ISD 2019,ISD 2019 PDF InvestmentsStatisti_1615563453.pdf p.14 Fig.9(a),2019,Cayman Islands,long,st_debt,0.0,US$ bn,
ISD 2019,ISD 2019 PDF InvestmentsStatisti_1615563453.pdf p.14 Fig.9(a),2018,Cayman Islands,long,st_debt,0.0,US$ bn,
ISD 2019,ISD 2019 PDF InvestmentsStatisti_1615563453.pdf p.14 Fig.9(a),2019,Cayman Islands,long,lt_debt,15.0,US$ bn,
ISD 2019,ISD 2019 PDF InvestmentsStatisti_1615563453.pdf p.14 Fig.9(a),2018,Cayman Islands,long,lt_debt,25.0,US$ bn,
ISD 2019,ISD 2019 PDF InvestmentsStatisti_1615563453.pdf p.14 Fig.9(a),2019,Japan,long,total,106.0,US$ bn,
ISD 2019,ISD 2019 PDF InvestmentsStatisti_1615563453.pdf p.14 Fig.9(a),2018,Japan,long,total,87.0,US$ bn,
ISD 2019,ISD 2019 PDF InvestmentsStatisti_1615563453.pdf p.14 Fig.9(a),2019,Japan,long,equities,37.0,US$ bn,
ISD 2019,ISD 2019 PDF InvestmentsStatisti_1615563453.pdf p.14 Fig.9(a),2018,Japan,long,equities,43.0,US$ bn,
ISD 2019,ISD 2019 PDF InvestmentsStatisti_1615563453.pdf p.14 Fig.9(a),2019,Japan,long,master_funds,0.0,US$ bn,
ISD 2019,ISD 2019 PDF InvestmentsStatisti_1615563453.pdf p.14 Fig.9(a),2018,Japan,long,master_funds,1.0,US$ bn,
ISD 2019,ISD 2019 PDF InvestmentsStatisti_1615563453.pdf p.14 Fig.9(a),2019,Japan,long,st_debt,27.0,US$ bn,
ISD 2019,ISD 2019 PDF InvestmentsStatisti_1615563453.pdf p.14 Fig.9(a),2018,Japan,long,st_debt,23.0,US$ bn,
ISD 2019,ISD 2019 PDF InvestmentsStatisti_1615563453.pdf p.14 Fig.9(a),2019,Japan,long,lt_debt,42.0,US$ bn,
ISD 2019,ISD 2019 PDF InvestmentsStatisti_1615563453.pdf p.14 Fig.9(a),2018,Japan,long,lt_debt,20.0,US$ bn,
ISD 2019,ISD 2019 PDF InvestmentsStatisti_1615563453.pdf p.14 Fig.9(a),2019,China,long,total,81.0,US$ bn,
ISD 2019,ISD 2019 PDF InvestmentsStatisti_1615563453.pdf p.14 Fig.9(a),2018,China,long,total,58.0,US$ bn,
ISD 2019,ISD 2019 PDF InvestmentsStatisti_1615563453.pdf p.14 Fig.9(a),2019,China,long,equities,60.0,US$ bn,
ISD 2019,ISD 2019 PDF InvestmentsStatisti_1615563453.pdf p.14 Fig.9(a),2018,China,long,equities,42.0,US$ bn,
ISD 2019,ISD 2019 PDF InvestmentsStatisti_1615563453.pdf p.14 Fig.9(a),2019,China,long,master_funds,0.0,US$ bn,
ISD 2019,ISD 2019 PDF InvestmentsStatisti_1615563453.pdf p.14 Fig.9(a),2018,China,long,master_funds,0.0,US$ bn,
ISD 2019,ISD 2019 PDF InvestmentsStatisti_1615563453.pdf p.14 Fig.9(a),2019,China,long,st_debt,1.0,US$ bn,
ISD 2019,ISD 2019 PDF InvestmentsStatisti_1615563453.pdf p.14 Fig.9(a),2018,China,long,st_debt,2.0,US$ bn,
ISD 2019,ISD 2019 PDF InvestmentsStatisti_1615563453.pdf p.14 Fig.9(a),2019,China,long,lt_debt,20.0,US$ bn,
ISD 2019,ISD 2019 PDF InvestmentsStatisti_1615563453.pdf p.14 Fig.9(a),2018,China,long,lt_debt,15.0,US$ bn,
ISD 2019,ISD 2019 PDF InvestmentsStatisti_1615563453.pdf p.14 Fig.9(a),2019,United Kingdom,long,total,59.0,US$ bn,
ISD 2019,ISD 2019 PDF InvestmentsStatisti_1615563453.pdf p.14 Fig.9(a),2018,United Kingdom,long,total,80.0,US$ bn,
ISD 2019,ISD 2019 PDF InvestmentsStatisti_1615563453.pdf p.14 Fig.9(a),2019,United Kingdom,long,equities,15.0,US$ bn,
ISD 2019,ISD 2019 PDF InvestmentsStatisti_1615563453.pdf p.14 Fig.9(a),2018,United Kingdom,long,equities,20.0,US$ bn,
ISD 2019,ISD 2019 PDF InvestmentsStatisti_1615563453.pdf p.14 Fig.9(a),2019,United Kingdom,long,master_funds,0.0,US$ bn,
ISD 2019,ISD 2019 PDF InvestmentsStatisti_1615563453.pdf p.14 Fig.9(a),2018,United Kingdom,long,master_funds,0.0,US$ bn,
ISD 2019,ISD 2019 PDF InvestmentsStatisti_1615563453.pdf p.14 Fig.9(a),2019,United Kingdom,long,st_debt,7.0,US$ bn,
ISD 2019,ISD 2019 PDF InvestmentsStatisti_1615563453.pdf p.14 Fig.9(a),2018,United Kingdom,long,st_debt,8.0,US$ bn,
ISD 2019,ISD 2019 PDF InvestmentsStatisti_1615563453.pdf p.14 Fig.9(a),2019,United Kingdom,long,lt_debt,37.0,US$ bn,
ISD 2019,ISD 2019 PDF InvestmentsStatisti_1615563453.pdf p.14 Fig.9(a),2018,United Kingdom,long,lt_debt,52.0,US$ bn,
ISD 2019,ISD 2019 PDF InvestmentsStatisti_1615563453.pdf p.14 Fig.9(a),2019,France,long,total,55.0,US$ bn,
ISD 2019,ISD 2019 PDF InvestmentsStatisti_1615563453.pdf p.14 Fig.9(a),2018,France,long,total,58.0,US$ bn,
ISD 2019,ISD 2019 PDF InvestmentsStatisti_1615563453.pdf p.14 Fig.9(a),2019,France,long,equities,8.0,US$ bn,
ISD 2019,ISD 2019 PDF InvestmentsStatisti_1615563453.pdf p.14 Fig.9(a),2018,France,long,equities,8.0,US$ bn,
ISD 2019,ISD 2019 PDF InvestmentsStatisti_1615563453.pdf p.14 Fig.9(a),2019,France,long,master_funds,0.0,US$ bn,
ISD 2019,ISD 2019 PDF InvestmentsStatisti_1615563453.pdf p.14 Fig.9(a),2018,France,long,master_funds,0.0,US$ bn,
ISD 2019,ISD 2019 PDF InvestmentsStatisti_1615563453.pdf p.14 Fig.9(a),2019,France,long,st_debt,22.0,US$ bn,
ISD 2019,ISD 2019 PDF InvestmentsStatisti_1615563453.pdf p.14 Fig.9(a),2018,France,long,st_debt,27.0,US$ bn,
ISD 2019,ISD 2019 PDF InvestmentsStatisti_1615563453.pdf p.14 Fig.9(a),2019,France,long,lt_debt,25.0,US$ bn,
ISD 2019,ISD 2019 PDF InvestmentsStatisti_1615563453.pdf p.14 Fig.9(a),2018,France,long,lt_debt,23.0,US$ bn,
ISD 2019,ISD 2019 PDF InvestmentsStatisti_1615563453.pdf p.14 Fig.9(a),2019,Canada,long,total,27.0,US$ bn,
ISD 2019,ISD 2019 PDF InvestmentsStatisti_1615563453.pdf p.14 Fig.9(a),2018,Canada,long,total,25.0,US$ bn,
ISD 2019,ISD 2019 PDF InvestmentsStatisti_1615563453.pdf p.14 Fig.9(a),2019,Canada,long,equities,12.0,US$ bn,
ISD 2019,ISD 2019 PDF InvestmentsStatisti_1615563453.pdf p.14 Fig.9(a),2018,Canada,long,equities,10.0,US$ bn,
ISD 2019,ISD 2019 PDF InvestmentsStatisti_1615563453.pdf p.14 Fig.9(a),2019,Canada,long,master_funds,0.0,US$ bn,
ISD 2019,ISD 2019 PDF InvestmentsStatisti_1615563453.pdf p.14 Fig.9(a),2018,Canada,long,master_funds,0.0,US$ bn,
ISD 2019,ISD 2019 PDF InvestmentsStatisti_1615563453.pdf p.14 Fig.9(a),2019,Canada,long,st_debt,4.0,US$ bn,
ISD 2019,ISD 2019 PDF InvestmentsStatisti_1615563453.pdf p.14 Fig.9(a),2018,Canada,long,st_debt,2.0,US$ bn,
ISD 2019,ISD 2019 PDF InvestmentsStatisti_1615563453.pdf p.14 Fig.9(a),2019,Canada,long,lt_debt,11.0,US$ bn,
ISD 2019,ISD 2019 PDF InvestmentsStatisti_1615563453.pdf p.14 Fig.9(a),2018,Canada,long,lt_debt,13.0,US$ bn,
ISD 2019,ISD 2019 PDF InvestmentsStatisti_1615563453.pdf p.14 Fig.9(a),2019,Germany,long,total,23.0,US$ bn,
ISD 2019,ISD 2019 PDF InvestmentsStatisti_1615563453.pdf p.14 Fig.9(a),2018,Germany,long,total,42.0,US$ bn,
ISD 2019,ISD 2019 PDF InvestmentsStatisti_1615563453.pdf p.14 Fig.9(a),2019,Germany,long,equities,7.0,US$ bn,
ISD 2019,ISD 2019 PDF InvestmentsStatisti_1615563453.pdf p.14 Fig.9(a),2018,Germany,long,equities,11.0,US$ bn,
ISD 2019,ISD 2019 PDF InvestmentsStatisti_1615563453.pdf p.14 Fig.9(a),2019,Germany,long,master_funds,0.0,US$ bn,
ISD 2019,ISD 2019 PDF InvestmentsStatisti_1615563453.pdf p.14 Fig.9(a),2018,Germany,long,master_funds,0.0,US$ bn,
ISD 2019,ISD 2019 PDF InvestmentsStatisti_1615563453.pdf p.14 Fig.9(a),2019,Germany,long,st_debt,11.0,US$ bn,
ISD 2019,ISD 2019 PDF InvestmentsStatisti_1615563453.pdf p.14 Fig.9(a),2018,Germany,long,st_debt,11.0,US$ bn,
ISD 2019,ISD 2019 PDF InvestmentsStatisti_1615563453.pdf p.14 Fig.9(a),2019,Germany,long,lt_debt,5.0,US$ bn,
ISD 2019,ISD 2019 PDF InvestmentsStatisti_1615563453.pdf p.14 Fig.9(a),2018,Germany,long,lt_debt,20.0,US$ bn,
ISD 2019,ISD 2019 PDF InvestmentsStatisti_1615563453.pdf p.14 Fig.9(a),2019,Ireland,long,total,21.0,US$ bn,
ISD 2019,ISD 2019 PDF InvestmentsStatisti_1615563453.pdf p.14 Fig.9(a),2018,Ireland,long,total,32.0,US$ bn,
ISD 2019,ISD 2019 PDF InvestmentsStatisti_1615563453.pdf p.14 Fig.9(a),2019,Ireland,long,equities,10.0,US$ bn,
ISD 2019,ISD 2019 PDF InvestmentsStatisti_1615563453.pdf p.14 Fig.9(a),2018,Ireland,long,equities,11.0,US$ bn,
ISD 2019,ISD 2019 PDF InvestmentsStatisti_1615563453.pdf p.14 Fig.9(a),2019,Ireland,long,master_funds,8.0,US$ bn,
ISD 2019,ISD 2019 PDF InvestmentsStatisti_1615563453.pdf p.14 Fig.9(a),2018,Ireland,long,master_funds,16.0,US$ bn,
ISD 2019,ISD 2019 PDF InvestmentsStatisti_1615563453.pdf p.14 Fig.9(a),2019,Ireland,long,st_debt,0.0,US$ bn,
ISD 2019,ISD 2019 PDF InvestmentsStatisti_1615563453.pdf p.14 Fig.9(a),2018,Ireland,long,st_debt,1.0,US$ bn,
ISD 2019,ISD 2019 PDF InvestmentsStatisti_1615563453.pdf p.14 Fig.9(a),2019,Ireland,long,lt_debt,3.0,US$ bn,
ISD 2019,ISD 2019 PDF InvestmentsStatisti_1615563453.pdf p.14 Fig.9(a),2018,Ireland,long,lt_debt,4.0,US$ bn,
ISD 2019,ISD 2019 PDF InvestmentsStatisti_1615563453.pdf p.14 Fig.9(a),2019,Curacao,long,total,15.0,US$ bn,
ISD 2019,ISD 2019 PDF InvestmentsStatisti_1615563453.pdf p.14 Fig.9(a),2018,Curacao,long,total,23.0,US$ bn,
ISD 2019,ISD 2019 PDF InvestmentsStatisti_1615563453.pdf p.14 Fig.9(a),2019,Curacao,long,equities,0.0,US$ bn,
ISD 2019,ISD 2019 PDF InvestmentsStatisti_1615563453.pdf p.14 Fig.9(a),2018,Curacao,long,equities,0.0,US$ bn,
ISD 2019,ISD 2019 PDF InvestmentsStatisti_1615563453.pdf p.14 Fig.9(a),2019,Curacao,long,master_funds,15.0,US$ bn,
ISD 2019,ISD 2019 PDF InvestmentsStatisti_1615563453.pdf p.14 Fig.9(a),2018,Curacao,long,master_funds,23.0,US$ bn,
ISD 2019,ISD 2019 PDF InvestmentsStatisti_1615563453.pdf p.14 Fig.9(a),2019,Curacao,long,st_debt,0.0,US$ bn,
ISD 2019,ISD 2019 PDF InvestmentsStatisti_1615563453.pdf p.14 Fig.9(a),2018,Curacao,long,st_debt,0.0,US$ bn,
ISD 2019,ISD 2019 PDF InvestmentsStatisti_1615563453.pdf p.14 Fig.9(a),2019,Curacao,long,lt_debt,0.0,US$ bn,
ISD 2019,ISD 2019 PDF InvestmentsStatisti_1615563453.pdf p.14 Fig.9(a),2018,Curacao,long,lt_debt,0.0,US$ bn,
ISD 2019,ISD 2019 PDF InvestmentsStatisti_1615563453.pdf p.14 Fig.9(a),2019,Netherlands,long,total,15.0,US$ bn,
ISD 2019,ISD 2019 PDF InvestmentsStatisti_1615563453.pdf p.14 Fig.9(a),2018,Netherlands,long,total,20.0,US$ bn,
ISD 2019,ISD 2019 PDF InvestmentsStatisti_1615563453.pdf p.14 Fig.9(a),2019,Netherlands,long,equities,3.0,US$ bn,
ISD 2019,ISD 2019 PDF InvestmentsStatisti_1615563453.pdf p.14 Fig.9(a),2018,Netherlands,long,equities,3.0,US$ bn,
ISD 2019,ISD 2019 PDF InvestmentsStatisti_1615563453.pdf p.14 Fig.9(a),2019,Netherlands,long,master_funds,0.0,US$ bn,
ISD 2019,ISD 2019 PDF InvestmentsStatisti_1615563453.pdf p.14 Fig.9(a),2018,Netherlands,long,master_funds,0.0,US$ bn,
ISD 2019,ISD 2019 PDF InvestmentsStatisti_1615563453.pdf p.14 Fig.9(a),2019,Netherlands,long,st_debt,1.0,US$ bn,
ISD 2019,ISD 2019 PDF InvestmentsStatisti_1615563453.pdf p.14 Fig.9(a),2018,Netherlands,long,st_debt,3.0,US$ bn,
ISD 2019,ISD 2019 PDF InvestmentsStatisti_1615563453.pdf p.14 Fig.9(a),2019,Netherlands,long,lt_debt,11.0,US$ bn,
ISD 2019,ISD 2019 PDF InvestmentsStatisti_1615563453.pdf p.14 Fig.9(a),2018,Netherlands,long,lt_debt,13.0,US$ bn,
ISD 2019,ISD 2019 PDF InvestmentsStatisti_1615563453.pdf p.14 Fig.9(a),2019,Hong Kong,long,total,15.0,US$ bn,
ISD 2019,ISD 2019 PDF InvestmentsStatisti_1615563453.pdf p.14 Fig.9(a),2018,Hong Kong,long,total,20.0,US$ bn,
ISD 2019,ISD 2019 PDF InvestmentsStatisti_1615563453.pdf p.14 Fig.9(a),2019,Hong Kong,long,equities,12.0,US$ bn,
ISD 2019,ISD 2019 PDF InvestmentsStatisti_1615563453.pdf p.14 Fig.9(a),2018,Hong Kong,long,equities,15.0,US$ bn,
ISD 2019,ISD 2019 PDF InvestmentsStatisti_1615563453.pdf p.14 Fig.9(a),2019,Hong Kong,long,master_funds,0.0,US$ bn,
ISD 2019,ISD 2019 PDF InvestmentsStatisti_1615563453.pdf p.14 Fig.9(a),2018,Hong Kong,long,master_funds,0.0,US$ bn,
ISD 2019,ISD 2019 PDF InvestmentsStatisti_1615563453.pdf p.14 Fig.9(a),2019,Hong Kong,long,st_debt,0.0,US$ bn,
ISD 2019,ISD 2019 PDF InvestmentsStatisti_1615563453.pdf p.14 Fig.9(a),2018,Hong Kong,long,st_debt,0.0,US$ bn,
ISD 2019,ISD 2019 PDF InvestmentsStatisti_1615563453.pdf p.14 Fig.9(a),2019,Hong Kong,long,lt_debt,3.0,US$ bn,
ISD 2019,ISD 2019 PDF InvestmentsStatisti_1615563453.pdf p.14 Fig.9(a),2018,Hong Kong,long,lt_debt,5.0,US$ bn,
ISD 2019,ISD 2019 PDF InvestmentsStatisti_1615563453.pdf p.14 Fig.9(a),2019,British Virgin Islands,long,total,3.0,US$ bn,
ISD 2019,ISD 2019 PDF InvestmentsStatisti_1615563453.pdf p.14 Fig.9(a),2018,British Virgin Islands,long,total,8.0,US$ bn,
ISD 2019,ISD 2019 PDF InvestmentsStatisti_1615563453.pdf p.14 Fig.9(a),2019,British Virgin Islands,long,equities,0.0,US$ bn,
ISD 2019,ISD 2019 PDF InvestmentsStatisti_1615563453.pdf p.14 Fig.9(a),2018,British Virgin Islands,long,equities,4.0,US$ bn,
ISD 2019,ISD 2019 PDF InvestmentsStatisti_1615563453.pdf p.14 Fig.9(a),2019,British Virgin Islands,long,master_funds,2.0,US$ bn,
ISD 2019,ISD 2019 PDF InvestmentsStatisti_1615563453.pdf p.14 Fig.9(a),2018,British Virgin Islands,long,master_funds,3.0,US$ bn,
ISD 2019,ISD 2019 PDF InvestmentsStatisti_1615563453.pdf p.14 Fig.9(a),2019,British Virgin Islands,long,st_debt,0.0,US$ bn,
ISD 2019,ISD 2019 PDF InvestmentsStatisti_1615563453.pdf p.14 Fig.9(a),2018,British Virgin Islands,long,st_debt,0.0,US$ bn,
ISD 2019,ISD 2019 PDF InvestmentsStatisti_1615563453.pdf p.14 Fig.9(a),2019,British Virgin Islands,long,lt_debt,1.0,US$ bn,
ISD 2019,ISD 2019 PDF InvestmentsStatisti_1615563453.pdf p.14 Fig.9(a),2018,British Virgin Islands,long,lt_debt,2.0,US$ bn,
ISD 2019,ISD 2019 PDF InvestmentsStatisti_1615563453.pdf p.14 Fig.9(a),2019,Sweden,long,total,3.0,US$ bn,
ISD 2019,ISD 2019 PDF InvestmentsStatisti_1615563453.pdf p.14 Fig.9(a),2018,Sweden,long,total,8.0,US$ bn,
ISD 2019,ISD 2019 PDF InvestmentsStatisti_1615563453.pdf p.14 Fig.9(a),2019,Sweden,long,equities,1.0,US$ bn,
ISD 2019,ISD 2019 PDF InvestmentsStatisti_1615563453.pdf p.14 Fig.9(a),2018,Sweden,long,equities,3.0,US$ bn,
ISD 2019,ISD 2019 PDF InvestmentsStatisti_1615563453.pdf p.14 Fig.9(a),2019,Sweden,long,master_funds,0.0,US$ bn,
ISD 2019,ISD 2019 PDF InvestmentsStatisti_1615563453.pdf p.14 Fig.9(a),2018,Sweden,long,master_funds,0.0,US$ bn,
ISD 2019,ISD 2019 PDF InvestmentsStatisti_1615563453.pdf p.14 Fig.9(a),2019,Sweden,long,st_debt,0.0,US$ bn,
ISD 2019,ISD 2019 PDF InvestmentsStatisti_1615563453.pdf p.14 Fig.9(a),2018,Sweden,long,st_debt,0.0,US$ bn,
ISD 2019,ISD 2019 PDF InvestmentsStatisti_1615563453.pdf p.14 Fig.9(a),2019,Sweden,long,lt_debt,2.0,US$ bn,
ISD 2019,ISD 2019 PDF InvestmentsStatisti_1615563453.pdf p.14 Fig.9(a),2018,Sweden,long,lt_debt,6.0,US$ bn,
ISD 2019,ISD 2019 PDF InvestmentsStatisti_1615563453.pdf p.14 Fig.9(a),2019,Denmark,long,total,1.0,US$ bn,
ISD 2019,ISD 2019 PDF InvestmentsStatisti_1615563453.pdf p.14 Fig.9(a),2018,Denmark,long,total,2.0,US$ bn,
ISD 2019,ISD 2019 PDF InvestmentsStatisti_1615563453.pdf p.14 Fig.9(a),2019,Denmark,long,equities,1.0,US$ bn,
ISD 2019,ISD 2019 PDF InvestmentsStatisti_1615563453.pdf p.14 Fig.9(a),2018,Denmark,long,equities,0.0,US$ bn,
ISD 2019,ISD 2019 PDF InvestmentsStatisti_1615563453.pdf p.14 Fig.9(a),2019,Denmark,long,master_funds,0.0,US$ bn,
ISD 2019,ISD 2019 PDF InvestmentsStatisti_1615563453.pdf p.14 Fig.9(a),2018,Denmark,long,master_funds,0.0,US$ bn,
ISD 2019,ISD 2019 PDF InvestmentsStatisti_1615563453.pdf p.14 Fig.9(a),2019,Denmark,long,st_debt,0.0,US$ bn,
ISD 2019,ISD 2019 PDF InvestmentsStatisti_1615563453.pdf p.14 Fig.9(a),2018,Denmark,long,st_debt,0.0,US$ bn,
ISD 2019,ISD 2019 PDF InvestmentsStatisti_1615563453.pdf p.14 Fig.9(a),2019,Denmark,long,lt_debt,0.0,US$ bn,
ISD 2019,ISD 2019 PDF InvestmentsStatisti_1615563453.pdf p.14 Fig.9(a),2018,Denmark,long,lt_debt,2.0,US$ bn,
ISD 2019,ISD 2019 PDF InvestmentsStatisti_1615563453.pdf p.14 Fig.9(a),2019,Other Developed Countries,long,total,146.0,US$ bn,
ISD 2019,ISD 2019 PDF InvestmentsStatisti_1615563453.pdf p.14 Fig.9(a),2018,Other Developed Countries,long,total,110.0,US$ bn,
ISD 2019,ISD 2019 PDF InvestmentsStatisti_1615563453.pdf p.14 Fig.9(a),2019,Other Developed Countries,long,equities,17.0,US$ bn,
ISD 2019,ISD 2019 PDF InvestmentsStatisti_1615563453.pdf p.14 Fig.9(a),2018,Other Developed Countries,long,equities,20.0,US$ bn,
ISD 2019,ISD 2019 PDF InvestmentsStatisti_1615563453.pdf p.14 Fig.9(a),2019,Other Developed Countries,long,master_funds,9.0,US$ bn,
ISD 2019,ISD 2019 PDF InvestmentsStatisti_1615563453.pdf p.14 Fig.9(a),2018,Other Developed Countries,long,master_funds,9.0,US$ bn,
ISD 2019,ISD 2019 PDF InvestmentsStatisti_1615563453.pdf p.14 Fig.9(a),2019,Other Developed Countries,long,st_debt,23.0,US$ bn,
ISD 2019,ISD 2019 PDF InvestmentsStatisti_1615563453.pdf p.14 Fig.9(a),2018,Other Developed Countries,long,st_debt,20.0,US$ bn,
ISD 2019,ISD 2019 PDF InvestmentsStatisti_1615563453.pdf p.14 Fig.9(a),2019,Other Developed Countries,long,lt_debt,97.0,US$ bn,
ISD 2019,ISD 2019 PDF InvestmentsStatisti_1615563453.pdf p.14 Fig.9(a),2018,Other Developed Countries,long,lt_debt,61.0,US$ bn,
ISD 2019,ISD 2019 PDF InvestmentsStatisti_1615563453.pdf p.14 Fig.9(a),2019,Developing Asia and the Pacific,long,total,20.0,US$ bn,
ISD 2019,ISD 2019 PDF InvestmentsStatisti_1615563453.pdf p.14 Fig.9(a),2018,Developing Asia and the Pacific,long,total,27.0,US$ bn,
ISD 2019,ISD 2019 PDF InvestmentsStatisti_1615563453.pdf p.14 Fig.9(a),2019,Developing Asia and the Pacific,long,equities,15.0,US$ bn,
ISD 2019,ISD 2019 PDF InvestmentsStatisti_1615563453.pdf p.14 Fig.9(a),2018,Developing Asia and the Pacific,long,equities,19.0,US$ bn,
ISD 2019,ISD 2019 PDF InvestmentsStatisti_1615563453.pdf p.14 Fig.9(a),2019,Developing Asia and the Pacific,long,master_funds,0.0,US$ bn,
ISD 2019,ISD 2019 PDF InvestmentsStatisti_1615563453.pdf p.14 Fig.9(a),2018,Developing Asia and the Pacific,long,master_funds,0.0,US$ bn,
ISD 2019,ISD 2019 PDF InvestmentsStatisti_1615563453.pdf p.14 Fig.9(a),2019,Developing Asia and the Pacific,long,st_debt,0.0,US$ bn,
ISD 2019,ISD 2019 PDF InvestmentsStatisti_1615563453.pdf p.14 Fig.9(a),2018,Developing Asia and the Pacific,long,st_debt,1.0,US$ bn,
ISD 2019,ISD 2019 PDF InvestmentsStatisti_1615563453.pdf p.14 Fig.9(a),2019,Developing Asia and the Pacific,long,lt_debt,5.0,US$ bn,
ISD 2019,ISD 2019 PDF InvestmentsStatisti_1615563453.pdf p.14 Fig.9(a),2018,Developing Asia and the Pacific,long,lt_debt,8.0,US$ bn,
ISD 2019,ISD 2019 PDF InvestmentsStatisti_1615563453.pdf p.14 Fig.9(a),2019,Other Offshore Centres,long,total,18.0,US$ bn,
ISD 2019,ISD 2019 PDF InvestmentsStatisti_1615563453.pdf p.14 Fig.9(a),2018,Other Offshore Centres,long,total,19.0,US$ bn,
ISD 2019,ISD 2019 PDF InvestmentsStatisti_1615563453.pdf p.14 Fig.9(a),2019,Other Offshore Centres,long,equities,11.0,US$ bn,
ISD 2019,ISD 2019 PDF InvestmentsStatisti_1615563453.pdf p.14 Fig.9(a),2018,Other Offshore Centres,long,equities,12.0,US$ bn,
ISD 2019,ISD 2019 PDF InvestmentsStatisti_1615563453.pdf p.14 Fig.9(a),2019,Other Offshore Centres,long,master_funds,6.0,US$ bn,
ISD 2019,ISD 2019 PDF InvestmentsStatisti_1615563453.pdf p.14 Fig.9(a),2018,Other Offshore Centres,long,master_funds,4.0,US$ bn,
ISD 2019,ISD 2019 PDF InvestmentsStatisti_1615563453.pdf p.14 Fig.9(a),2019,Other Offshore Centres,long,st_debt,0.0,US$ bn,
ISD 2019,ISD 2019 PDF InvestmentsStatisti_1615563453.pdf p.14 Fig.9(a),2018,Other Offshore Centres,long,st_debt,0.0,US$ bn,
ISD 2019,ISD 2019 PDF InvestmentsStatisti_1615563453.pdf p.14 Fig.9(a),2019,Other Offshore Centres,long,lt_debt,1.0,US$ bn,
ISD 2019,ISD 2019 PDF InvestmentsStatisti_1615563453.pdf p.14 Fig.9(a),2018,Other Offshore Centres,long,lt_debt,2.0,US$ bn,
ISD 2019,ISD 2019 PDF InvestmentsStatisti_1615563453.pdf p.14 Fig.9(a),2019,Developing Latin America and the Caribbean,long,total,19.0,US$ bn,
ISD 2019,ISD 2019 PDF InvestmentsStatisti_1615563453.pdf p.14 Fig.9(a),2018,Developing Latin America and the Caribbean,long,total,21.0,US$ bn,
ISD 2019,ISD 2019 PDF InvestmentsStatisti_1615563453.pdf p.14 Fig.9(a),2019,Developing Latin America and the Caribbean,long,equities,9.0,US$ bn,
ISD 2019,ISD 2019 PDF InvestmentsStatisti_1615563453.pdf p.14 Fig.9(a),2018,Developing Latin America and the Caribbean,long,equities,8.0,US$ bn,
ISD 2019,ISD 2019 PDF InvestmentsStatisti_1615563453.pdf p.14 Fig.9(a),2019,Developing Latin America and the Caribbean,long,master_funds,1.0,US$ bn,
ISD 2019,ISD 2019 PDF InvestmentsStatisti_1615563453.pdf p.14 Fig.9(a),2018,Developing Latin America and the Caribbean,long,master_funds,0.0,US$ bn,
ISD 2019,ISD 2019 PDF InvestmentsStatisti_1615563453.pdf p.14 Fig.9(a),2019,Developing Latin America and the Caribbean,long,st_debt,0.0,US$ bn,
ISD 2019,ISD 2019 PDF InvestmentsStatisti_1615563453.pdf p.14 Fig.9(a),2018,Developing Latin America and the Caribbean,long,st_debt,1.0,US$ bn,
ISD 2019,ISD 2019 PDF InvestmentsStatisti_1615563453.pdf p.14 Fig.9(a),2019,Developing Latin America and the Caribbean,long,lt_debt,9.0,US$ bn,
ISD 2019,ISD 2019 PDF InvestmentsStatisti_1615563453.pdf p.14 Fig.9(a),2018,Developing Latin America and the Caribbean,long,lt_debt,12.0,US$ bn,
ISD 2019,ISD 2019 PDF InvestmentsStatisti_1615563453.pdf p.14 Fig.9(a),2019,Developing Europe,long,total,11.0,US$ bn,
ISD 2019,ISD 2019 PDF InvestmentsStatisti_1615563453.pdf p.14 Fig.9(a),2018,Developing Europe,long,total,8.0,US$ bn,
ISD 2019,ISD 2019 PDF InvestmentsStatisti_1615563453.pdf p.14 Fig.9(a),2019,Developing Europe,long,equities,3.0,US$ bn,
ISD 2019,ISD 2019 PDF InvestmentsStatisti_1615563453.pdf p.14 Fig.9(a),2018,Developing Europe,long,equities,3.0,US$ bn,
ISD 2019,ISD 2019 PDF InvestmentsStatisti_1615563453.pdf p.14 Fig.9(a),2019,Developing Europe,long,master_funds,1.0,US$ bn,
ISD 2019,ISD 2019 PDF InvestmentsStatisti_1615563453.pdf p.14 Fig.9(a),2018,Developing Europe,long,master_funds,0.0,US$ bn,
ISD 2019,ISD 2019 PDF InvestmentsStatisti_1615563453.pdf p.14 Fig.9(a),2019,Developing Europe,long,st_debt,0.0,US$ bn,
ISD 2019,ISD 2019 PDF InvestmentsStatisti_1615563453.pdf p.14 Fig.9(a),2018,Developing Europe,long,st_debt,0.0,US$ bn,
ISD 2019,ISD 2019 PDF InvestmentsStatisti_1615563453.pdf p.14 Fig.9(a),2019,Developing Europe,long,lt_debt,7.0,US$ bn,
ISD 2019,ISD 2019 PDF InvestmentsStatisti_1615563453.pdf p.14 Fig.9(a),2018,Developing Europe,long,lt_debt,5.0,US$ bn,
ISD 2019,ISD 2019 PDF InvestmentsStatisti_1615563453.pdf p.14 Fig.9(a),2019,Developing Africa and the Middle East,long,total,10.0,US$ bn,
ISD 2019,ISD 2019 PDF InvestmentsStatisti_1615563453.pdf p.14 Fig.9(a),2018,Developing Africa and the Middle East,long,total,9.0,US$ bn,
ISD 2019,ISD 2019 PDF InvestmentsStatisti_1615563453.pdf p.14 Fig.9(a),2019,Developing Africa and the Middle East,long,equities,3.0,US$ bn,
ISD 2019,ISD 2019 PDF InvestmentsStatisti_1615563453.pdf p.14 Fig.9(a),2018,Developing Africa and the Middle East,long,equities,4.0,US$ bn,
ISD 2019,ISD 2019 PDF InvestmentsStatisti_1615563453.pdf p.14 Fig.9(a),2019,Developing Africa and the Middle East,long,master_funds,0.0,US$ bn,
ISD 2019,ISD 2019 PDF InvestmentsStatisti_1615563453.pdf p.14 Fig.9(a),2018,Developing Africa and the Middle East,long,master_funds,0.0,US$ bn,
ISD 2019,ISD 2019 PDF InvestmentsStatisti_1615563453.pdf p.14 Fig.9(a),2019,Developing Africa and the Middle East,long,st_debt,0.0,US$ bn,
ISD 2019,ISD 2019 PDF InvestmentsStatisti_1615563453.pdf p.14 Fig.9(a),2018,Developing Africa and the Middle East,long,st_debt,0.0,US$ bn,
ISD 2019,ISD 2019 PDF InvestmentsStatisti_1615563453.pdf p.14 Fig.9(a),2019,Developing Africa and the Middle East,long,lt_debt,7.0,US$ bn,
ISD 2019,ISD 2019 PDF InvestmentsStatisti_1615563453.pdf p.14 Fig.9(a),2018,Developing Africa and the Middle East,long,lt_debt,5.0,US$ bn,
ISD 2019,ISD 2019 PDF InvestmentsStatisti_1615563453.pdf p.14 Fig.9(a),2019,Total,long,total,3167.0,US$ bn,
ISD 2019,ISD 2019 PDF InvestmentsStatisti_1615563453.pdf p.14 Fig.9(a),2018,Total,long,total,3458.0,US$ bn,
ISD 2019,ISD 2019 PDF InvestmentsStatisti_1615563453.pdf p.14 Fig.9(a),2019,Total,long,equities,624.0,US$ bn,
ISD 2019,ISD 2019 PDF InvestmentsStatisti_1615563453.pdf p.14 Fig.9(a),2018,Total,long,equities,692.0,US$ bn,
ISD 2019,ISD 2019 PDF InvestmentsStatisti_1615563453.pdf p.14 Fig.9(a),2019,Total,long,master_funds,1023.0,US$ bn,
ISD 2019,ISD 2019 PDF InvestmentsStatisti_1615563453.pdf p.14 Fig.9(a),2018,Total,long,master_funds,1267.0,US$ bn,
ISD 2019,ISD 2019 PDF InvestmentsStatisti_1615563453.pdf p.14 Fig.9(a),2019,Total,long,st_debt,265.0,US$ bn,
ISD 2019,ISD 2019 PDF InvestmentsStatisti_1615563453.pdf p.14 Fig.9(a),2018,Total,long,st_debt,278.0,US$ bn,
ISD 2019,ISD 2019 PDF InvestmentsStatisti_1615563453.pdf p.14 Fig.9(a),2019,Total,long,lt_debt,1255.0,US$ bn,
ISD 2019,ISD 2019 PDF InvestmentsStatisti_1615563453.pdf p.14 Fig.9(a),2018,Total,long,lt_debt,1221.0,US$ bn,
ISD 2019,ISD 2019 PDF InvestmentsStatisti_1615563453.pdf p.16 Fig.10(a),2019,Germany,short,total,-113.0,US$ bn,
ISD 2019,ISD 2019 PDF InvestmentsStatisti_1615563453.pdf p.16 Fig.10(a),2018,Germany,short,total,-150.0,US$ bn,
ISD 2019,ISD 2019 PDF InvestmentsStatisti_1615563453.pdf p.16 Fig.10(a),2019,Germany,short,equities,-1.0,US$ bn,
ISD 2019,ISD 2019 PDF InvestmentsStatisti_1615563453.pdf p.16 Fig.10(a),2018,Germany,short,equities,-1.0,US$ bn,
ISD 2019,ISD 2019 PDF InvestmentsStatisti_1615563453.pdf p.16 Fig.10(a),2019,Germany,short,st_debt,-14.0,US$ bn,
ISD 2019,ISD 2019 PDF InvestmentsStatisti_1615563453.pdf p.16 Fig.10(a),2018,Germany,short,st_debt,-8.0,US$ bn,
ISD 2019,ISD 2019 PDF InvestmentsStatisti_1615563453.pdf p.16 Fig.10(a),2019,Germany,short,lt_debt,-98.0,US$ bn,
ISD 2019,ISD 2019 PDF InvestmentsStatisti_1615563453.pdf p.16 Fig.10(a),2018,Germany,short,lt_debt,-141.0,US$ bn,
ISD 2019,ISD 2019 PDF InvestmentsStatisti_1615563453.pdf p.16 Fig.10(a),2019,United States,short,total,-75.0,US$ bn,
ISD 2019,ISD 2019 PDF InvestmentsStatisti_1615563453.pdf p.16 Fig.10(a),2018,United States,short,total,-138.0,US$ bn,
ISD 2019,ISD 2019 PDF InvestmentsStatisti_1615563453.pdf p.16 Fig.10(a),2019,United States,short,equities,-19.0,US$ bn,
ISD 2019,ISD 2019 PDF InvestmentsStatisti_1615563453.pdf p.16 Fig.10(a),2018,United States,short,equities,-15.0,US$ bn,
ISD 2019,ISD 2019 PDF InvestmentsStatisti_1615563453.pdf p.16 Fig.10(a),2019,United States,short,st_debt,-50.0,US$ bn,
ISD 2019,ISD 2019 PDF InvestmentsStatisti_1615563453.pdf p.16 Fig.10(a),2018,United States,short,st_debt,-91.0,US$ bn,
ISD 2019,ISD 2019 PDF InvestmentsStatisti_1615563453.pdf p.16 Fig.10(a),2019,United States,short,lt_debt,-6.0,US$ bn,
ISD 2019,ISD 2019 PDF InvestmentsStatisti_1615563453.pdf p.16 Fig.10(a),2018,United States,short,lt_debt,-32.0,US$ bn,
ISD 2019,ISD 2019 PDF InvestmentsStatisti_1615563453.pdf p.16 Fig.10(a),2019,France,short,total,-69.0,US$ bn,
ISD 2019,ISD 2019 PDF InvestmentsStatisti_1615563453.pdf p.16 Fig.10(a),2018,France,short,total,-58.0,US$ bn,
ISD 2019,ISD 2019 PDF InvestmentsStatisti_1615563453.pdf p.16 Fig.10(a),2019,France,short,equities,0.0,US$ bn,
ISD 2019,ISD 2019 PDF InvestmentsStatisti_1615563453.pdf p.16 Fig.10(a),2018,France,short,equities,0.0,US$ bn,
ISD 2019,ISD 2019 PDF InvestmentsStatisti_1615563453.pdf p.16 Fig.10(a),2019,France,short,st_debt,-7.0,US$ bn,
ISD 2019,ISD 2019 PDF InvestmentsStatisti_1615563453.pdf p.16 Fig.10(a),2018,France,short,st_debt,-8.0,US$ bn,
ISD 2019,ISD 2019 PDF InvestmentsStatisti_1615563453.pdf p.16 Fig.10(a),2019,France,short,lt_debt,-62.0,US$ bn,
ISD 2019,ISD 2019 PDF InvestmentsStatisti_1615563453.pdf p.16 Fig.10(a),2018,France,short,lt_debt,-50.0,US$ bn,
ISD 2019,ISD 2019 PDF InvestmentsStatisti_1615563453.pdf p.16 Fig.10(a),2019,Other Developed Countries,short,total,-40.0,US$ bn,
ISD 2019,ISD 2019 PDF InvestmentsStatisti_1615563453.pdf p.16 Fig.10(a),2018,Other Developed Countries,short,total,-57.0,US$ bn,
ISD 2019,ISD 2019 PDF InvestmentsStatisti_1615563453.pdf p.16 Fig.10(a),2019,Other Developed Countries,short,equities,-1.0,US$ bn,
ISD 2019,ISD 2019 PDF InvestmentsStatisti_1615563453.pdf p.16 Fig.10(a),2018,Other Developed Countries,short,equities,-1.0,US$ bn,
ISD 2019,ISD 2019 PDF InvestmentsStatisti_1615563453.pdf p.16 Fig.10(a),2019,Other Developed Countries,short,st_debt,-20.0,US$ bn,
ISD 2019,ISD 2019 PDF InvestmentsStatisti_1615563453.pdf p.16 Fig.10(a),2018,Other Developed Countries,short,st_debt,-14.0,US$ bn,
ISD 2019,ISD 2019 PDF InvestmentsStatisti_1615563453.pdf p.16 Fig.10(a),2019,Other Developed Countries,short,lt_debt,-19.0,US$ bn,
ISD 2019,ISD 2019 PDF InvestmentsStatisti_1615563453.pdf p.16 Fig.10(a),2018,Other Developed Countries,short,lt_debt,-42.0,US$ bn,
ISD 2019,ISD 2019 PDF InvestmentsStatisti_1615563453.pdf p.16 Fig.10(a),2019,United Kingdom,short,total,-22.0,US$ bn,
ISD 2019,ISD 2019 PDF InvestmentsStatisti_1615563453.pdf p.16 Fig.10(a),2018,United Kingdom,short,total,-31.0,US$ bn,
ISD 2019,ISD 2019 PDF InvestmentsStatisti_1615563453.pdf p.16 Fig.10(a),2019,United Kingdom,short,equities,0.0,US$ bn,
ISD 2019,ISD 2019 PDF InvestmentsStatisti_1615563453.pdf p.16 Fig.10(a),2018,United Kingdom,short,equities,0.0,US$ bn,
ISD 2019,ISD 2019 PDF InvestmentsStatisti_1615563453.pdf p.16 Fig.10(a),2019,United Kingdom,short,st_debt,-8.0,US$ bn,
ISD 2019,ISD 2019 PDF InvestmentsStatisti_1615563453.pdf p.16 Fig.10(a),2018,United Kingdom,short,st_debt,-12.0,US$ bn,
ISD 2019,ISD 2019 PDF InvestmentsStatisti_1615563453.pdf p.16 Fig.10(a),2019,United Kingdom,short,lt_debt,-14.0,US$ bn,
ISD 2019,ISD 2019 PDF InvestmentsStatisti_1615563453.pdf p.16 Fig.10(a),2018,United Kingdom,short,lt_debt,-19.0,US$ bn,
ISD 2019,ISD 2019 PDF InvestmentsStatisti_1615563453.pdf p.16 Fig.10(a),2019,Canada,short,total,-7.0,US$ bn,
ISD 2019,ISD 2019 PDF InvestmentsStatisti_1615563453.pdf p.16 Fig.10(a),2018,Canada,short,total,-55.0,US$ bn,
ISD 2019,ISD 2019 PDF InvestmentsStatisti_1615563453.pdf p.16 Fig.10(a),2019,Canada,short,equities,-1.0,US$ bn,
ISD 2019,ISD 2019 PDF InvestmentsStatisti_1615563453.pdf p.16 Fig.10(a),2018,Canada,short,equities,-50.0,US$ bn,
ISD 2019,ISD 2019 PDF InvestmentsStatisti_1615563453.pdf p.16 Fig.10(a),2019,Canada,short,st_debt,-2.0,US$ bn,
ISD 2019,ISD 2019 PDF InvestmentsStatisti_1615563453.pdf p.16 Fig.10(a),2018,Canada,short,st_debt,-3.0,US$ bn,
ISD 2019,ISD 2019 PDF InvestmentsStatisti_1615563453.pdf p.16 Fig.10(a),2019,Canada,short,lt_debt,-4.0,US$ bn,
ISD 2019,ISD 2019 PDF InvestmentsStatisti_1615563453.pdf p.16 Fig.10(a),2018,Canada,short,lt_debt,-2.0,US$ bn,
ISD 2019,ISD 2019 PDF InvestmentsStatisti_1615563453.pdf p.16 Fig.10(a),2019,Japan,short,total,-3.0,US$ bn,
ISD 2019,ISD 2019 PDF InvestmentsStatisti_1615563453.pdf p.16 Fig.10(a),2018,Japan,short,total,-6.0,US$ bn,
ISD 2019,ISD 2019 PDF InvestmentsStatisti_1615563453.pdf p.16 Fig.10(a),2019,Japan,short,equities,-1.0,US$ bn,
ISD 2019,ISD 2019 PDF InvestmentsStatisti_1615563453.pdf p.16 Fig.10(a),2018,Japan,short,equities,-3.0,US$ bn,
ISD 2019,ISD 2019 PDF InvestmentsStatisti_1615563453.pdf p.16 Fig.10(a),2019,Japan,short,st_debt,-1.0,US$ bn,
ISD 2019,ISD 2019 PDF InvestmentsStatisti_1615563453.pdf p.16 Fig.10(a),2018,Japan,short,st_debt,-1.0,US$ bn,
ISD 2019,ISD 2019 PDF InvestmentsStatisti_1615563453.pdf p.16 Fig.10(a),2019,Japan,short,lt_debt,-1.0,US$ bn,
ISD 2019,ISD 2019 PDF InvestmentsStatisti_1615563453.pdf p.16 Fig.10(a),2018,Japan,short,lt_debt,-2.0,US$ bn,
ISD 2019,ISD 2019 PDF InvestmentsStatisti_1615563453.pdf p.16 Fig.10(a),2019,Netherlands,short,total,-2.0,US$ bn,
ISD 2019,ISD 2019 PDF InvestmentsStatisti_1615563453.pdf p.16 Fig.10(a),2018,Netherlands,short,total,-2.0,US$ bn,
ISD 2019,ISD 2019 PDF InvestmentsStatisti_1615563453.pdf p.16 Fig.10(a),2019,Netherlands,short,equities,0.0,US$ bn,
ISD 2019,ISD 2019 PDF InvestmentsStatisti_1615563453.pdf p.16 Fig.10(a),2018,Netherlands,short,equities,0.0,US$ bn,
ISD 2019,ISD 2019 PDF InvestmentsStatisti_1615563453.pdf p.16 Fig.10(a),2019,Netherlands,short,st_debt,-1.0,US$ bn,
ISD 2019,ISD 2019 PDF InvestmentsStatisti_1615563453.pdf p.16 Fig.10(a),2018,Netherlands,short,st_debt,-1.0,US$ bn,
ISD 2019,ISD 2019 PDF InvestmentsStatisti_1615563453.pdf p.16 Fig.10(a),2019,Netherlands,short,lt_debt,-1.0,US$ bn,
ISD 2019,ISD 2019 PDF InvestmentsStatisti_1615563453.pdf p.16 Fig.10(a),2018,Netherlands,short,lt_debt,-1.0,US$ bn,
ISD 2019,ISD 2019 PDF InvestmentsStatisti_1615563453.pdf p.16 Fig.10(a),2019,Cayman Islands,short,total,-1.0,US$ bn,
ISD 2019,ISD 2019 PDF InvestmentsStatisti_1615563453.pdf p.16 Fig.10(a),2018,Cayman Islands,short,total,-1.0,US$ bn,
ISD 2019,ISD 2019 PDF InvestmentsStatisti_1615563453.pdf p.16 Fig.10(a),2019,Cayman Islands,short,equities,-1.0,US$ bn,
ISD 2019,ISD 2019 PDF InvestmentsStatisti_1615563453.pdf p.16 Fig.10(a),2018,Cayman Islands,short,equities,-1.0,US$ bn,
ISD 2019,ISD 2019 PDF InvestmentsStatisti_1615563453.pdf p.16 Fig.10(a),2019,Cayman Islands,short,st_debt,0.0,US$ bn,
ISD 2019,ISD 2019 PDF InvestmentsStatisti_1615563453.pdf p.16 Fig.10(a),2018,Cayman Islands,short,st_debt,0.0,US$ bn,
ISD 2019,ISD 2019 PDF InvestmentsStatisti_1615563453.pdf p.16 Fig.10(a),2019,Cayman Islands,short,lt_debt,0.0,US$ bn,
ISD 2019,ISD 2019 PDF InvestmentsStatisti_1615563453.pdf p.16 Fig.10(a),2018,Cayman Islands,short,lt_debt,0.0,US$ bn,
ISD 2019,ISD 2019 PDF InvestmentsStatisti_1615563453.pdf p.16 Fig.10(a),2019,China,short,total,-1.0,US$ bn,
ISD 2019,ISD 2019 PDF InvestmentsStatisti_1615563453.pdf p.16 Fig.10(a),2018,China,short,total,-4.0,US$ bn,
ISD 2019,ISD 2019 PDF InvestmentsStatisti_1615563453.pdf p.16 Fig.10(a),2019,China,short,equities,-1.0,US$ bn,
ISD 2019,ISD 2019 PDF InvestmentsStatisti_1615563453.pdf p.16 Fig.10(a),2018,China,short,equities,-4.0,US$ bn,
ISD 2019,ISD 2019 PDF InvestmentsStatisti_1615563453.pdf p.16 Fig.10(a),2019,China,short,st_debt,0.0,US$ bn,
ISD 2019,ISD 2019 PDF InvestmentsStatisti_1615563453.pdf p.16 Fig.10(a),2018,China,short,st_debt,0.0,US$ bn,
ISD 2019,ISD 2019 PDF InvestmentsStatisti_1615563453.pdf p.16 Fig.10(a),2019,China,short,lt_debt,0.0,US$ bn,
ISD 2019,ISD 2019 PDF InvestmentsStatisti_1615563453.pdf p.16 Fig.10(a),2018,China,short,lt_debt,0.0,US$ bn,
ISD 2019,ISD 2019 PDF InvestmentsStatisti_1615563453.pdf p.16 Fig.10(a),2019,Denmark,short,total,-1.0,US$ bn,
ISD 2019,ISD 2019 PDF InvestmentsStatisti_1615563453.pdf p.16 Fig.10(a),2018,Denmark,short,total,0.0,US$ bn,
ISD 2019,ISD 2019 PDF InvestmentsStatisti_1615563453.pdf p.16 Fig.10(a),2019,Denmark,short,equities,0.0,US$ bn,
ISD 2019,ISD 2019 PDF InvestmentsStatisti_1615563453.pdf p.16 Fig.10(a),2018,Denmark,short,equities,0.0,US$ bn,
ISD 2019,ISD 2019 PDF InvestmentsStatisti_1615563453.pdf p.16 Fig.10(a),2019,Denmark,short,st_debt,-1.0,US$ bn,
ISD 2019,ISD 2019 PDF InvestmentsStatisti_1615563453.pdf p.16 Fig.10(a),2018,Denmark,short,st_debt,0.0,US$ bn,
ISD 2019,ISD 2019 PDF InvestmentsStatisti_1615563453.pdf p.16 Fig.10(a),2019,Denmark,short,lt_debt,0.0,US$ bn,
ISD 2019,ISD 2019 PDF InvestmentsStatisti_1615563453.pdf p.16 Fig.10(a),2018,Denmark,short,lt_debt,0.0,US$ bn,
ISD 2019,ISD 2019 PDF InvestmentsStatisti_1615563453.pdf p.16 Fig.10(a),2019,Ireland,short,total,-1.0,US$ bn,
ISD 2019,ISD 2019 PDF InvestmentsStatisti_1615563453.pdf p.16 Fig.10(a),2018,Ireland,short,total,0.0,US$ bn,
ISD 2019,ISD 2019 PDF InvestmentsStatisti_1615563453.pdf p.16 Fig.10(a),2019,Ireland,short,equities,-1.0,US$ bn,
ISD 2019,ISD 2019 PDF InvestmentsStatisti_1615563453.pdf p.16 Fig.10(a),2018,Ireland,short,equities,0.0,US$ bn,
ISD 2019,ISD 2019 PDF InvestmentsStatisti_1615563453.pdf p.16 Fig.10(a),2019,Ireland,short,st_debt,0.0,US$ bn,
ISD 2019,ISD 2019 PDF InvestmentsStatisti_1615563453.pdf p.16 Fig.10(a),2018,Ireland,short,st_debt,0.0,US$ bn,
ISD 2019,ISD 2019 PDF InvestmentsStatisti_1615563453.pdf p.16 Fig.10(a),2019,Ireland,short,lt_debt,0.0,US$ bn,
ISD 2019,ISD 2019 PDF InvestmentsStatisti_1615563453.pdf p.16 Fig.10(a),2018,Ireland,short,lt_debt,0.0,US$ bn,
ISD 2019,ISD 2019 PDF InvestmentsStatisti_1615563453.pdf p.16 Fig.10(a),2019,Sweden,short,total,0.0,US$ bn,
ISD 2019,ISD 2019 PDF InvestmentsStatisti_1615563453.pdf p.16 Fig.10(a),2018,Sweden,short,total,0.0,US$ bn,
ISD 2019,ISD 2019 PDF InvestmentsStatisti_1615563453.pdf p.16 Fig.10(a),2019,Sweden,short,equities,0.0,US$ bn,
ISD 2019,ISD 2019 PDF InvestmentsStatisti_1615563453.pdf p.16 Fig.10(a),2018,Sweden,short,equities,0.0,US$ bn,
ISD 2019,ISD 2019 PDF InvestmentsStatisti_1615563453.pdf p.16 Fig.10(a),2019,Sweden,short,st_debt,0.0,US$ bn,
ISD 2019,ISD 2019 PDF InvestmentsStatisti_1615563453.pdf p.16 Fig.10(a),2018,Sweden,short,st_debt,0.0,US$ bn,
ISD 2019,ISD 2019 PDF InvestmentsStatisti_1615563453.pdf p.16 Fig.10(a),2019,Sweden,short,lt_debt,0.0,US$ bn,
ISD 2019,ISD 2019 PDF InvestmentsStatisti_1615563453.pdf p.16 Fig.10(a),2018,Sweden,short,lt_debt,0.0,US$ bn,
ISD 2019,ISD 2019 PDF InvestmentsStatisti_1615563453.pdf p.16 Fig.10(a),2019,Hong Kong,short,total,0.0,US$ bn,
ISD 2019,ISD 2019 PDF InvestmentsStatisti_1615563453.pdf p.16 Fig.10(a),2018,Hong Kong,short,total,-1.0,US$ bn,
ISD 2019,ISD 2019 PDF InvestmentsStatisti_1615563453.pdf p.16 Fig.10(a),2019,Hong Kong,short,equities,0.0,US$ bn,
ISD 2019,ISD 2019 PDF InvestmentsStatisti_1615563453.pdf p.16 Fig.10(a),2018,Hong Kong,short,equities,-1.0,US$ bn,
ISD 2019,ISD 2019 PDF InvestmentsStatisti_1615563453.pdf p.16 Fig.10(a),2019,Hong Kong,short,st_debt,0.0,US$ bn,
ISD 2019,ISD 2019 PDF InvestmentsStatisti_1615563453.pdf p.16 Fig.10(a),2018,Hong Kong,short,st_debt,0.0,US$ bn,
ISD 2019,ISD 2019 PDF InvestmentsStatisti_1615563453.pdf p.16 Fig.10(a),2019,Hong Kong,short,lt_debt,0.0,US$ bn,
ISD 2019,ISD 2019 PDF InvestmentsStatisti_1615563453.pdf p.16 Fig.10(a),2018,Hong Kong,short,lt_debt,0.0,US$ bn,
ISD 2019,ISD 2019 PDF InvestmentsStatisti_1615563453.pdf p.16 Fig.10(a),2019,Developing Latin America and the Caribbean,short,total,0.0,US$ bn,
ISD 2019,ISD 2019 PDF InvestmentsStatisti_1615563453.pdf p.16 Fig.10(a),2018,Developing Latin America and the Caribbean,short,total,-1.0,US$ bn,
ISD 2019,ISD 2019 PDF InvestmentsStatisti_1615563453.pdf p.16 Fig.10(a),2019,Developing Latin America and the Caribbean,short,equities,0.0,US$ bn,
ISD 2019,ISD 2019 PDF InvestmentsStatisti_1615563453.pdf p.16 Fig.10(a),2018,Developing Latin America and the Caribbean,short,equities,0.0,US$ bn,
ISD 2019,ISD 2019 PDF InvestmentsStatisti_1615563453.pdf p.16 Fig.10(a),2019,Developing Latin America and the Caribbean,short,st_debt,0.0,US$ bn,
ISD 2019,ISD 2019 PDF InvestmentsStatisti_1615563453.pdf p.16 Fig.10(a),2018,Developing Latin America and the Caribbean,short,st_debt,-1.0,US$ bn,
ISD 2019,ISD 2019 PDF InvestmentsStatisti_1615563453.pdf p.16 Fig.10(a),2019,Developing Latin America and the Caribbean,short,lt_debt,0.0,US$ bn,
ISD 2019,ISD 2019 PDF InvestmentsStatisti_1615563453.pdf p.16 Fig.10(a),2018,Developing Latin America and the Caribbean,short,lt_debt,0.0,US$ bn,
ISD 2019,ISD 2019 PDF InvestmentsStatisti_1615563453.pdf p.16 Fig.10(a),2019,Developing Africa and the Middle East,short,total,-1.0,US$ bn,
ISD 2019,ISD 2019 PDF InvestmentsStatisti_1615563453.pdf p.16 Fig.10(a),2018,Developing Africa and the Middle East,short,total,-1.0,US$ bn,
ISD 2019,ISD 2019 PDF InvestmentsStatisti_1615563453.pdf p.16 Fig.10(a),2019,Developing Africa and the Middle East,short,equities,0.0,US$ bn,
ISD 2019,ISD 2019 PDF InvestmentsStatisti_1615563453.pdf p.16 Fig.10(a),2018,Developing Africa and the Middle East,short,equities,0.0,US$ bn,
ISD 2019,ISD 2019 PDF InvestmentsStatisti_1615563453.pdf p.16 Fig.10(a),2019,Developing Africa and the Middle East,short,st_debt,-1.0,US$ bn,
ISD 2019,ISD 2019 PDF InvestmentsStatisti_1615563453.pdf p.16 Fig.10(a),2018,Developing Africa and the Middle East,short,st_debt,0.0,US$ bn,
ISD 2019,ISD 2019 PDF InvestmentsStatisti_1615563453.pdf p.16 Fig.10(a),2019,Developing Africa and the Middle East,short,lt_debt,0.0,US$ bn,
ISD 2019,ISD 2019 PDF InvestmentsStatisti_1615563453.pdf p.16 Fig.10(a),2018,Developing Africa and the Middle East,short,lt_debt,-1.0,US$ bn,
ISD 2019,ISD 2019 PDF InvestmentsStatisti_1615563453.pdf p.16 Fig.10(a),2019,Other Offshore Centres,short,total,0.0,US$ bn,
ISD 2019,ISD 2019 PDF InvestmentsStatisti_1615563453.pdf p.16 Fig.10(a),2018,Other Offshore Centres,short,total,0.0,US$ bn,
ISD 2019,ISD 2019 PDF InvestmentsStatisti_1615563453.pdf p.16 Fig.10(a),2019,Other Offshore Centres,short,equities,0.0,US$ bn,
ISD 2019,ISD 2019 PDF InvestmentsStatisti_1615563453.pdf p.16 Fig.10(a),2018,Other Offshore Centres,short,equities,0.0,US$ bn,
ISD 2019,ISD 2019 PDF InvestmentsStatisti_1615563453.pdf p.16 Fig.10(a),2019,Other Offshore Centres,short,st_debt,0.0,US$ bn,
ISD 2019,ISD 2019 PDF InvestmentsStatisti_1615563453.pdf p.16 Fig.10(a),2018,Other Offshore Centres,short,st_debt,0.0,US$ bn,
ISD 2019,ISD 2019 PDF InvestmentsStatisti_1615563453.pdf p.16 Fig.10(a),2019,Other Offshore Centres,short,lt_debt,0.0,US$ bn,
ISD 2019,ISD 2019 PDF InvestmentsStatisti_1615563453.pdf p.16 Fig.10(a),2018,Other Offshore Centres,short,lt_debt,0.0,US$ bn,
ISD 2019,ISD 2019 PDF InvestmentsStatisti_1615563453.pdf p.16 Fig.10(a),2019,Developing Asia and the Pacific,short,total,0.0,US$ bn,
ISD 2019,ISD 2019 PDF InvestmentsStatisti_1615563453.pdf p.16 Fig.10(a),2018,Developing Asia and the Pacific,short,total,0.0,US$ bn,
ISD 2019,ISD 2019 PDF InvestmentsStatisti_1615563453.pdf p.16 Fig.10(a),2019,Developing Asia and the Pacific,short,equities,0.0,US$ bn,
ISD 2019,ISD 2019 PDF InvestmentsStatisti_1615563453.pdf p.16 Fig.10(a),2018,Developing Asia and the Pacific,short,equities,0.0,US$ bn,
ISD 2019,ISD 2019 PDF InvestmentsStatisti_1615563453.pdf p.16 Fig.10(a),2019,Developing Asia and the Pacific,short,st_debt,0.0,US$ bn,
ISD 2019,ISD 2019 PDF InvestmentsStatisti_1615563453.pdf p.16 Fig.10(a),2018,Developing Asia and the Pacific,short,st_debt,0.0,US$ bn,
ISD 2019,ISD 2019 PDF InvestmentsStatisti_1615563453.pdf p.16 Fig.10(a),2019,Developing Asia and the Pacific,short,lt_debt,0.0,US$ bn,
ISD 2019,ISD 2019 PDF InvestmentsStatisti_1615563453.pdf p.16 Fig.10(a),2018,Developing Asia and the Pacific,short,lt_debt,0.0,US$ bn,
ISD 2019,ISD 2019 PDF InvestmentsStatisti_1615563453.pdf p.16 Fig.10(a),2019,Developing Europe,short,total,0.0,US$ bn,
ISD 2019,ISD 2019 PDF InvestmentsStatisti_1615563453.pdf p.16 Fig.10(a),2018,Developing Europe,short,total,0.0,US$ bn,
ISD 2019,ISD 2019 PDF InvestmentsStatisti_1615563453.pdf p.16 Fig.10(a),2019,Developing Europe,short,equities,0.0,US$ bn,
ISD 2019,ISD 2019 PDF InvestmentsStatisti_1615563453.pdf p.16 Fig.10(a),2018,Developing Europe,short,equities,0.0,US$ bn,
ISD 2019,ISD 2019 PDF InvestmentsStatisti_1615563453.pdf p.16 Fig.10(a),2019,Developing Europe,short,st_debt,0.0,US$ bn,
ISD 2019,ISD 2019 PDF InvestmentsStatisti_1615563453.pdf p.16 Fig.10(a),2018,Developing Europe,short,st_debt,0.0,US$ bn,
ISD 2019,ISD 2019 PDF InvestmentsStatisti_1615563453.pdf p.16 Fig.10(a),2019,Developing Europe,short,lt_debt,0.0,US$ bn,
ISD 2019,ISD 2019 PDF InvestmentsStatisti_1615563453.pdf p.16 Fig.10(a),2018,Developing Europe,short,lt_debt,0.0,US$ bn,
ISD 2019,ISD 2019 PDF InvestmentsStatisti_1615563453.pdf p.16 Fig.10(a),2019,Total,short,total,-336.0,US$ bn,
ISD 2019,ISD 2019 PDF InvestmentsStatisti_1615563453.pdf p.16 Fig.10(a),2018,Total,short,total,-504.0,US$ bn,
ISD 2019,ISD 2019 PDF InvestmentsStatisti_1615563453.pdf p.16 Fig.10(a),2019,Total,short,equities,-26.0,US$ bn,
ISD 2019,ISD 2019 PDF InvestmentsStatisti_1615563453.pdf p.16 Fig.10(a),2018,Total,short,equities,-75.0,US$ bn,
ISD 2019,ISD 2019 PDF InvestmentsStatisti_1615563453.pdf p.16 Fig.10(a),2019,Total,short,st_debt,-105.0,US$ bn,
ISD 2019,ISD 2019 PDF InvestmentsStatisti_1615563453.pdf p.16 Fig.10(a),2018,Total,short,st_debt,-139.0,US$ bn,
ISD 2019,ISD 2019 PDF InvestmentsStatisti_1615563453.pdf p.16 Fig.10(a),2019,Total,short,lt_debt,-205.0,US$ bn,
ISD 2019,ISD 2019 PDF InvestmentsStatisti_1615563453.pdf p.16 Fig.10(a),2018,Total,short,lt_debt,-290.0,US$ bn,
ISD 2020,ISD 2020 Infogram https://e.infogram.com/1b3bc8ec-0371-4a51-8de5-7acf48b3d107?src=embed,2020,United States,long,total,2121.0,US$ bn,
ISD 2020,ISD 2020 Infogram https://e.infogram.com/1b3bc8ec-0371-4a51-8de5-7acf48b3d107?src=embed,2019,United States,long,total,1567.0,US$ bn,
ISD 2020,ISD 2020 Infogram https://e.infogram.com/1b3bc8ec-0371-4a51-8de5-7acf48b3d107?src=embed,2020,United States,long,equities,671.0,US$ bn,
ISD 2020,ISD 2020 Infogram https://e.infogram.com/1b3bc8ec-0371-4a51-8de5-7acf48b3d107?src=embed,2019,United States,long,equities,337.0,US$ bn,
ISD 2020,ISD 2020 Infogram https://e.infogram.com/1b3bc8ec-0371-4a51-8de5-7acf48b3d107?src=embed,2020,United States,long,master_funds,185.0,US$ bn,
ISD 2020,ISD 2020 Infogram https://e.infogram.com/1b3bc8ec-0371-4a51-8de5-7acf48b3d107?src=embed,2019,United States,long,master_funds,107.0,US$ bn,
ISD 2020,ISD 2020 Infogram https://e.infogram.com/1b3bc8ec-0371-4a51-8de5-7acf48b3d107?src=embed,2020,United States,long,st_debt,163.0,US$ bn,
ISD 2020,ISD 2020 Infogram https://e.infogram.com/1b3bc8ec-0371-4a51-8de5-7acf48b3d107?src=embed,2019,United States,long,st_debt,169.0,US$ bn,
ISD 2020,ISD 2020 Infogram https://e.infogram.com/1b3bc8ec-0371-4a51-8de5-7acf48b3d107?src=embed,2020,United States,long,lt_debt,1102.0,US$ bn,
ISD 2020,ISD 2020 Infogram https://e.infogram.com/1b3bc8ec-0371-4a51-8de5-7acf48b3d107?src=embed,2019,United States,long,lt_debt,954.0,US$ bn,
ISD 2020,ISD 2020 Infogram https://e.infogram.com/1b3bc8ec-0371-4a51-8de5-7acf48b3d107?src=embed,2020,Cayman Islands,long,total,1423.0,US$ bn,
ISD 2020,ISD 2020 Infogram https://e.infogram.com/1b3bc8ec-0371-4a51-8de5-7acf48b3d107?src=embed,2019,Cayman Islands,long,total,952.0,US$ bn,
ISD 2020,ISD 2020 Infogram https://e.infogram.com/1b3bc8ec-0371-4a51-8de5-7acf48b3d107?src=embed,2020,Cayman Islands,long,equities,77.0,US$ bn,
ISD 2020,ISD 2020 Infogram https://e.infogram.com/1b3bc8ec-0371-4a51-8de5-7acf48b3d107?src=embed,2019,Cayman Islands,long,equities,63.0,US$ bn,
ISD 2020,ISD 2020 Infogram https://e.infogram.com/1b3bc8ec-0371-4a51-8de5-7acf48b3d107?src=embed,2020,Cayman Islands,long,master_funds,1311.0,US$ bn,
ISD 2020,ISD 2020 Infogram https://e.infogram.com/1b3bc8ec-0371-4a51-8de5-7acf48b3d107?src=embed,2019,Cayman Islands,long,master_funds,874.0,US$ bn,
ISD 2020,ISD 2020 Infogram https://e.infogram.com/1b3bc8ec-0371-4a51-8de5-7acf48b3d107?src=embed,2020,Cayman Islands,long,st_debt,2.0,US$ bn,
ISD 2020,ISD 2020 Infogram https://e.infogram.com/1b3bc8ec-0371-4a51-8de5-7acf48b3d107?src=embed,2019,Cayman Islands,long,st_debt,0.0,US$ bn,
ISD 2020,ISD 2020 Infogram https://e.infogram.com/1b3bc8ec-0371-4a51-8de5-7acf48b3d107?src=embed,2020,Cayman Islands,long,lt_debt,33.0,US$ bn,
ISD 2020,ISD 2020 Infogram https://e.infogram.com/1b3bc8ec-0371-4a51-8de5-7acf48b3d107?src=embed,2019,Cayman Islands,long,lt_debt,15.0,US$ bn,
ISD 2020,ISD 2020 Infogram https://e.infogram.com/1b3bc8ec-0371-4a51-8de5-7acf48b3d107?src=embed,2020,Japan,long,total,254.0,US$ bn,
ISD 2020,ISD 2020 Infogram https://e.infogram.com/1b3bc8ec-0371-4a51-8de5-7acf48b3d107?src=embed,2019,Japan,long,total,106.0,US$ bn,
ISD 2020,ISD 2020 Infogram https://e.infogram.com/1b3bc8ec-0371-4a51-8de5-7acf48b3d107?src=embed,2020,Japan,long,equities,173.0,US$ bn,
ISD 2020,ISD 2020 Infogram https://e.infogram.com/1b3bc8ec-0371-4a51-8de5-7acf48b3d107?src=embed,2019,Japan,long,equities,37.0,US$ bn,
ISD 2020,ISD 2020 Infogram https://e.infogram.com/1b3bc8ec-0371-4a51-8de5-7acf48b3d107?src=embed,2020,Japan,long,master_funds,2.0,US$ bn,
ISD 2020,ISD 2020 Infogram https://e.infogram.com/1b3bc8ec-0371-4a51-8de5-7acf48b3d107?src=embed,2019,Japan,long,master_funds,0.0,US$ bn,
ISD 2020,ISD 2020 Infogram https://e.infogram.com/1b3bc8ec-0371-4a51-8de5-7acf48b3d107?src=embed,2020,Japan,long,st_debt,31.0,US$ bn,
ISD 2020,ISD 2020 Infogram https://e.infogram.com/1b3bc8ec-0371-4a51-8de5-7acf48b3d107?src=embed,2019,Japan,long,st_debt,27.0,US$ bn,
ISD 2020,ISD 2020 Infogram https://e.infogram.com/1b3bc8ec-0371-4a51-8de5-7acf48b3d107?src=embed,2020,Japan,long,lt_debt,48.0,US$ bn,
ISD 2020,ISD 2020 Infogram https://e.infogram.com/1b3bc8ec-0371-4a51-8de5-7acf48b3d107?src=embed,2019,Japan,long,lt_debt,42.0,US$ bn,
ISD 2020,ISD 2020 Infogram https://e.infogram.com/1b3bc8ec-0371-4a51-8de5-7acf48b3d107?src=embed,2020,Other Developed Countries,long,total,172.0,US$ bn,
ISD 2020,ISD 2020 Infogram https://e.infogram.com/1b3bc8ec-0371-4a51-8de5-7acf48b3d107?src=embed,2019,Other Developed Countries,long,total,146.0,US$ bn,
ISD 2020,ISD 2020 Infogram https://e.infogram.com/1b3bc8ec-0371-4a51-8de5-7acf48b3d107?src=embed,2020,Other Developed Countries,long,equities,26.0,US$ bn,
ISD 2020,ISD 2020 Infogram https://e.infogram.com/1b3bc8ec-0371-4a51-8de5-7acf48b3d107?src=embed,2019,Other Developed Countries,long,equities,17.0,US$ bn,
ISD 2020,ISD 2020 Infogram https://e.infogram.com/1b3bc8ec-0371-4a51-8de5-7acf48b3d107?src=embed,2020,Other Developed Countries,long,master_funds,11.0,US$ bn,
ISD 2020,ISD 2020 Infogram https://e.infogram.com/1b3bc8ec-0371-4a51-8de5-7acf48b3d107?src=embed,2019,Other Developed Countries,long,master_funds,9.0,US$ bn,
ISD 2020,ISD 2020 Infogram https://e.infogram.com/1b3bc8ec-0371-4a51-8de5-7acf48b3d107?src=embed,2020,Other Developed Countries,long,st_debt,18.0,US$ bn,
ISD 2020,ISD 2020 Infogram https://e.infogram.com/1b3bc8ec-0371-4a51-8de5-7acf48b3d107?src=embed,2019,Other Developed Countries,long,st_debt,23.0,US$ bn,
ISD 2020,ISD 2020 Infogram https://e.infogram.com/1b3bc8ec-0371-4a51-8de5-7acf48b3d107?src=embed,2020,Other Developed Countries,long,lt_debt,117.0,US$ bn,
ISD 2020,ISD 2020 Infogram https://e.infogram.com/1b3bc8ec-0371-4a51-8de5-7acf48b3d107?src=embed,2019,Other Developed Countries,long,lt_debt,97.0,US$ bn,
ISD 2020,ISD 2020 Infogram https://e.infogram.com/1b3bc8ec-0371-4a51-8de5-7acf48b3d107?src=embed,2020,China,long,total,165.0,US$ bn,
ISD 2020,ISD 2020 Infogram https://e.infogram.com/1b3bc8ec-0371-4a51-8de5-7acf48b3d107?src=embed,2019,China,long,total,81.0,US$ bn,
ISD 2020,ISD 2020 Infogram https://e.infogram.com/1b3bc8ec-0371-4a51-8de5-7acf48b3d107?src=embed,2020,China,long,equities,121.0,US$ bn,
ISD 2020,ISD 2020 Infogram https://e.infogram.com/1b3bc8ec-0371-4a51-8de5-7acf48b3d107?src=embed,2019,China,long,equities,60.0,US$ bn,
ISD 2020,ISD 2020 Infogram https://e.infogram.com/1b3bc8ec-0371-4a51-8de5-7acf48b3d107?src=embed,2020,China,long,master_funds,1.0,US$ bn,
ISD 2020,ISD 2020 Infogram https://e.infogram.com/1b3bc8ec-0371-4a51-8de5-7acf48b3d107?src=embed,2019,China,long,master_funds,0.0,US$ bn,
ISD 2020,ISD 2020 Infogram https://e.infogram.com/1b3bc8ec-0371-4a51-8de5-7acf48b3d107?src=embed,2020,China,long,st_debt,3.0,US$ bn,
ISD 2020,ISD 2020 Infogram https://e.infogram.com/1b3bc8ec-0371-4a51-8de5-7acf48b3d107?src=embed,2019,China,long,st_debt,1.0,US$ bn,
ISD 2020,ISD 2020 Infogram https://e.infogram.com/1b3bc8ec-0371-4a51-8de5-7acf48b3d107?src=embed,2020,China,long,lt_debt,40.0,US$ bn,
ISD 2020,ISD 2020 Infogram https://e.infogram.com/1b3bc8ec-0371-4a51-8de5-7acf48b3d107?src=embed,2019,China,long,lt_debt,20.0,US$ bn,
ISD 2020,ISD 2020 Infogram https://e.infogram.com/1b3bc8ec-0371-4a51-8de5-7acf48b3d107?src=embed,2020,United Kingdom,long,total,114.0,US$ bn,
ISD 2020,ISD 2020 Infogram https://e.infogram.com/1b3bc8ec-0371-4a51-8de5-7acf48b3d107?src=embed,2019,United Kingdom,long,total,59.0,US$ bn,
ISD 2020,ISD 2020 Infogram https://e.infogram.com/1b3bc8ec-0371-4a51-8de5-7acf48b3d107?src=embed,2020,United Kingdom,long,equities,22.0,US$ bn,
ISD 2020,ISD 2020 Infogram https://e.infogram.com/1b3bc8ec-0371-4a51-8de5-7acf48b3d107?src=embed,2019,United Kingdom,long,equities,15.0,US$ bn,
ISD 2020,ISD 2020 Infogram https://e.infogram.com/1b3bc8ec-0371-4a51-8de5-7acf48b3d107?src=embed,2020,United Kingdom,long,master_funds,1.0,US$ bn,
ISD 2020,ISD 2020 Infogram https://e.infogram.com/1b3bc8ec-0371-4a51-8de5-7acf48b3d107?src=embed,2019,United Kingdom,long,master_funds,0.0,US$ bn,
ISD 2020,ISD 2020 Infogram https://e.infogram.com/1b3bc8ec-0371-4a51-8de5-7acf48b3d107?src=embed,2020,United Kingdom,long,st_debt,10.0,US$ bn,
ISD 2020,ISD 2020 Infogram https://e.infogram.com/1b3bc8ec-0371-4a51-8de5-7acf48b3d107?src=embed,2019,United Kingdom,long,st_debt,7.0,US$ bn,
ISD 2020,ISD 2020 Infogram https://e.infogram.com/1b3bc8ec-0371-4a51-8de5-7acf48b3d107?src=embed,2020,United Kingdom,long,lt_debt,81.0,US$ bn,
ISD 2020,ISD 2020 Infogram https://e.infogram.com/1b3bc8ec-0371-4a51-8de5-7acf48b3d107?src=embed,2019,United Kingdom,long,lt_debt,37.0,US$ bn,
ISD 2020,ISD 2020 Infogram https://e.infogram.com/1b3bc8ec-0371-4a51-8de5-7acf48b3d107?src=embed,2020,France,long,total,59.0,US$ bn,
ISD 2020,ISD 2020 Infogram https://e.infogram.com/1b3bc8ec-0371-4a51-8de5-7acf48b3d107?src=embed,2019,France,long,total,55.0,US$ bn,
ISD 2020,ISD 2020 Infogram https://e.infogram.com/1b3bc8ec-0371-4a51-8de5-7acf48b3d107?src=embed,2020,France,long,equities,12.0,US$ bn,
ISD 2020,ISD 2020 Infogram https://e.infogram.com/1b3bc8ec-0371-4a51-8de5-7acf48b3d107?src=embed,2019,France,long,equities,8.0,US$ bn,
ISD 2020,ISD 2020 Infogram https://e.infogram.com/1b3bc8ec-0371-4a51-8de5-7acf48b3d107?src=embed,2020,France,long,master_funds,0.0,US$ bn,
ISD 2020,ISD 2020 Infogram https://e.infogram.com/1b3bc8ec-0371-4a51-8de5-7acf48b3d107?src=embed,2019,France,long,master_funds,3.0,US$ bn,
ISD 2020,ISD 2020 Infogram https://e.infogram.com/1b3bc8ec-0371-4a51-8de5-7acf48b3d107?src=embed,2020,France,long,st_debt,16.0,US$ bn,
ISD 2020,ISD 2020 Infogram https://e.infogram.com/1b3bc8ec-0371-4a51-8de5-7acf48b3d107?src=embed,2019,France,long,st_debt,22.0,US$ bn,
ISD 2020,ISD 2020 Infogram https://e.infogram.com/1b3bc8ec-0371-4a51-8de5-7acf48b3d107?src=embed,2020,France,long,lt_debt,31.0,US$ bn,
ISD 2020,ISD 2020 Infogram https://e.infogram.com/1b3bc8ec-0371-4a51-8de5-7acf48b3d107?src=embed,2019,France,long,lt_debt,25.0,US$ bn,
ISD 2020,ISD 2020 Infogram https://e.infogram.com/1b3bc8ec-0371-4a51-8de5-7acf48b3d107?src=embed,2020,Ireland,long,total,45.0,US$ bn,
ISD 2020,ISD 2020 Infogram https://e.infogram.com/1b3bc8ec-0371-4a51-8de5-7acf48b3d107?src=embed,2019,Ireland,long,total,21.0,US$ bn,
ISD 2020,ISD 2020 Infogram https://e.infogram.com/1b3bc8ec-0371-4a51-8de5-7acf48b3d107?src=embed,2020,Ireland,long,equities,15.0,US$ bn,
ISD 2020,ISD 2020 Infogram https://e.infogram.com/1b3bc8ec-0371-4a51-8de5-7acf48b3d107?src=embed,2019,Ireland,long,equities,10.0,US$ bn,
ISD 2020,ISD 2020 Infogram https://e.infogram.com/1b3bc8ec-0371-4a51-8de5-7acf48b3d107?src=embed,2020,Ireland,long,master_funds,19.0,US$ bn,
ISD 2020,ISD 2020 Infogram https://e.infogram.com/1b3bc8ec-0371-4a51-8de5-7acf48b3d107?src=embed,2019,Ireland,long,master_funds,8.0,US$ bn,
ISD 2020,ISD 2020 Infogram https://e.infogram.com/1b3bc8ec-0371-4a51-8de5-7acf48b3d107?src=embed,2020,Ireland,long,st_debt,0.0,US$ bn,
ISD 2020,ISD 2020 Infogram https://e.infogram.com/1b3bc8ec-0371-4a51-8de5-7acf48b3d107?src=embed,2019,Ireland,long,st_debt,0.0,US$ bn,
ISD 2020,ISD 2020 Infogram https://e.infogram.com/1b3bc8ec-0371-4a51-8de5-7acf48b3d107?src=embed,2020,Ireland,long,lt_debt,11.0,US$ bn,
ISD 2020,ISD 2020 Infogram https://e.infogram.com/1b3bc8ec-0371-4a51-8de5-7acf48b3d107?src=embed,2019,Ireland,long,lt_debt,3.0,US$ bn,
ISD 2020,ISD 2020 Infogram https://e.infogram.com/1b3bc8ec-0371-4a51-8de5-7acf48b3d107?src=embed,2020,Germany,long,total,37.0,US$ bn,
ISD 2020,ISD 2020 Infogram https://e.infogram.com/1b3bc8ec-0371-4a51-8de5-7acf48b3d107?src=embed,2019,Germany,long,total,23.0,US$ bn,
ISD 2020,ISD 2020 Infogram https://e.infogram.com/1b3bc8ec-0371-4a51-8de5-7acf48b3d107?src=embed,2020,Germany,long,equities,8.0,US$ bn,
ISD 2020,ISD 2020 Infogram https://e.infogram.com/1b3bc8ec-0371-4a51-8de5-7acf48b3d107?src=embed,2019,Germany,long,equities,7.0,US$ bn,
ISD 2020,ISD 2020 Infogram https://e.infogram.com/1b3bc8ec-0371-4a51-8de5-7acf48b3d107?src=embed,2020,Germany,long,master_funds,0.0,US$ bn,
ISD 2020,ISD 2020 Infogram https://e.infogram.com/1b3bc8ec-0371-4a51-8de5-7acf48b3d107?src=embed,2019,Germany,long,master_funds,0.0,US$ bn,
ISD 2020,ISD 2020 Infogram https://e.infogram.com/1b3bc8ec-0371-4a51-8de5-7acf48b3d107?src=embed,2020,Germany,long,st_debt,18.0,US$ bn,
ISD 2020,ISD 2020 Infogram https://e.infogram.com/1b3bc8ec-0371-4a51-8de5-7acf48b3d107?src=embed,2019,Germany,long,st_debt,11.0,US$ bn,
ISD 2020,ISD 2020 Infogram https://e.infogram.com/1b3bc8ec-0371-4a51-8de5-7acf48b3d107?src=embed,2020,Germany,long,lt_debt,11.0,US$ bn,
ISD 2020,ISD 2020 Infogram https://e.infogram.com/1b3bc8ec-0371-4a51-8de5-7acf48b3d107?src=embed,2019,Germany,long,lt_debt,5.0,US$ bn,
ISD 2020,ISD 2020 Infogram https://e.infogram.com/1b3bc8ec-0371-4a51-8de5-7acf48b3d107?src=embed,2020,Other Offshore Centres,long,total,34.0,US$ bn,
ISD 2020,ISD 2020 Infogram https://e.infogram.com/1b3bc8ec-0371-4a51-8de5-7acf48b3d107?src=embed,2019,Other Offshore Centres,long,total,18.0,US$ bn,
ISD 2020,ISD 2020 Infogram https://e.infogram.com/1b3bc8ec-0371-4a51-8de5-7acf48b3d107?src=embed,2020,Other Offshore Centres,long,equities,14.0,US$ bn,
ISD 2020,ISD 2020 Infogram https://e.infogram.com/1b3bc8ec-0371-4a51-8de5-7acf48b3d107?src=embed,2019,Other Offshore Centres,long,equities,11.0,US$ bn,
ISD 2020,ISD 2020 Infogram https://e.infogram.com/1b3bc8ec-0371-4a51-8de5-7acf48b3d107?src=embed,2020,Other Offshore Centres,long,master_funds,13.0,US$ bn,
ISD 2020,ISD 2020 Infogram https://e.infogram.com/1b3bc8ec-0371-4a51-8de5-7acf48b3d107?src=embed,2019,Other Offshore Centres,long,master_funds,6.0,US$ bn,
ISD 2020,ISD 2020 Infogram https://e.infogram.com/1b3bc8ec-0371-4a51-8de5-7acf48b3d107?src=embed,2020,Other Offshore Centres,long,st_debt,1.0,US$ bn,
ISD 2020,ISD 2020 Infogram https://e.infogram.com/1b3bc8ec-0371-4a51-8de5-7acf48b3d107?src=embed,2019,Other Offshore Centres,long,st_debt,0.0,US$ bn,
ISD 2020,ISD 2020 Infogram https://e.infogram.com/1b3bc8ec-0371-4a51-8de5-7acf48b3d107?src=embed,2020,Other Offshore Centres,long,lt_debt,6.0,US$ bn,
ISD 2020,ISD 2020 Infogram https://e.infogram.com/1b3bc8ec-0371-4a51-8de5-7acf48b3d107?src=embed,2019,Other Offshore Centres,long,lt_debt,1.0,US$ bn,
ISD 2020,ISD 2020 Infogram https://e.infogram.com/1b3bc8ec-0371-4a51-8de5-7acf48b3d107?src=embed,2020,Canada,long,total,32.0,US$ bn,
ISD 2020,ISD 2020 Infogram https://e.infogram.com/1b3bc8ec-0371-4a51-8de5-7acf48b3d107?src=embed,2019,Canada,long,total,27.0,US$ bn,
ISD 2020,ISD 2020 Infogram https://e.infogram.com/1b3bc8ec-0371-4a51-8de5-7acf48b3d107?src=embed,2020,Canada,long,equities,17.0,US$ bn,
ISD 2020,ISD 2020 Infogram https://e.infogram.com/1b3bc8ec-0371-4a51-8de5-7acf48b3d107?src=embed,2019,Canada,long,equities,12.0,US$ bn,
ISD 2020,ISD 2020 Infogram https://e.infogram.com/1b3bc8ec-0371-4a51-8de5-7acf48b3d107?src=embed,2020,Canada,long,master_funds,0.0,US$ bn,
ISD 2020,ISD 2020 Infogram https://e.infogram.com/1b3bc8ec-0371-4a51-8de5-7acf48b3d107?src=embed,2019,Canada,long,master_funds,0.0,US$ bn,
ISD 2020,ISD 2020 Infogram https://e.infogram.com/1b3bc8ec-0371-4a51-8de5-7acf48b3d107?src=embed,2020,Canada,long,st_debt,5.0,US$ bn,
ISD 2020,ISD 2020 Infogram https://e.infogram.com/1b3bc8ec-0371-4a51-8de5-7acf48b3d107?src=embed,2019,Canada,long,st_debt,4.0,US$ bn,
ISD 2020,ISD 2020 Infogram https://e.infogram.com/1b3bc8ec-0371-4a51-8de5-7acf48b3d107?src=embed,2020,Canada,long,lt_debt,10.0,US$ bn,
ISD 2020,ISD 2020 Infogram https://e.infogram.com/1b3bc8ec-0371-4a51-8de5-7acf48b3d107?src=embed,2019,Canada,long,lt_debt,11.0,US$ bn,
ISD 2020,ISD 2020 Infogram https://e.infogram.com/1b3bc8ec-0371-4a51-8de5-7acf48b3d107?src=embed,2020,Curacao,long,total,33.0,US$ bn,
ISD 2020,ISD 2020 Infogram https://e.infogram.com/1b3bc8ec-0371-4a51-8de5-7acf48b3d107?src=embed,2019,Curacao,long,total,15.0,US$ bn,
ISD 2020,ISD 2020 Infogram https://e.infogram.com/1b3bc8ec-0371-4a51-8de5-7acf48b3d107?src=embed,2020,Curacao,long,equities,0.0,US$ bn,
ISD 2020,ISD 2020 Infogram https://e.infogram.com/1b3bc8ec-0371-4a51-8de5-7acf48b3d107?src=embed,2019,Curacao,long,equities,0.0,US$ bn,
ISD 2020,ISD 2020 Infogram https://e.infogram.com/1b3bc8ec-0371-4a51-8de5-7acf48b3d107?src=embed,2020,Curacao,long,master_funds,33.0,US$ bn,
ISD 2020,ISD 2020 Infogram https://e.infogram.com/1b3bc8ec-0371-4a51-8de5-7acf48b3d107?src=embed,2019,Curacao,long,master_funds,15.0,US$ bn,
ISD 2020,ISD 2020 Infogram https://e.infogram.com/1b3bc8ec-0371-4a51-8de5-7acf48b3d107?src=embed,2020,Curacao,long,st_debt,0.0,US$ bn,
ISD 2020,ISD 2020 Infogram https://e.infogram.com/1b3bc8ec-0371-4a51-8de5-7acf48b3d107?src=embed,2019,Curacao,long,st_debt,0.0,US$ bn,
ISD 2020,ISD 2020 Infogram https://e.infogram.com/1b3bc8ec-0371-4a51-8de5-7acf48b3d107?src=embed,2020,Curacao,long,lt_debt,0.0,US$ bn,
ISD 2020,ISD 2020 Infogram https://e.infogram.com/1b3bc8ec-0371-4a51-8de5-7acf48b3d107?src=embed,2019,Curacao,long,lt_debt,0.0,US$ bn,
ISD 2020,ISD 2020 Infogram https://e.infogram.com/1b3bc8ec-0371-4a51-8de5-7acf48b3d107?src=embed,2020,Developing Latin America and the Caribbean,long,total,31.0,US$ bn,
ISD 2020,ISD 2020 Infogram https://e.infogram.com/1b3bc8ec-0371-4a51-8de5-7acf48b3d107?src=embed,2019,Developing Latin America and the Caribbean,long,total,19.0,US$ bn,
ISD 2020,ISD 2020 Infogram https://e.infogram.com/1b3bc8ec-0371-4a51-8de5-7acf48b3d107?src=embed,2020,Developing Latin America and the Caribbean,long,equities,13.0,US$ bn,
ISD 2020,ISD 2020 Infogram https://e.infogram.com/1b3bc8ec-0371-4a51-8de5-7acf48b3d107?src=embed,2019,Developing Latin America and the Caribbean,long,equities,9.0,US$ bn,
ISD 2020,ISD 2020 Infogram https://e.infogram.com/1b3bc8ec-0371-4a51-8de5-7acf48b3d107?src=embed,2020,Developing Latin America and the Caribbean,long,master_funds,2.0,US$ bn,
ISD 2020,ISD 2020 Infogram https://e.infogram.com/1b3bc8ec-0371-4a51-8de5-7acf48b3d107?src=embed,2019,Developing Latin America and the Caribbean,long,master_funds,1.0,US$ bn,
ISD 2020,ISD 2020 Infogram https://e.infogram.com/1b3bc8ec-0371-4a51-8de5-7acf48b3d107?src=embed,2020,Developing Latin America and the Caribbean,long,st_debt,1.0,US$ bn,
ISD 2020,ISD 2020 Infogram https://e.infogram.com/1b3bc8ec-0371-4a51-8de5-7acf48b3d107?src=embed,2019,Developing Latin America and the Caribbean,long,st_debt,0.0,US$ bn,
ISD 2020,ISD 2020 Infogram https://e.infogram.com/1b3bc8ec-0371-4a51-8de5-7acf48b3d107?src=embed,2020,Developing Latin America and the Caribbean,long,lt_debt,15.0,US$ bn,
ISD 2020,ISD 2020 Infogram https://e.infogram.com/1b3bc8ec-0371-4a51-8de5-7acf48b3d107?src=embed,2019,Developing Latin America and the Caribbean,long,lt_debt,9.0,US$ bn,
ISD 2020,ISD 2020 Infogram https://e.infogram.com/1b3bc8ec-0371-4a51-8de5-7acf48b3d107?src=embed,2020,Hong Kong,long,total,26.0,US$ bn,
ISD 2020,ISD 2020 Infogram https://e.infogram.com/1b3bc8ec-0371-4a51-8de5-7acf48b3d107?src=embed,2019,Hong Kong,long,total,15.0,US$ bn,
ISD 2020,ISD 2020 Infogram https://e.infogram.com/1b3bc8ec-0371-4a51-8de5-7acf48b3d107?src=embed,2020,Hong Kong,long,equities,21.0,US$ bn,
ISD 2020,ISD 2020 Infogram https://e.infogram.com/1b3bc8ec-0371-4a51-8de5-7acf48b3d107?src=embed,2019,Hong Kong,long,equities,12.0,US$ bn,
ISD 2020,ISD 2020 Infogram https://e.infogram.com/1b3bc8ec-0371-4a51-8de5-7acf48b3d107?src=embed,2020,Hong Kong,long,master_funds,0.0,US$ bn,
ISD 2020,ISD 2020 Infogram https://e.infogram.com/1b3bc8ec-0371-4a51-8de5-7acf48b3d107?src=embed,2019,Hong Kong,long,master_funds,0.0,US$ bn,
ISD 2020,ISD 2020 Infogram https://e.infogram.com/1b3bc8ec-0371-4a51-8de5-7acf48b3d107?src=embed,2020,Hong Kong,long,st_debt,1.0,US$ bn,
ISD 2020,ISD 2020 Infogram https://e.infogram.com/1b3bc8ec-0371-4a51-8de5-7acf48b3d107?src=embed,2019,Hong Kong,long,st_debt,0.0,US$ bn,
ISD 2020,ISD 2020 Infogram https://e.infogram.com/1b3bc8ec-0371-4a51-8de5-7acf48b3d107?src=embed,2020,Hong Kong,long,lt_debt,4.0,US$ bn,
ISD 2020,ISD 2020 Infogram https://e.infogram.com/1b3bc8ec-0371-4a51-8de5-7acf48b3d107?src=embed,2019,Hong Kong,long,lt_debt,3.0,US$ bn,
ISD 2020,ISD 2020 Infogram https://e.infogram.com/1b3bc8ec-0371-4a51-8de5-7acf48b3d107?src=embed,2020,Developing Asia and the Pacific,long,total,21.0,US$ bn,
ISD 2020,ISD 2020 Infogram https://e.infogram.com/1b3bc8ec-0371-4a51-8de5-7acf48b3d107?src=embed,2019,Developing Asia and the Pacific,long,total,20.0,US$ bn,
ISD 2020,ISD 2020 Infogram https://e.infogram.com/1b3bc8ec-0371-4a51-8de5-7acf48b3d107?src=embed,2020,Developing Asia and the Pacific,long,equities,16.0,US$ bn,
ISD 2020,ISD 2020 Infogram https://e.infogram.com/1b3bc8ec-0371-4a51-8de5-7acf48b3d107?src=embed,2019,Developing Asia and the Pacific,long,equities,15.0,US$ bn,
ISD 2020,ISD 2020 Infogram https://e.infogram.com/1b3bc8ec-0371-4a51-8de5-7acf48b3d107?src=embed,2020,Developing Asia and the Pacific,long,master_funds,0.0,US$ bn,
ISD 2020,ISD 2020 Infogram https://e.infogram.com/1b3bc8ec-0371-4a51-8de5-7acf48b3d107?src=embed,2019,Developing Asia and the Pacific,long,master_funds,0.0,US$ bn,
ISD 2020,ISD 2020 Infogram https://e.infogram.com/1b3bc8ec-0371-4a51-8de5-7acf48b3d107?src=embed,2020,Developing Asia and the Pacific,long,st_debt,0.0,US$ bn,
ISD 2020,ISD 2020 Infogram https://e.infogram.com/1b3bc8ec-0371-4a51-8de5-7acf48b3d107?src=embed,2019,Developing Asia and the Pacific,long,st_debt,0.0,US$ bn,
ISD 2020,ISD 2020 Infogram https://e.infogram.com/1b3bc8ec-0371-4a51-8de5-7acf48b3d107?src=embed,2020,Developing Asia and the Pacific,long,lt_debt,5.0,US$ bn,
ISD 2020,ISD 2020 Infogram https://e.infogram.com/1b3bc8ec-0371-4a51-8de5-7acf48b3d107?src=embed,2019,Developing Asia and the Pacific,long,lt_debt,5.0,US$ bn,
ISD 2020,ISD 2020 Infogram https://e.infogram.com/1b3bc8ec-0371-4a51-8de5-7acf48b3d107?src=embed,2020,Netherlands,long,total,20.0,US$ bn,
ISD 2020,ISD 2020 Infogram https://e.infogram.com/1b3bc8ec-0371-4a51-8de5-7acf48b3d107?src=embed,2019,Netherlands,long,total,15.0,US$ bn,
ISD 2020,ISD 2020 Infogram https://e.infogram.com/1b3bc8ec-0371-4a51-8de5-7acf48b3d107?src=embed,2020,Netherlands,long,equities,6.0,US$ bn,
ISD 2020,ISD 2020 Infogram https://e.infogram.com/1b3bc8ec-0371-4a51-8de5-7acf48b3d107?src=embed,2019,Netherlands,long,equities,3.0,US$ bn,
ISD 2020,ISD 2020 Infogram https://e.infogram.com/1b3bc8ec-0371-4a51-8de5-7acf48b3d107?src=embed,2020,Netherlands,long,master_funds,0.0,US$ bn,
ISD 2020,ISD 2020 Infogram https://e.infogram.com/1b3bc8ec-0371-4a51-8de5-7acf48b3d107?src=embed,2019,Netherlands,long,master_funds,0.0,US$ bn,
ISD 2020,ISD 2020 Infogram https://e.infogram.com/1b3bc8ec-0371-4a51-8de5-7acf48b3d107?src=embed,2020,Netherlands,long,st_debt,2.0,US$ bn,
ISD 2020,ISD 2020 Infogram https://e.infogram.com/1b3bc8ec-0371-4a51-8de5-7acf48b3d107?src=embed,2019,Netherlands,long,st_debt,1.0,US$ bn,
ISD 2020,ISD 2020 Infogram https://e.infogram.com/1b3bc8ec-0371-4a51-8de5-7acf48b3d107?src=embed,2020,Netherlands,long,lt_debt,12.0,US$ bn,
ISD 2020,ISD 2020 Infogram https://e.infogram.com/1b3bc8ec-0371-4a51-8de5-7acf48b3d107?src=embed,2019,Netherlands,long,lt_debt,11.0,US$ bn,
ISD 2020,ISD 2020 Infogram https://e.infogram.com/1b3bc8ec-0371-4a51-8de5-7acf48b3d107?src=embed,2020,Developing Africa and the Middle East,long,total,16.0,US$ bn,
ISD 2020,ISD 2020 Infogram https://e.infogram.com/1b3bc8ec-0371-4a51-8de5-7acf48b3d107?src=embed,2019,Developing Africa and the Middle East,long,total,10.0,US$ bn,
ISD 2020,ISD 2020 Infogram https://e.infogram.com/1b3bc8ec-0371-4a51-8de5-7acf48b3d107?src=embed,2020,Developing Africa and the Middle East,long,equities,4.0,US$ bn,
ISD 2020,ISD 2020 Infogram https://e.infogram.com/1b3bc8ec-0371-4a51-8de5-7acf48b3d107?src=embed,2019,Developing Africa and the Middle East,long,equities,3.0,US$ bn,
ISD 2020,ISD 2020 Infogram https://e.infogram.com/1b3bc8ec-0371-4a51-8de5-7acf48b3d107?src=embed,2020,Developing Africa and the Middle East,long,master_funds,0.0,US$ bn,
ISD 2020,ISD 2020 Infogram https://e.infogram.com/1b3bc8ec-0371-4a51-8de5-7acf48b3d107?src=embed,2019,Developing Africa and the Middle East,long,master_funds,0.0,US$ bn,
ISD 2020,ISD 2020 Infogram https://e.infogram.com/1b3bc8ec-0371-4a51-8de5-7acf48b3d107?src=embed,2020,Developing Africa and the Middle East,long,st_debt,1.0,US$ bn,
ISD 2020,ISD 2020 Infogram https://e.infogram.com/1b3bc8ec-0371-4a51-8de5-7acf48b3d107?src=embed,2019,Developing Africa and the Middle East,long,st_debt,0.0,US$ bn,
ISD 2020,ISD 2020 Infogram https://e.infogram.com/1b3bc8ec-0371-4a51-8de5-7acf48b3d107?src=embed,2020,Developing Africa and the Middle East,long,lt_debt,11.0,US$ bn,
ISD 2020,ISD 2020 Infogram https://e.infogram.com/1b3bc8ec-0371-4a51-8de5-7acf48b3d107?src=embed,2019,Developing Africa and the Middle East,long,lt_debt,7.0,US$ bn,
ISD 2020,ISD 2020 Infogram https://e.infogram.com/1b3bc8ec-0371-4a51-8de5-7acf48b3d107?src=embed,2020,Developing Europe,long,total,12.0,US$ bn,
ISD 2020,ISD 2020 Infogram https://e.infogram.com/1b3bc8ec-0371-4a51-8de5-7acf48b3d107?src=embed,2019,Developing Europe,long,total,11.0,US$ bn,
ISD 2020,ISD 2020 Infogram https://e.infogram.com/1b3bc8ec-0371-4a51-8de5-7acf48b3d107?src=embed,2020,Developing Europe,long,equities,3.0,US$ bn,
ISD 2020,ISD 2020 Infogram https://e.infogram.com/1b3bc8ec-0371-4a51-8de5-7acf48b3d107?src=embed,2019,Developing Europe,long,equities,3.0,US$ bn,
ISD 2020,ISD 2020 Infogram https://e.infogram.com/1b3bc8ec-0371-4a51-8de5-7acf48b3d107?src=embed,2020,Developing Europe,long,master_funds,0.0,US$ bn,
ISD 2020,ISD 2020 Infogram https://e.infogram.com/1b3bc8ec-0371-4a51-8de5-7acf48b3d107?src=embed,2019,Developing Europe,long,master_funds,1.0,US$ bn,
ISD 2020,ISD 2020 Infogram https://e.infogram.com/1b3bc8ec-0371-4a51-8de5-7acf48b3d107?src=embed,2020,Developing Europe,long,st_debt,0.0,US$ bn,
ISD 2020,ISD 2020 Infogram https://e.infogram.com/1b3bc8ec-0371-4a51-8de5-7acf48b3d107?src=embed,2019,Developing Europe,long,st_debt,0.0,US$ bn,
ISD 2020,ISD 2020 Infogram https://e.infogram.com/1b3bc8ec-0371-4a51-8de5-7acf48b3d107?src=embed,2020,Developing Europe,long,lt_debt,9.0,US$ bn,
ISD 2020,ISD 2020 Infogram https://e.infogram.com/1b3bc8ec-0371-4a51-8de5-7acf48b3d107?src=embed,2019,Developing Europe,long,lt_debt,7.0,US$ bn,
ISD 2020,ISD 2020 Infogram https://e.infogram.com/1b3bc8ec-0371-4a51-8de5-7acf48b3d107?src=embed,2020,Total,long,total,4615.0,US$ bn,
ISD 2020,ISD 2020 Infogram https://e.infogram.com/1b3bc8ec-0371-4a51-8de5-7acf48b3d107?src=embed,2019,Total,long,total,3160.0,US$ bn,
ISD 2020,ISD 2020 Infogram https://e.infogram.com/1b3bc8ec-0371-4a51-8de5-7acf48b3d107?src=embed,2020,Total,long,equities,1219.0,US$ bn,
ISD 2020,ISD 2020 Infogram https://e.infogram.com/1b3bc8ec-0371-4a51-8de5-7acf48b3d107?src=embed,2019,Total,long,equities,622.0,US$ bn,
ISD 2020,ISD 2020 Infogram https://e.infogram.com/1b3bc8ec-0371-4a51-8de5-7acf48b3d107?src=embed,2020,Total,long,master_funds,1578.0,US$ bn,
ISD 2020,ISD 2020 Infogram https://e.infogram.com/1b3bc8ec-0371-4a51-8de5-7acf48b3d107?src=embed,2019,Total,long,master_funds,1021.0,US$ bn,
ISD 2020,ISD 2020 Infogram https://e.infogram.com/1b3bc8ec-0371-4a51-8de5-7acf48b3d107?src=embed,2020,Total,long,st_debt,272.0,US$ bn,
ISD 2020,ISD 2020 Infogram https://e.infogram.com/1b3bc8ec-0371-4a51-8de5-7acf48b3d107?src=embed,2019,Total,long,st_debt,265.0,US$ bn,
ISD 2020,ISD 2020 Infogram https://e.infogram.com/1b3bc8ec-0371-4a51-8de5-7acf48b3d107?src=embed,2020,Total,long,lt_debt,1546.0,US$ bn,
ISD 2020,ISD 2020 Infogram https://e.infogram.com/1b3bc8ec-0371-4a51-8de5-7acf48b3d107?src=embed,2019,Total,long,lt_debt,1251.0,US$ bn,
ISD 2020,ISD 2020 Infogram https://e.infogram.com/1b3bc8ec-0371-4a51-8de5-7acf48b3d107?src=embed,2020,United States,short,total,-137.0,US$ bn,
ISD 2020,ISD 2020 Infogram https://e.infogram.com/1b3bc8ec-0371-4a51-8de5-7acf48b3d107?src=embed,2019,United States,short,total,-75.0,US$ bn,
ISD 2020,ISD 2020 Infogram https://e.infogram.com/1b3bc8ec-0371-4a51-8de5-7acf48b3d107?src=embed,2020,United States,short,equities,-44.0,US$ bn,
ISD 2020,ISD 2020 Infogram https://e.infogram.com/1b3bc8ec-0371-4a51-8de5-7acf48b3d107?src=embed,2019,United States,short,equities,-19.0,US$ bn,
ISD 2020,ISD 2020 Infogram https://e.infogram.com/1b3bc8ec-0371-4a51-8de5-7acf48b3d107?src=embed,2020,United States,short,st_debt,-83.0,US$ bn,
ISD 2020,ISD 2020 Infogram https://e.infogram.com/1b3bc8ec-0371-4a51-8de5-7acf48b3d107?src=embed,2019,United States,short,st_debt,-5.0,US$ bn,
ISD 2020,ISD 2020 Infogram https://e.infogram.com/1b3bc8ec-0371-4a51-8de5-7acf48b3d107?src=embed,2020,United States,short,lt_debt,-10.0,US$ bn,
ISD 2020,ISD 2020 Infogram https://e.infogram.com/1b3bc8ec-0371-4a51-8de5-7acf48b3d107?src=embed,2019,United States,short,lt_debt,-6.0,US$ bn,
ISD 2020,ISD 2020 Infogram https://e.infogram.com/1b3bc8ec-0371-4a51-8de5-7acf48b3d107?src=embed,2020,Germany,short,total,-113.0,US$ bn,
ISD 2020,ISD 2020 Infogram https://e.infogram.com/1b3bc8ec-0371-4a51-8de5-7acf48b3d107?src=embed,2019,Germany,short,total,-113.0,US$ bn,
ISD 2020,ISD 2020 Infogram https://e.infogram.com/1b3bc8ec-0371-4a51-8de5-7acf48b3d107?src=embed,2020,Germany,short,equities,0.0,US$ bn,
ISD 2020,ISD 2020 Infogram https://e.infogram.com/1b3bc8ec-0371-4a51-8de5-7acf48b3d107?src=embed,2019,Germany,short,equities,-1.0,US$ bn,
ISD 2020,ISD 2020 Infogram https://e.infogram.com/1b3bc8ec-0371-4a51-8de5-7acf48b3d107?src=embed,2020,Germany,short,st_debt,-12.0,US$ bn,
ISD 2020,ISD 2020 Infogram https://e.infogram.com/1b3bc8ec-0371-4a51-8de5-7acf48b3d107?src=embed,2019,Germany,short,st_debt,-14.0,US$ bn,
ISD 2020,ISD 2020 Infogram https://e.infogram.com/1b3bc8ec-0371-4a51-8de5-7acf48b3d107?src=embed,2020,Germany,short,lt_debt,-101.0,US$ bn,
ISD 2020,ISD 2020 Infogram https://e.infogram.com/1b3bc8ec-0371-4a51-8de5-7acf48b3d107?src=embed,2019,Germany,short,lt_debt,-98.0,US$ bn,
ISD 2020,ISD 2020 Infogram https://e.infogram.com/1b3bc8ec-0371-4a51-8de5-7acf48b3d107?src=embed,2020,France,short,total,-91.0,US$ bn,
ISD 2020,ISD 2020 Infogram https://e.infogram.com/1b3bc8ec-0371-4a51-8de5-7acf48b3d107?src=embed,2019,France,short,total,-69.0,US$ bn,
ISD 2020,ISD 2020 Infogram https://e.infogram.com/1b3bc8ec-0371-4a51-8de5-7acf48b3d107?src=embed,2020,France,short,equities,0.0,US$ bn,
ISD 2020,ISD 2020 Infogram https://e.infogram.com/1b3bc8ec-0371-4a51-8de5-7acf48b3d107?src=embed,2019,France,short,equities,0.0,US$ bn,
ISD 2020,ISD 2020 Infogram https://e.infogram.com/1b3bc8ec-0371-4a51-8de5-7acf48b3d107?src=embed,2020,France,short,st_debt,-25.0,US$ bn,
ISD 2020,ISD 2020 Infogram https://e.infogram.com/1b3bc8ec-0371-4a51-8de5-7acf48b3d107?src=embed,2019,France,short,st_debt,-7.0,US$ bn,
ISD 2020,ISD 2020 Infogram https://e.infogram.com/1b3bc8ec-0371-4a51-8de5-7acf48b3d107?src=embed,2020,France,short,lt_debt,-66.0,US$ bn,
ISD 2020,ISD 2020 Infogram https://e.infogram.com/1b3bc8ec-0371-4a51-8de5-7acf48b3d107?src=embed,2019,France,short,lt_debt,-62.0,US$ bn,
ISD 2020,ISD 2020 Infogram https://e.infogram.com/1b3bc8ec-0371-4a51-8de5-7acf48b3d107?src=embed,2020,Other Developed Countries,short,total,-52.0,US$ bn,
ISD 2020,ISD 2020 Infogram https://e.infogram.com/1b3bc8ec-0371-4a51-8de5-7acf48b3d107?src=embed,2019,Other Developed Countries,short,total,-41.0,US$ bn,
ISD 2020,ISD 2020 Infogram https://e.infogram.com/1b3bc8ec-0371-4a51-8de5-7acf48b3d107?src=embed,2020,Other Developed Countries,short,equities,-4.0,US$ bn,
ISD 2020,ISD 2020 Infogram https://e.infogram.com/1b3bc8ec-0371-4a51-8de5-7acf48b3d107?src=embed,2019,Other Developed Countries,short,equities,-2.0,US$ bn,
ISD 2020,ISD 2020 Infogram https://e.infogram.com/1b3bc8ec-0371-4a51-8de5-7acf48b3d107?src=embed,2020,Other Developed Countries,short,st_debt,-23.0,US$ bn,
ISD 2020,ISD 2020 Infogram https://e.infogram.com/1b3bc8ec-0371-4a51-8de5-7acf48b3d107?src=embed,2019,Other Developed Countries,short,st_debt,-20.0,US$ bn,
ISD 2020,ISD 2020 Infogram https://e.infogram.com/1b3bc8ec-0371-4a51-8de5-7acf48b3d107?src=embed,2020,Other Developed Countries,short,lt_debt,-25.0,US$ bn,
ISD 2020,ISD 2020 Infogram https://e.infogram.com/1b3bc8ec-0371-4a51-8de5-7acf48b3d107?src=embed,2019,Other Developed Countries,short,lt_debt,-19.0,US$ bn,
ISD 2020,ISD 2020 Infogram https://e.infogram.com/1b3bc8ec-0371-4a51-8de5-7acf48b3d107?src=embed,2020,United Kingdom,short,total,-35.0,US$ bn,
ISD 2020,ISD 2020 Infogram https://e.infogram.com/1b3bc8ec-0371-4a51-8de5-7acf48b3d107?src=embed,2019,United Kingdom,short,total,-22.0,US$ bn,
ISD 2020,ISD 2020 Infogram https://e.infogram.com/1b3bc8ec-0371-4a51-8de5-7acf48b3d107?src=embed,2020,United Kingdom,short,equities,0.0,US$ bn,
ISD 2020,ISD 2020 Infogram https://e.infogram.com/1b3bc8ec-0371-4a51-8de5-7acf48b3d107?src=embed,2019,United Kingdom,short,equities,0.0,US$ bn,
ISD 2020,ISD 2020 Infogram https://e.infogram.com/1b3bc8ec-0371-4a51-8de5-7acf48b3d107?src=embed,2020,United Kingdom,short,st_debt,-28.0,US$ bn,
ISD 2020,ISD 2020 Infogram https://e.infogram.com/1b3bc8ec-0371-4a51-8de5-7acf48b3d107?src=embed,2019,United Kingdom,short,st_debt,-8.0,US$ bn,
ISD 2020,ISD 2020 Infogram https://e.infogram.com/1b3bc8ec-0371-4a51-8de5-7acf48b3d107?src=embed,2020,United Kingdom,short,lt_debt,-7.0,US$ bn,
ISD 2020,ISD 2020 Infogram https://e.infogram.com/1b3bc8ec-0371-4a51-8de5-7acf48b3d107?src=embed,2019,United Kingdom,short,lt_debt,-14.0,US$ bn,
ISD 2020,ISD 2020 Infogram https://e.infogram.com/1b3bc8ec-0371-4a51-8de5-7acf48b3d107?src=embed,2020,Canada,short,total,-12.0,US$ bn,
ISD 2020,ISD 2020 Infogram https://e.infogram.com/1b3bc8ec-0371-4a51-8de5-7acf48b3d107?src=embed,2019,Canada,short,total,-7.0,US$ bn,
ISD 2020,ISD 2020 Infogram https://e.infogram.com/1b3bc8ec-0371-4a51-8de5-7acf48b3d107?src=embed,2020,Canada,short,equities,-2.0,US$ bn,
ISD 2020,ISD 2020 Infogram https://e.infogram.com/1b3bc8ec-0371-4a51-8de5-7acf48b3d107?src=embed,2019,Canada,short,equities,-1.0,US$ bn,
ISD 2020,ISD 2020 Infogram https://e.infogram.com/1b3bc8ec-0371-4a51-8de5-7acf48b3d107?src=embed,2020,Canada,short,st_debt,-5.0,US$ bn,
ISD 2020,ISD 2020 Infogram https://e.infogram.com/1b3bc8ec-0371-4a51-8de5-7acf48b3d107?src=embed,2019,Canada,short,st_debt,-2.0,US$ bn,
ISD 2020,ISD 2020 Infogram https://e.infogram.com/1b3bc8ec-0371-4a51-8de5-7acf48b3d107?src=embed,2020,Canada,short,lt_debt,-5.0,US$ bn,
ISD 2020,ISD 2020 Infogram https://e.infogram.com/1b3bc8ec-0371-4a51-8de5-7acf48b3d107?src=embed,2019,Canada,short,lt_debt,-4.0,US$ bn,
ISD 2020,ISD 2020 Infogram https://e.infogram.com/1b3bc8ec-0371-4a51-8de5-7acf48b3d107?src=embed,2020,China,short,total,-6.0,US$ bn,
ISD 2020,ISD 2020 Infogram https://e.infogram.com/1b3bc8ec-0371-4a51-8de5-7acf48b3d107?src=embed,2019,China,short,total,-1.0,US$ bn,
ISD 2020,ISD 2020 Infogram https://e.infogram.com/1b3bc8ec-0371-4a51-8de5-7acf48b3d107?src=embed,2020,China,short,equities,-6.0,US$ bn,
ISD 2020,ISD 2020 Infogram https://e.infogram.com/1b3bc8ec-0371-4a51-8de5-7acf48b3d107?src=embed,2019,China,short,equities,-1.0,US$ bn,
ISD 2020,ISD 2020 Infogram https://e.infogram.com/1b3bc8ec-0371-4a51-8de5-7acf48b3d107?src=embed,2020,China,short,st_debt,0.0,US$ bn,
ISD 2020,ISD 2020 Infogram https://e.infogram.com/1b3bc8ec-0371-4a51-8de5-7acf48b3d107?src=embed,2019,China,short,st_debt,0.0,US$ bn,
ISD 2020,ISD 2020 Infogram https://e.infogram.com/1b3bc8ec-0371-4a51-8de5-7acf48b3d107?src=embed,2020,China,short,lt_debt,0.0,US$ bn,
ISD 2020,ISD 2020 Infogram https://e.infogram.com/1b3bc8ec-0371-4a51-8de5-7acf48b3d107?src=embed,2019,China,short,lt_debt,0.0,US$ bn,
ISD 2020,ISD 2020 Infogram https://e.infogram.com/1b3bc8ec-0371-4a51-8de5-7acf48b3d107?src=embed,2020,Japan,short,total,-6.0,US$ bn,
ISD 2020,ISD 2020 Infogram https://e.infogram.com/1b3bc8ec-0371-4a51-8de5-7acf48b3d107?src=embed,2019,Japan,short,total,-3.0,US$ bn,
ISD 2020,ISD 2020 Infogram https://e.infogram.com/1b3bc8ec-0371-4a51-8de5-7acf48b3d107?src=embed,2020,Japan,short,equities,-1.0,US$ bn,
ISD 2020,ISD 2020 Infogram https://e.infogram.com/1b3bc8ec-0371-4a51-8de5-7acf48b3d107?src=embed,2019,Japan,short,equities,-1.0,US$ bn,
ISD 2020,ISD 2020 Infogram https://e.infogram.com/1b3bc8ec-0371-4a51-8de5-7acf48b3d107?src=embed,2020,Japan,short,st_debt,-1.0,US$ bn,
ISD 2020,ISD 2020 Infogram https://e.infogram.com/1b3bc8ec-0371-4a51-8de5-7acf48b3d107?src=embed,2019,Japan,short,st_debt,-1.0,US$ bn,
ISD 2020,ISD 2020 Infogram https://e.infogram.com/1b3bc8ec-0371-4a51-8de5-7acf48b3d107?src=embed,2020,Japan,short,lt_debt,-4.0,US$ bn,
ISD 2020,ISD 2020 Infogram https://e.infogram.com/1b3bc8ec-0371-4a51-8de5-7acf48b3d107?src=embed,2019,Japan,short,lt_debt,-1.0,US$ bn,
ISD 2020,ISD 2020 Infogram https://e.infogram.com/1b3bc8ec-0371-4a51-8de5-7acf48b3d107?src=embed,2020,Netherlands,short,total,-2.0,US$ bn,
ISD 2020,ISD 2020 Infogram https://e.infogram.com/1b3bc8ec-0371-4a51-8de5-7acf48b3d107?src=embed,2019,Netherlands,short,total,-2.0,US$ bn,
ISD 2020,ISD 2020 Infogram https://e.infogram.com/1b3bc8ec-0371-4a51-8de5-7acf48b3d107?src=embed,2020,Netherlands,short,equities,0.0,US$ bn,
ISD 2020,ISD 2020 Infogram https://e.infogram.com/1b3bc8ec-0371-4a51-8de5-7acf48b3d107?src=embed,2019,Netherlands,short,equities,0.0,US$ bn,
ISD 2020,ISD 2020 Infogram https://e.infogram.com/1b3bc8ec-0371-4a51-8de5-7acf48b3d107?src=embed,2020,Netherlands,short,st_debt,-1.0,US$ bn,
ISD 2020,ISD 2020 Infogram https://e.infogram.com/1b3bc8ec-0371-4a51-8de5-7acf48b3d107?src=embed,2019,Netherlands,short,st_debt,-1.0,US$ bn,
ISD 2020,ISD 2020 Infogram https://e.infogram.com/1b3bc8ec-0371-4a51-8de5-7acf48b3d107?src=embed,2020,Netherlands,short,lt_debt,-1.0,US$ bn,
ISD 2020,ISD 2020 Infogram https://e.infogram.com/1b3bc8ec-0371-4a51-8de5-7acf48b3d107?src=embed,2019,Netherlands,short,lt_debt,-1.0,US$ bn,
ISD 2020,ISD 2020 Infogram https://e.infogram.com/1b3bc8ec-0371-4a51-8de5-7acf48b3d107?src=embed,2020,Developing Africa and the Middle East,short,total,-2.0,US$ bn,
ISD 2020,ISD 2020 Infogram https://e.infogram.com/1b3bc8ec-0371-4a51-8de5-7acf48b3d107?src=embed,2019,Developing Africa and the Middle East,short,total,-1.0,US$ bn,
ISD 2020,ISD 2020 Infogram https://e.infogram.com/1b3bc8ec-0371-4a51-8de5-7acf48b3d107?src=embed,2020,Developing Africa and the Middle East,short,equities,0.0,US$ bn,
ISD 2020,ISD 2020 Infogram https://e.infogram.com/1b3bc8ec-0371-4a51-8de5-7acf48b3d107?src=embed,2019,Developing Africa and the Middle East,short,equities,0.0,US$ bn,
ISD 2020,ISD 2020 Infogram https://e.infogram.com/1b3bc8ec-0371-4a51-8de5-7acf48b3d107?src=embed,2020,Developing Africa and the Middle East,short,st_debt,-2.0,US$ bn,
ISD 2020,ISD 2020 Infogram https://e.infogram.com/1b3bc8ec-0371-4a51-8de5-7acf48b3d107?src=embed,2019,Developing Africa and the Middle East,short,st_debt,-1.0,US$ bn,
ISD 2020,ISD 2020 Infogram https://e.infogram.com/1b3bc8ec-0371-4a51-8de5-7acf48b3d107?src=embed,2020,Developing Africa and the Middle East,short,lt_debt,0.0,US$ bn,
ISD 2020,ISD 2020 Infogram https://e.infogram.com/1b3bc8ec-0371-4a51-8de5-7acf48b3d107?src=embed,2019,Developing Africa and the Middle East,short,lt_debt,0.0,US$ bn,
ISD 2020,ISD 2020 Infogram https://e.infogram.com/1b3bc8ec-0371-4a51-8de5-7acf48b3d107?src=embed,2020,Other Offshore Centres,short,total,-2.0,US$ bn,
ISD 2020,ISD 2020 Infogram https://e.infogram.com/1b3bc8ec-0371-4a51-8de5-7acf48b3d107?src=embed,2019,Other Offshore Centres,short,total,0.0,US$ bn,
ISD 2020,ISD 2020 Infogram https://e.infogram.com/1b3bc8ec-0371-4a51-8de5-7acf48b3d107?src=embed,2020,Other Offshore Centres,short,equities,-2.0,US$ bn,
ISD 2020,ISD 2020 Infogram https://e.infogram.com/1b3bc8ec-0371-4a51-8de5-7acf48b3d107?src=embed,2019,Other Offshore Centres,short,equities,0.0,US$ bn,
ISD 2020,ISD 2020 Infogram https://e.infogram.com/1b3bc8ec-0371-4a51-8de5-7acf48b3d107?src=embed,2020,Other Offshore Centres,short,st_debt,0.0,US$ bn,
ISD 2020,ISD 2020 Infogram https://e.infogram.com/1b3bc8ec-0371-4a51-8de5-7acf48b3d107?src=embed,2019,Other Offshore Centres,short,st_debt,0.0,US$ bn,
ISD 2020,ISD 2020 Infogram https://e.infogram.com/1b3bc8ec-0371-4a51-8de5-7acf48b3d107?src=embed,2020,Other Offshore Centres,short,lt_debt,0.0,US$ bn,
ISD 2020,ISD 2020 Infogram https://e.infogram.com/1b3bc8ec-0371-4a51-8de5-7acf48b3d107?src=embed,2019,Other Offshore Centres,short,lt_debt,0.0,US$ bn,
ISD 2020,ISD 2020 Infogram https://e.infogram.com/1b3bc8ec-0371-4a51-8de5-7acf48b3d107?src=embed,2020,Cayman Islands,short,total,-2.0,US$ bn,
ISD 2020,ISD 2020 Infogram https://e.infogram.com/1b3bc8ec-0371-4a51-8de5-7acf48b3d107?src=embed,2019,Cayman Islands,short,total,-1.0,US$ bn,
ISD 2020,ISD 2020 Infogram https://e.infogram.com/1b3bc8ec-0371-4a51-8de5-7acf48b3d107?src=embed,2020,Cayman Islands,short,equities,-1.0,US$ bn,
ISD 2020,ISD 2020 Infogram https://e.infogram.com/1b3bc8ec-0371-4a51-8de5-7acf48b3d107?src=embed,2019,Cayman Islands,short,equities,-1.0,US$ bn,
ISD 2020,ISD 2020 Infogram https://e.infogram.com/1b3bc8ec-0371-4a51-8de5-7acf48b3d107?src=embed,2020,Cayman Islands,short,st_debt,-1.0,US$ bn,
ISD 2020,ISD 2020 Infogram https://e.infogram.com/1b3bc8ec-0371-4a51-8de5-7acf48b3d107?src=embed,2019,Cayman Islands,short,st_debt,0.0,US$ bn,
ISD 2020,ISD 2020 Infogram https://e.infogram.com/1b3bc8ec-0371-4a51-8de5-7acf48b3d107?src=embed,2020,Cayman Islands,short,lt_debt,0.0,US$ bn,
ISD 2020,ISD 2020 Infogram https://e.infogram.com/1b3bc8ec-0371-4a51-8de5-7acf48b3d107?src=embed,2019,Cayman Islands,short,lt_debt,0.0,US$ bn,
ISD 2020,ISD 2020 Infogram https://e.infogram.com/1b3bc8ec-0371-4a51-8de5-7acf48b3d107?src=embed,2020,Total,short,total,-460.0,US$ bn,
ISD 2020,ISD 2020 Infogram https://e.infogram.com/1b3bc8ec-0371-4a51-8de5-7acf48b3d107?src=embed,2019,Total,short,total,-335.0,US$ bn,
ISD 2020,ISD 2020 Infogram https://e.infogram.com/1b3bc8ec-0371-4a51-8de5-7acf48b3d107?src=embed,2020,Total,short,equities,-61.0,US$ bn,
ISD 2020,ISD 2020 Infogram https://e.infogram.com/1b3bc8ec-0371-4a51-8de5-7acf48b3d107?src=embed,2019,Total,short,equities,-26.0,US$ bn,
ISD 2020,ISD 2020 Infogram https://e.infogram.com/1b3bc8ec-0371-4a51-8de5-7acf48b3d107?src=embed,2020,Total,short,st_debt,-181.0,US$ bn,
ISD 2020,ISD 2020 Infogram https://e.infogram.com/1b3bc8ec-0371-4a51-8de5-7acf48b3d107?src=embed,2019,Total,short,st_debt,-105.0,US$ bn,
ISD 2020,ISD 2020 Infogram https://e.infogram.com/1b3bc8ec-0371-4a51-8de5-7acf48b3d107?src=embed,2020,Total,short,lt_debt,-218.0,US$ bn,
ISD 2020,ISD 2020 Infogram https://e.infogram.com/1b3bc8ec-0371-4a51-8de5-7acf48b3d107?src=embed,2019,Total,short,lt_debt,-205.0,US$ bn,
ISD 2021,ISD 2021 Infogram https://e.infogram.com/0624834a-452e-430f-9902-ce42b5961538?src=embed,2021,United States,long,total,1882.0,US$ bn,
ISD 2021,ISD 2021 Infogram https://e.infogram.com/0624834a-452e-430f-9902-ce42b5961538?src=embed,2020,United States,long,total,2121.0,US$ bn,
ISD 2021,ISD 2021 Infogram https://e.infogram.com/0624834a-452e-430f-9902-ce42b5961538?src=embed,2021,United States,long,equities,757.0,US$ bn,
ISD 2021,ISD 2021 Infogram https://e.infogram.com/0624834a-452e-430f-9902-ce42b5961538?src=embed,2020,United States,long,equities,671.0,US$ bn,
ISD 2021,ISD 2021 Infogram https://e.infogram.com/0624834a-452e-430f-9902-ce42b5961538?src=embed,2021,United States,long,master_funds,217.0,US$ bn,
ISD 2021,ISD 2021 Infogram https://e.infogram.com/0624834a-452e-430f-9902-ce42b5961538?src=embed,2020,United States,long,master_funds,185.0,US$ bn,
ISD 2021,ISD 2021 Infogram https://e.infogram.com/0624834a-452e-430f-9902-ce42b5961538?src=embed,2021,United States,long,st_debt,156.0,US$ bn,
ISD 2021,ISD 2021 Infogram https://e.infogram.com/0624834a-452e-430f-9902-ce42b5961538?src=embed,2020,United States,long,st_debt,163.0,US$ bn,
ISD 2021,ISD 2021 Infogram https://e.infogram.com/0624834a-452e-430f-9902-ce42b5961538?src=embed,2021,United States,long,lt_debt,752.0,US$ bn,
ISD 2021,ISD 2021 Infogram https://e.infogram.com/0624834a-452e-430f-9902-ce42b5961538?src=embed,2020,United States,long,lt_debt,1102.0,US$ bn,
ISD 2021,ISD 2021 Infogram https://e.infogram.com/0624834a-452e-430f-9902-ce42b5961538?src=embed,2021,Cayman Islands,long,total,1578.0,US$ bn,
ISD 2021,ISD 2021 Infogram https://e.infogram.com/0624834a-452e-430f-9902-ce42b5961538?src=embed,2020,Cayman Islands,long,total,1423.0,US$ bn,
ISD 2021,ISD 2021 Infogram https://e.infogram.com/0624834a-452e-430f-9902-ce42b5961538?src=embed,2021,Cayman Islands,long,equities,107.0,US$ bn,
ISD 2021,ISD 2021 Infogram https://e.infogram.com/0624834a-452e-430f-9902-ce42b5961538?src=embed,2020,Cayman Islands,long,equities,77.0,US$ bn,
ISD 2021,ISD 2021 Infogram https://e.infogram.com/0624834a-452e-430f-9902-ce42b5961538?src=embed,2021,Cayman Islands,long,master_funds,1441.0,US$ bn,
ISD 2021,ISD 2021 Infogram https://e.infogram.com/0624834a-452e-430f-9902-ce42b5961538?src=embed,2020,Cayman Islands,long,master_funds,1311.0,US$ bn,
ISD 2021,ISD 2021 Infogram https://e.infogram.com/0624834a-452e-430f-9902-ce42b5961538?src=embed,2021,Cayman Islands,long,st_debt,1.0,US$ bn,
ISD 2021,ISD 2021 Infogram https://e.infogram.com/0624834a-452e-430f-9902-ce42b5961538?src=embed,2020,Cayman Islands,long,st_debt,2.0,US$ bn,
ISD 2021,ISD 2021 Infogram https://e.infogram.com/0624834a-452e-430f-9902-ce42b5961538?src=embed,2021,Cayman Islands,long,lt_debt,29.0,US$ bn,
ISD 2021,ISD 2021 Infogram https://e.infogram.com/0624834a-452e-430f-9902-ce42b5961538?src=embed,2020,Cayman Islands,long,lt_debt,33.0,US$ bn,
ISD 2021,ISD 2021 Infogram https://e.infogram.com/0624834a-452e-430f-9902-ce42b5961538?src=embed,2021,China,long,total,155.0,US$ bn,
ISD 2021,ISD 2021 Infogram https://e.infogram.com/0624834a-452e-430f-9902-ce42b5961538?src=embed,2020,China,long,total,165.0,US$ bn,
ISD 2021,ISD 2021 Infogram https://e.infogram.com/0624834a-452e-430f-9902-ce42b5961538?src=embed,2021,China,long,equities,116.0,US$ bn,
ISD 2021,ISD 2021 Infogram https://e.infogram.com/0624834a-452e-430f-9902-ce42b5961538?src=embed,2020,China,long,equities,121.0,US$ bn,
ISD 2021,ISD 2021 Infogram https://e.infogram.com/0624834a-452e-430f-9902-ce42b5961538?src=embed,2021,China,long,master_funds,1.0,US$ bn,
ISD 2021,ISD 2021 Infogram https://e.infogram.com/0624834a-452e-430f-9902-ce42b5961538?src=embed,2020,China,long,master_funds,1.0,US$ bn,
ISD 2021,ISD 2021 Infogram https://e.infogram.com/0624834a-452e-430f-9902-ce42b5961538?src=embed,2021,China,long,st_debt,5.0,US$ bn,
ISD 2021,ISD 2021 Infogram https://e.infogram.com/0624834a-452e-430f-9902-ce42b5961538?src=embed,2020,China,long,st_debt,3.0,US$ bn,
ISD 2021,ISD 2021 Infogram https://e.infogram.com/0624834a-452e-430f-9902-ce42b5961538?src=embed,2021,China,long,lt_debt,33.0,US$ bn,
ISD 2021,ISD 2021 Infogram https://e.infogram.com/0624834a-452e-430f-9902-ce42b5961538?src=embed,2020,China,long,lt_debt,40.0,US$ bn,
ISD 2021,ISD 2021 Infogram https://e.infogram.com/0624834a-452e-430f-9902-ce42b5961538?src=embed,2021,Japan,long,total,155.0,US$ bn,
ISD 2021,ISD 2021 Infogram https://e.infogram.com/0624834a-452e-430f-9902-ce42b5961538?src=embed,2020,Japan,long,total,254.0,US$ bn,
ISD 2021,ISD 2021 Infogram https://e.infogram.com/0624834a-452e-430f-9902-ce42b5961538?src=embed,2021,Japan,long,equities,56.0,US$ bn,
ISD 2021,ISD 2021 Infogram https://e.infogram.com/0624834a-452e-430f-9902-ce42b5961538?src=embed,2020,Japan,long,equities,173.0,US$ bn,
ISD 2021,ISD 2021 Infogram https://e.infogram.com/0624834a-452e-430f-9902-ce42b5961538?src=embed,2021,Japan,long,master_funds,2.0,US$ bn,
ISD 2021,ISD 2021 Infogram https://e.infogram.com/0624834a-452e-430f-9902-ce42b5961538?src=embed,2020,Japan,long,master_funds,2.0,US$ bn,
ISD 2021,ISD 2021 Infogram https://e.infogram.com/0624834a-452e-430f-9902-ce42b5961538?src=embed,2021,Japan,long,st_debt,28.0,US$ bn,
ISD 2021,ISD 2021 Infogram https://e.infogram.com/0624834a-452e-430f-9902-ce42b5961538?src=embed,2020,Japan,long,st_debt,31.0,US$ bn,
ISD 2021,ISD 2021 Infogram https://e.infogram.com/0624834a-452e-430f-9902-ce42b5961538?src=embed,2021,Japan,long,lt_debt,69.0,US$ bn,
ISD 2021,ISD 2021 Infogram https://e.infogram.com/0624834a-452e-430f-9902-ce42b5961538?src=embed,2020,Japan,long,lt_debt,48.0,US$ bn,
ISD 2021,ISD 2021 Infogram https://e.infogram.com/0624834a-452e-430f-9902-ce42b5961538?src=embed,2021,Other Developed Countries,long,total,126.0,US$ bn,
ISD 2021,ISD 2021 Infogram https://e.infogram.com/0624834a-452e-430f-9902-ce42b5961538?src=embed,2020,Other Developed Countries,long,total,172.0,US$ bn,
ISD 2021,ISD 2021 Infogram https://e.infogram.com/0624834a-452e-430f-9902-ce42b5961538?src=embed,2021,Other Developed Countries,long,equities,34.0,US$ bn,
ISD 2021,ISD 2021 Infogram https://e.infogram.com/0624834a-452e-430f-9902-ce42b5961538?src=embed,2020,Other Developed Countries,long,equities,26.0,US$ bn,
ISD 2021,ISD 2021 Infogram https://e.infogram.com/0624834a-452e-430f-9902-ce42b5961538?src=embed,2021,Other Developed Countries,long,master_funds,14.0,US$ bn,
ISD 2021,ISD 2021 Infogram https://e.infogram.com/0624834a-452e-430f-9902-ce42b5961538?src=embed,2020,Other Developed Countries,long,master_funds,11.0,US$ bn,
ISD 2021,ISD 2021 Infogram https://e.infogram.com/0624834a-452e-430f-9902-ce42b5961538?src=embed,2021,Other Developed Countries,long,st_debt,22.0,US$ bn,
ISD 2021,ISD 2021 Infogram https://e.infogram.com/0624834a-452e-430f-9902-ce42b5961538?src=embed,2020,Other Developed Countries,long,st_debt,18.0,US$ bn,
ISD 2021,ISD 2021 Infogram https://e.infogram.com/0624834a-452e-430f-9902-ce42b5961538?src=embed,2021,Other Developed Countries,long,lt_debt,56.0,US$ bn,
ISD 2021,ISD 2021 Infogram https://e.infogram.com/0624834a-452e-430f-9902-ce42b5961538?src=embed,2020,Other Developed Countries,long,lt_debt,117.0,US$ bn,
ISD 2021,ISD 2021 Infogram https://e.infogram.com/0624834a-452e-430f-9902-ce42b5961538?src=embed,2021,United Kingdom,long,total,84.0,US$ bn,
ISD 2021,ISD 2021 Infogram https://e.infogram.com/0624834a-452e-430f-9902-ce42b5961538?src=embed,2020,United Kingdom,long,total,114.0,US$ bn,
ISD 2021,ISD 2021 Infogram https://e.infogram.com/0624834a-452e-430f-9902-ce42b5961538?src=embed,2021,United Kingdom,long,equities,26.0,US$ bn,
ISD 2021,ISD 2021 Infogram https://e.infogram.com/0624834a-452e-430f-9902-ce42b5961538?src=embed,2020,United Kingdom,long,equities,22.0,US$ bn,
ISD 2021,ISD 2021 Infogram https://e.infogram.com/0624834a-452e-430f-9902-ce42b5961538?src=embed,2021,United Kingdom,long,master_funds,0.0,US$ bn,
ISD 2021,ISD 2021 Infogram https://e.infogram.com/0624834a-452e-430f-9902-ce42b5961538?src=embed,2020,United Kingdom,long,master_funds,1.0,US$ bn,
ISD 2021,ISD 2021 Infogram https://e.infogram.com/0624834a-452e-430f-9902-ce42b5961538?src=embed,2021,United Kingdom,long,st_debt,12.0,US$ bn,
ISD 2021,ISD 2021 Infogram https://e.infogram.com/0624834a-452e-430f-9902-ce42b5961538?src=embed,2020,United Kingdom,long,st_debt,10.0,US$ bn,
ISD 2021,ISD 2021 Infogram https://e.infogram.com/0624834a-452e-430f-9902-ce42b5961538?src=embed,2021,United Kingdom,long,lt_debt,46.0,US$ bn,
ISD 2021,ISD 2021 Infogram https://e.infogram.com/0624834a-452e-430f-9902-ce42b5961538?src=embed,2020,United Kingdom,long,lt_debt,81.0,US$ bn,
ISD 2021,ISD 2021 Infogram https://e.infogram.com/0624834a-452e-430f-9902-ce42b5961538?src=embed,2021,France,long,total,70.0,US$ bn,
ISD 2021,ISD 2021 Infogram https://e.infogram.com/0624834a-452e-430f-9902-ce42b5961538?src=embed,2020,France,long,total,59.0,US$ bn,
ISD 2021,ISD 2021 Infogram https://e.infogram.com/0624834a-452e-430f-9902-ce42b5961538?src=embed,2021,France,long,equities,6.0,US$ bn,
ISD 2021,ISD 2021 Infogram https://e.infogram.com/0624834a-452e-430f-9902-ce42b5961538?src=embed,2020,France,long,equities,12.0,US$ bn,
ISD 2021,ISD 2021 Infogram https://e.infogram.com/0624834a-452e-430f-9902-ce42b5961538?src=embed,2021,France,long,master_funds,0.0,US$ bn,
ISD 2021,ISD 2021 Infogram https://e.infogram.com/0624834a-452e-430f-9902-ce42b5961538?src=embed,2020,France,long,master_funds,0.0,US$ bn,
ISD 2021,ISD 2021 Infogram https://e.infogram.com/0624834a-452e-430f-9902-ce42b5961538?src=embed,2021,France,long,st_debt,29.0,US$ bn,
ISD 2021,ISD 2021 Infogram https://e.infogram.com/0624834a-452e-430f-9902-ce42b5961538?src=embed,2020,France,long,st_debt,16.0,US$ bn,
ISD 2021,ISD 2021 Infogram https://e.infogram.com/0624834a-452e-430f-9902-ce42b5961538?src=embed,2021,France,long,lt_debt,35.0,US$ bn,
ISD 2021,ISD 2021 Infogram https://e.infogram.com/0624834a-452e-430f-9902-ce42b5961538?src=embed,2020,France,long,lt_debt,31.0,US$ bn,
ISD 2021,ISD 2021 Infogram https://e.infogram.com/0624834a-452e-430f-9902-ce42b5961538?src=embed,2021,Ireland,long,total,68.0,US$ bn,
ISD 2021,ISD 2021 Infogram https://e.infogram.com/0624834a-452e-430f-9902-ce42b5961538?src=embed,2020,Ireland,long,total,45.0,US$ bn,
ISD 2021,ISD 2021 Infogram https://e.infogram.com/0624834a-452e-430f-9902-ce42b5961538?src=embed,2021,Ireland,long,equities,36.0,US$ bn,
ISD 2021,ISD 2021 Infogram https://e.infogram.com/0624834a-452e-430f-9902-ce42b5961538?src=embed,2020,Ireland,long,equities,15.0,US$ bn,
ISD 2021,ISD 2021 Infogram https://e.infogram.com/0624834a-452e-430f-9902-ce42b5961538?src=embed,2021,Ireland,long,master_funds,21.0,US$ bn,
ISD 2021,ISD 2021 Infogram https://e.infogram.com/0624834a-452e-430f-9902-ce42b5961538?src=embed,2020,Ireland,long,master_funds,19.0,US$ bn,
ISD 2021,ISD 2021 Infogram https://e.infogram.com/0624834a-452e-430f-9902-ce42b5961538?src=embed,2021,Ireland,long,st_debt,0.0,US$ bn,
ISD 2021,ISD 2021 Infogram https://e.infogram.com/0624834a-452e-430f-9902-ce42b5961538?src=embed,2020,Ireland,long,st_debt,0.0,US$ bn,
ISD 2021,ISD 2021 Infogram https://e.infogram.com/0624834a-452e-430f-9902-ce42b5961538?src=embed,2021,Ireland,long,lt_debt,11.0,US$ bn,
ISD 2021,ISD 2021 Infogram https://e.infogram.com/0624834a-452e-430f-9902-ce42b5961538?src=embed,2020,Ireland,long,lt_debt,11.0,US$ bn,
ISD 2021,ISD 2021 Infogram https://e.infogram.com/0624834a-452e-430f-9902-ce42b5961538?src=embed,2021,Canada,long,total,52.0,US$ bn,
ISD 2021,ISD 2021 Infogram https://e.infogram.com/0624834a-452e-430f-9902-ce42b5961538?src=embed,2020,Canada,long,total,32.0,US$ bn,
ISD 2021,ISD 2021 Infogram https://e.infogram.com/0624834a-452e-430f-9902-ce42b5961538?src=embed,2021,Canada,long,equities,23.0,US$ bn,
ISD 2021,ISD 2021 Infogram https://e.infogram.com/0624834a-452e-430f-9902-ce42b5961538?src=embed,2020,Canada,long,equities,17.0,US$ bn,
ISD 2021,ISD 2021 Infogram https://e.infogram.com/0624834a-452e-430f-9902-ce42b5961538?src=embed,2021,Canada,long,master_funds,0.0,US$ bn,
ISD 2021,ISD 2021 Infogram https://e.infogram.com/0624834a-452e-430f-9902-ce42b5961538?src=embed,2020,Canada,long,master_funds,0.0,US$ bn,
ISD 2021,ISD 2021 Infogram https://e.infogram.com/0624834a-452e-430f-9902-ce42b5961538?src=embed,2021,Canada,long,st_debt,7.0,US$ bn,
ISD 2021,ISD 2021 Infogram https://e.infogram.com/0624834a-452e-430f-9902-ce42b5961538?src=embed,2020,Canada,long,st_debt,5.0,US$ bn,
ISD 2021,ISD 2021 Infogram https://e.infogram.com/0624834a-452e-430f-9902-ce42b5961538?src=embed,2021,Canada,long,lt_debt,22.0,US$ bn,
ISD 2021,ISD 2021 Infogram https://e.infogram.com/0624834a-452e-430f-9902-ce42b5961538?src=embed,2020,Canada,long,lt_debt,10.0,US$ bn,
ISD 2021,ISD 2021 Infogram https://e.infogram.com/0624834a-452e-430f-9902-ce42b5961538?src=embed,2021,Germany,long,total,46.0,US$ bn,
ISD 2021,ISD 2021 Infogram https://e.infogram.com/0624834a-452e-430f-9902-ce42b5961538?src=embed,2020,Germany,long,total,37.0,US$ bn,
ISD 2021,ISD 2021 Infogram https://e.infogram.com/0624834a-452e-430f-9902-ce42b5961538?src=embed,2021,Germany,long,equities,7.0,US$ bn,
ISD 2021,ISD 2021 Infogram https://e.infogram.com/0624834a-452e-430f-9902-ce42b5961538?src=embed,2020,Germany,long,equities,8.0,US$ bn,
ISD 2021,ISD 2021 Infogram https://e.infogram.com/0624834a-452e-430f-9902-ce42b5961538?src=embed,2021,Germany,long,master_funds,0.0,US$ bn,
ISD 2021,ISD 2021 Infogram https://e.infogram.com/0624834a-452e-430f-9902-ce42b5961538?src=embed,2020,Germany,long,master_funds,0.0,US$ bn,
ISD 2021,ISD 2021 Infogram https://e.infogram.com/0624834a-452e-430f-9902-ce42b5961538?src=embed,2021,Germany,long,st_debt,26.0,US$ bn,
ISD 2021,ISD 2021 Infogram https://e.infogram.com/0624834a-452e-430f-9902-ce42b5961538?src=embed,2020,Germany,long,st_debt,18.0,US$ bn,
ISD 2021,ISD 2021 Infogram https://e.infogram.com/0624834a-452e-430f-9902-ce42b5961538?src=embed,2021,Germany,long,lt_debt,13.0,US$ bn,
ISD 2021,ISD 2021 Infogram https://e.infogram.com/0624834a-452e-430f-9902-ce42b5961538?src=embed,2020,Germany,long,lt_debt,11.0,US$ bn,
ISD 2021,ISD 2021 Infogram https://e.infogram.com/0624834a-452e-430f-9902-ce42b5961538?src=embed,2021,Other Offshore Centres,long,total,46.0,US$ bn,
ISD 2021,ISD 2021 Infogram https://e.infogram.com/0624834a-452e-430f-9902-ce42b5961538?src=embed,2020,Other Offshore Centres,long,total,34.0,US$ bn,
ISD 2021,ISD 2021 Infogram https://e.infogram.com/0624834a-452e-430f-9902-ce42b5961538?src=embed,2021,Other Offshore Centres,long,equities,24.0,US$ bn,
ISD 2021,ISD 2021 Infogram https://e.infogram.com/0624834a-452e-430f-9902-ce42b5961538?src=embed,2020,Other Offshore Centres,long,equities,14.0,US$ bn,
ISD 2021,ISD 2021 Infogram https://e.infogram.com/0624834a-452e-430f-9902-ce42b5961538?src=embed,2021,Other Offshore Centres,long,master_funds,15.0,US$ bn,
ISD 2021,ISD 2021 Infogram https://e.infogram.com/0624834a-452e-430f-9902-ce42b5961538?src=embed,2020,Other Offshore Centres,long,master_funds,13.0,US$ bn,
ISD 2021,ISD 2021 Infogram https://e.infogram.com/0624834a-452e-430f-9902-ce42b5961538?src=embed,2021,Other Offshore Centres,long,st_debt,2.0,US$ bn,
ISD 2021,ISD 2021 Infogram https://e.infogram.com/0624834a-452e-430f-9902-ce42b5961538?src=embed,2020,Other Offshore Centres,long,st_debt,1.0,US$ bn,
ISD 2021,ISD 2021 Infogram https://e.infogram.com/0624834a-452e-430f-9902-ce42b5961538?src=embed,2021,Other Offshore Centres,long,lt_debt,5.0,US$ bn,
ISD 2021,ISD 2021 Infogram https://e.infogram.com/0624834a-452e-430f-9902-ce42b5961538?src=embed,2020,Other Offshore Centres,long,lt_debt,6.0,US$ bn,
ISD 2021,ISD 2021 Infogram https://e.infogram.com/0624834a-452e-430f-9902-ce42b5961538?src=embed,2021,Developing Latin America and the Caribbean,long,total,38.0,US$ bn,
ISD 2021,ISD 2021 Infogram https://e.infogram.com/0624834a-452e-430f-9902-ce42b5961538?src=embed,2020,Developing Latin America and the Caribbean,long,total,31.0,US$ bn,
ISD 2021,ISD 2021 Infogram https://e.infogram.com/0624834a-452e-430f-9902-ce42b5961538?src=embed,2021,Developing Latin America and the Caribbean,long,equities,10.0,US$ bn,
ISD 2021,ISD 2021 Infogram https://e.infogram.com/0624834a-452e-430f-9902-ce42b5961538?src=embed,2020,Developing Latin America and the Caribbean,long,equities,13.0,US$ bn,
ISD 2021,ISD 2021 Infogram https://e.infogram.com/0624834a-452e-430f-9902-ce42b5961538?src=embed,2021,Developing Latin America and the Caribbean,long,master_funds,0.0,US$ bn,
ISD 2021,ISD 2021 Infogram https://e.infogram.com/0624834a-452e-430f-9902-ce42b5961538?src=embed,2020,Developing Latin America and the Caribbean,long,master_funds,2.0,US$ bn,
ISD 2021,ISD 2021 Infogram https://e.infogram.com/0624834a-452e-430f-9902-ce42b5961538?src=embed,2021,Developing Latin America and the Caribbean,long,st_debt,1.0,US$ bn,
ISD 2021,ISD 2021 Infogram https://e.infogram.com/0624834a-452e-430f-9902-ce42b5961538?src=embed,2020,Developing Latin America and the Caribbean,long,st_debt,1.0,US$ bn,
ISD 2021,ISD 2021 Infogram https://e.infogram.com/0624834a-452e-430f-9902-ce42b5961538?src=embed,2021,Developing Latin America and the Caribbean,long,lt_debt,27.0,US$ bn,
ISD 2021,ISD 2021 Infogram https://e.infogram.com/0624834a-452e-430f-9902-ce42b5961538?src=embed,2020,Developing Latin America and the Caribbean,long,lt_debt,15.0,US$ bn,
ISD 2021,ISD 2021 Infogram https://e.infogram.com/0624834a-452e-430f-9902-ce42b5961538?src=embed,2021,Developing Asia and the Pacific,long,total,26.0,US$ bn,
ISD 2021,ISD 2021 Infogram https://e.infogram.com/0624834a-452e-430f-9902-ce42b5961538?src=embed,2020,Developing Asia and the Pacific,long,total,21.0,US$ bn,
ISD 2021,ISD 2021 Infogram https://e.infogram.com/0624834a-452e-430f-9902-ce42b5961538?src=embed,2021,Developing Asia and the Pacific,long,equities,21.0,US$ bn,
ISD 2021,ISD 2021 Infogram https://e.infogram.com/0624834a-452e-430f-9902-ce42b5961538?src=embed,2020,Developing Asia and the Pacific,long,equities,16.0,US$ bn,
ISD 2021,ISD 2021 Infogram https://e.infogram.com/0624834a-452e-430f-9902-ce42b5961538?src=embed,2021,Developing Asia and the Pacific,long,master_funds,0.0,US$ bn,
ISD 2021,ISD 2021 Infogram https://e.infogram.com/0624834a-452e-430f-9902-ce42b5961538?src=embed,2020,Developing Asia and the Pacific,long,master_funds,0.0,US$ bn,
ISD 2021,ISD 2021 Infogram https://e.infogram.com/0624834a-452e-430f-9902-ce42b5961538?src=embed,2021,Developing Asia and the Pacific,long,st_debt,0.0,US$ bn,
ISD 2021,ISD 2021 Infogram https://e.infogram.com/0624834a-452e-430f-9902-ce42b5961538?src=embed,2020,Developing Asia and the Pacific,long,st_debt,0.0,US$ bn,
ISD 2021,ISD 2021 Infogram https://e.infogram.com/0624834a-452e-430f-9902-ce42b5961538?src=embed,2021,Developing Asia and the Pacific,long,lt_debt,5.0,US$ bn,
ISD 2021,ISD 2021 Infogram https://e.infogram.com/0624834a-452e-430f-9902-ce42b5961538?src=embed,2020,Developing Asia and the Pacific,long,lt_debt,5.0,US$ bn,
ISD 2021,ISD 2021 Infogram https://e.infogram.com/0624834a-452e-430f-9902-ce42b5961538?src=embed,2021,Hong Kong,long,total,24.0,US$ bn,
ISD 2021,ISD 2021 Infogram https://e.infogram.com/0624834a-452e-430f-9902-ce42b5961538?src=embed,2020,Hong Kong,long,total,26.0,US$ bn,
ISD 2021,ISD 2021 Infogram https://e.infogram.com/0624834a-452e-430f-9902-ce42b5961538?src=embed,2021,Hong Kong,long,equities,19.0,US$ bn,
ISD 2021,ISD 2021 Infogram https://e.infogram.com/0624834a-452e-430f-9902-ce42b5961538?src=embed,2020,Hong Kong,long,equities,21.0,US$ bn,
ISD 2021,ISD 2021 Infogram https://e.infogram.com/0624834a-452e-430f-9902-ce42b5961538?src=embed,2021,Hong Kong,long,master_funds,0.0,US$ bn,
ISD 2021,ISD 2021 Infogram https://e.infogram.com/0624834a-452e-430f-9902-ce42b5961538?src=embed,2020,Hong Kong,long,master_funds,0.0,US$ bn,
ISD 2021,ISD 2021 Infogram https://e.infogram.com/0624834a-452e-430f-9902-ce42b5961538?src=embed,2021,Hong Kong,long,st_debt,1.0,US$ bn,
ISD 2021,ISD 2021 Infogram https://e.infogram.com/0624834a-452e-430f-9902-ce42b5961538?src=embed,2020,Hong Kong,long,st_debt,1.0,US$ bn,
ISD 2021,ISD 2021 Infogram https://e.infogram.com/0624834a-452e-430f-9902-ce42b5961538?src=embed,2021,Hong Kong,long,lt_debt,4.0,US$ bn,
ISD 2021,ISD 2021 Infogram https://e.infogram.com/0624834a-452e-430f-9902-ce42b5961538?src=embed,2020,Hong Kong,long,lt_debt,4.0,US$ bn,
ISD 2021,ISD 2021 Infogram https://e.infogram.com/0624834a-452e-430f-9902-ce42b5961538?src=embed,2021,Netherlands,long,total,22.0,US$ bn,
ISD 2021,ISD 2021 Infogram https://e.infogram.com/0624834a-452e-430f-9902-ce42b5961538?src=embed,2020,Netherlands,long,total,20.0,US$ bn,
ISD 2021,ISD 2021 Infogram https://e.infogram.com/0624834a-452e-430f-9902-ce42b5961538?src=embed,2021,Netherlands,long,equities,6.0,US$ bn,
ISD 2021,ISD 2021 Infogram https://e.infogram.com/0624834a-452e-430f-9902-ce42b5961538?src=embed,2020,Netherlands,long,equities,6.0,US$ bn,
ISD 2021,ISD 2021 Infogram https://e.infogram.com/0624834a-452e-430f-9902-ce42b5961538?src=embed,2021,Netherlands,long,master_funds,0.0,US$ bn,
ISD 2021,ISD 2021 Infogram https://e.infogram.com/0624834a-452e-430f-9902-ce42b5961538?src=embed,2020,Netherlands,long,master_funds,0.0,US$ bn,
ISD 2021,ISD 2021 Infogram https://e.infogram.com/0624834a-452e-430f-9902-ce42b5961538?src=embed,2021,Netherlands,long,st_debt,0.0,US$ bn,
ISD 2021,ISD 2021 Infogram https://e.infogram.com/0624834a-452e-430f-9902-ce42b5961538?src=embed,2020,Netherlands,long,st_debt,2.0,US$ bn,
ISD 2021,ISD 2021 Infogram https://e.infogram.com/0624834a-452e-430f-9902-ce42b5961538?src=embed,2021,Netherlands,long,lt_debt,16.0,US$ bn,
ISD 2021,ISD 2021 Infogram https://e.infogram.com/0624834a-452e-430f-9902-ce42b5961538?src=embed,2020,Netherlands,long,lt_debt,12.0,US$ bn,
ISD 2021,ISD 2021 Infogram https://e.infogram.com/0624834a-452e-430f-9902-ce42b5961538?src=embed,2021,Developing Africa and the Middle East,long,total,17.0,US$ bn,
ISD 2021,ISD 2021 Infogram https://e.infogram.com/0624834a-452e-430f-9902-ce42b5961538?src=embed,2020,Developing Africa and the Middle East,long,total,16.0,US$ bn,
ISD 2021,ISD 2021 Infogram https://e.infogram.com/0624834a-452e-430f-9902-ce42b5961538?src=embed,2021,Developing Africa and the Middle East,long,equities,7.0,US$ bn,
ISD 2021,ISD 2021 Infogram https://e.infogram.com/0624834a-452e-430f-9902-ce42b5961538?src=embed,2020,Developing Africa and the Middle East,long,equities,4.0,US$ bn,
ISD 2021,ISD 2021 Infogram https://e.infogram.com/0624834a-452e-430f-9902-ce42b5961538?src=embed,2021,Developing Africa and the Middle East,long,master_funds,1.0,US$ bn,
ISD 2021,ISD 2021 Infogram https://e.infogram.com/0624834a-452e-430f-9902-ce42b5961538?src=embed,2020,Developing Africa and the Middle East,long,master_funds,0.0,US$ bn,
ISD 2021,ISD 2021 Infogram https://e.infogram.com/0624834a-452e-430f-9902-ce42b5961538?src=embed,2021,Developing Africa and the Middle East,long,st_debt,1.0,US$ bn,
ISD 2021,ISD 2021 Infogram https://e.infogram.com/0624834a-452e-430f-9902-ce42b5961538?src=embed,2020,Developing Africa and the Middle East,long,st_debt,1.0,US$ bn,
ISD 2021,ISD 2021 Infogram https://e.infogram.com/0624834a-452e-430f-9902-ce42b5961538?src=embed,2021,Developing Africa and the Middle East,long,lt_debt,8.0,US$ bn,
ISD 2021,ISD 2021 Infogram https://e.infogram.com/0624834a-452e-430f-9902-ce42b5961538?src=embed,2020,Developing Africa and the Middle East,long,lt_debt,11.0,US$ bn,
ISD 2021,ISD 2021 Infogram https://e.infogram.com/0624834a-452e-430f-9902-ce42b5961538?src=embed,2021,Developing Europe,long,total,9.0,US$ bn,
ISD 2021,ISD 2021 Infogram https://e.infogram.com/0624834a-452e-430f-9902-ce42b5961538?src=embed,2020,Developing Europe,long,total,12.0,US$ bn,
ISD 2021,ISD 2021 Infogram https://e.infogram.com/0624834a-452e-430f-9902-ce42b5961538?src=embed,2021,Developing Europe,long,equities,4.0,US$ bn,
ISD 2021,ISD 2021 Infogram https://e.infogram.com/0624834a-452e-430f-9902-ce42b5961538?src=embed,2020,Developing Europe,long,equities,3.0,US$ bn,
ISD 2021,ISD 2021 Infogram https://e.infogram.com/0624834a-452e-430f-9902-ce42b5961538?src=embed,2021,Developing Europe,long,master_funds,0.0,US$ bn,
ISD 2021,ISD 2021 Infogram https://e.infogram.com/0624834a-452e-430f-9902-ce42b5961538?src=embed,2020,Developing Europe,long,master_funds,0.0,US$ bn,
ISD 2021,ISD 2021 Infogram https://e.infogram.com/0624834a-452e-430f-9902-ce42b5961538?src=embed,2021,Developing Europe,long,st_debt,1.0,US$ bn,
ISD 2021,ISD 2021 Infogram https://e.infogram.com/0624834a-452e-430f-9902-ce42b5961538?src=embed,2020,Developing Europe,long,st_debt,0.0,US$ bn,
ISD 2021,ISD 2021 Infogram https://e.infogram.com/0624834a-452e-430f-9902-ce42b5961538?src=embed,2021,Developing Europe,long,lt_debt,4.0,US$ bn,
ISD 2021,ISD 2021 Infogram https://e.infogram.com/0624834a-452e-430f-9902-ce42b5961538?src=embed,2020,Developing Europe,long,lt_debt,9.0,US$ bn,
ISD 2021,ISD 2021 Infogram https://e.infogram.com/0624834a-452e-430f-9902-ce42b5961538?src=embed,2021,Curacao,long,total,0.0,US$ bn,
ISD 2021,ISD 2021 Infogram https://e.infogram.com/0624834a-452e-430f-9902-ce42b5961538?src=embed,2020,Curacao,long,total,33.0,US$ bn,
ISD 2021,ISD 2021 Infogram https://e.infogram.com/0624834a-452e-430f-9902-ce42b5961538?src=embed,2021,Curacao,long,equities,0.0,US$ bn,
ISD 2021,ISD 2021 Infogram https://e.infogram.com/0624834a-452e-430f-9902-ce42b5961538?src=embed,2020,Curacao,long,equities,0.0,US$ bn,
ISD 2021,ISD 2021 Infogram https://e.infogram.com/0624834a-452e-430f-9902-ce42b5961538?src=embed,2021,Curacao,long,master_funds,0.0,US$ bn,
ISD 2021,ISD 2021 Infogram https://e.infogram.com/0624834a-452e-430f-9902-ce42b5961538?src=embed,2020,Curacao,long,master_funds,33.0,US$ bn,
ISD 2021,ISD 2021 Infogram https://e.infogram.com/0624834a-452e-430f-9902-ce42b5961538?src=embed,2021,Curacao,long,st_debt,0.0,US$ bn,
ISD 2021,ISD 2021 Infogram https://e.infogram.com/0624834a-452e-430f-9902-ce42b5961538?src=embed,2020,Curacao,long,st_debt,0.0,US$ bn,
ISD 2021,ISD 2021 Infogram https://e.infogram.com/0624834a-452e-430f-9902-ce42b5961538?src=embed,2021,Curacao,long,lt_debt,0.0,US$ bn,
ISD 2021,ISD 2021 Infogram https://e.infogram.com/0624834a-452e-430f-9902-ce42b5961538?src=embed,2020,Curacao,long,lt_debt,0.0,US$ bn,
ISD 2021,ISD 2021 Infogram https://e.infogram.com/0624834a-452e-430f-9902-ce42b5961538?src=embed,2021,Total,long,total,4398.0,US$ bn,
ISD 2021,ISD 2021 Infogram https://e.infogram.com/0624834a-452e-430f-9902-ce42b5961538?src=embed,2020,Total,long,total,4615.0,US$ bn,
ISD 2021,ISD 2021 Infogram https://e.infogram.com/0624834a-452e-430f-9902-ce42b5961538?src=embed,2021,Total,long,equities,1259.0,US$ bn,
ISD 2021,ISD 2021 Infogram https://e.infogram.com/0624834a-452e-430f-9902-ce42b5961538?src=embed,2020,Total,long,equities,1218.0,US$ bn,
ISD 2021,ISD 2021 Infogram https://e.infogram.com/0624834a-452e-430f-9902-ce42b5961538?src=embed,2021,Total,long,master_funds,1712.0,US$ bn,
ISD 2021,ISD 2021 Infogram https://e.infogram.com/0624834a-452e-430f-9902-ce42b5961538?src=embed,2020,Total,long,master_funds,1578.0,US$ bn,
ISD 2021,ISD 2021 Infogram https://e.infogram.com/0624834a-452e-430f-9902-ce42b5961538?src=embed,2021,Total,long,st_debt,292.0,US$ bn,
ISD 2021,ISD 2021 Infogram https://e.infogram.com/0624834a-452e-430f-9902-ce42b5961538?src=embed,2020,Total,long,st_debt,271.0,US$ bn,
ISD 2021,ISD 2021 Infogram https://e.infogram.com/0624834a-452e-430f-9902-ce42b5961538?src=embed,2021,Total,long,lt_debt,1135.0,US$ bn,
ISD 2021,ISD 2021 Infogram https://e.infogram.com/0624834a-452e-430f-9902-ce42b5961538?src=embed,2020,Total,long,lt_debt,1545.0,US$ bn,
ISD 2021,ISD 2021 Infogram https://e.infogram.com/0624834a-452e-430f-9902-ce42b5961538?src=embed,2021,Germany,short,total,-185.0,US$ bn,
ISD 2021,ISD 2021 Infogram https://e.infogram.com/0624834a-452e-430f-9902-ce42b5961538?src=embed,2020,Germany,short,total,-113.0,US$ bn,
ISD 2021,ISD 2021 Infogram https://e.infogram.com/0624834a-452e-430f-9902-ce42b5961538?src=embed,2021,Germany,short,equities,0.0,US$ bn,
ISD 2021,ISD 2021 Infogram https://e.infogram.com/0624834a-452e-430f-9902-ce42b5961538?src=embed,2020,Germany,short,equities,0.0,US$ bn,
ISD 2021,ISD 2021 Infogram https://e.infogram.com/0624834a-452e-430f-9902-ce42b5961538?src=embed,2021,Germany,short,st_debt,-10.0,US$ bn,
ISD 2021,ISD 2021 Infogram https://e.infogram.com/0624834a-452e-430f-9902-ce42b5961538?src=embed,2020,Germany,short,st_debt,-12.0,US$ bn,
ISD 2021,ISD 2021 Infogram https://e.infogram.com/0624834a-452e-430f-9902-ce42b5961538?src=embed,2021,Germany,short,lt_debt,-175.0,US$ bn,
ISD 2021,ISD 2021 Infogram https://e.infogram.com/0624834a-452e-430f-9902-ce42b5961538?src=embed,2020,Germany,short,lt_debt,-101.0,US$ bn,
ISD 2021,ISD 2021 Infogram https://e.infogram.com/0624834a-452e-430f-9902-ce42b5961538?src=embed,2021,United States,short,total,-170.0,US$ bn,
ISD 2021,ISD 2021 Infogram https://e.infogram.com/0624834a-452e-430f-9902-ce42b5961538?src=embed,2020,United States,short,total,-137.0,US$ bn,
ISD 2021,ISD 2021 Infogram https://e.infogram.com/0624834a-452e-430f-9902-ce42b5961538?src=embed,2021,United States,short,equities,-38.0,US$ bn,
ISD 2021,ISD 2021 Infogram https://e.infogram.com/0624834a-452e-430f-9902-ce42b5961538?src=embed,2020,United States,short,equities,-44.0,US$ bn,
ISD 2021,ISD 2021 Infogram https://e.infogram.com/0624834a-452e-430f-9902-ce42b5961538?src=embed,2021,United States,short,st_debt,-67.0,US$ bn,
ISD 2021,ISD 2021 Infogram https://e.infogram.com/0624834a-452e-430f-9902-ce42b5961538?src=embed,2020,United States,short,st_debt,-83.0,US$ bn,
ISD 2021,ISD 2021 Infogram https://e.infogram.com/0624834a-452e-430f-9902-ce42b5961538?src=embed,2021,United States,short,lt_debt,-65.0,US$ bn,
ISD 2021,ISD 2021 Infogram https://e.infogram.com/0624834a-452e-430f-9902-ce42b5961538?src=embed,2020,United States,short,lt_debt,-10.0,US$ bn,
ISD 2021,ISD 2021 Infogram https://e.infogram.com/0624834a-452e-430f-9902-ce42b5961538?src=embed,2021,France,short,total,-94.0,US$ bn,
ISD 2021,ISD 2021 Infogram https://e.infogram.com/0624834a-452e-430f-9902-ce42b5961538?src=embed,2020,France,short,total,-91.0,US$ bn,
ISD 2021,ISD 2021 Infogram https://e.infogram.com/0624834a-452e-430f-9902-ce42b5961538?src=embed,2021,France,short,equities,0.0,US$ bn,
ISD 2021,ISD 2021 Infogram https://e.infogram.com/0624834a-452e-430f-9902-ce42b5961538?src=embed,2020,France,short,equities,0.0,US$ bn,
ISD 2021,ISD 2021 Infogram https://e.infogram.com/0624834a-452e-430f-9902-ce42b5961538?src=embed,2021,France,short,st_debt,-13.0,US$ bn,
ISD 2021,ISD 2021 Infogram https://e.infogram.com/0624834a-452e-430f-9902-ce42b5961538?src=embed,2020,France,short,st_debt,-25.0,US$ bn,
ISD 2021,ISD 2021 Infogram https://e.infogram.com/0624834a-452e-430f-9902-ce42b5961538?src=embed,2021,France,short,lt_debt,-81.0,US$ bn,
ISD 2021,ISD 2021 Infogram https://e.infogram.com/0624834a-452e-430f-9902-ce42b5961538?src=embed,2020,France,short,lt_debt,-66.0,US$ bn,
ISD 2021,ISD 2021 Infogram https://e.infogram.com/0624834a-452e-430f-9902-ce42b5961538?src=embed,2021,United Kingdom,short,total,-92.0,US$ bn,
ISD 2021,ISD 2021 Infogram https://e.infogram.com/0624834a-452e-430f-9902-ce42b5961538?src=embed,2020,United Kingdom,short,total,-35.0,US$ bn,
ISD 2021,ISD 2021 Infogram https://e.infogram.com/0624834a-452e-430f-9902-ce42b5961538?src=embed,2021,United Kingdom,short,equities,-1.0,US$ bn,
ISD 2021,ISD 2021 Infogram https://e.infogram.com/0624834a-452e-430f-9902-ce42b5961538?src=embed,2020,United Kingdom,short,equities,0.0,US$ bn,
ISD 2021,ISD 2021 Infogram https://e.infogram.com/0624834a-452e-430f-9902-ce42b5961538?src=embed,2021,United Kingdom,short,st_debt,-26.0,US$ bn,
ISD 2021,ISD 2021 Infogram https://e.infogram.com/0624834a-452e-430f-9902-ce42b5961538?src=embed,2020,United Kingdom,short,st_debt,-28.0,US$ bn,
ISD 2021,ISD 2021 Infogram https://e.infogram.com/0624834a-452e-430f-9902-ce42b5961538?src=embed,2021,United Kingdom,short,lt_debt,-65.0,US$ bn,
ISD 2021,ISD 2021 Infogram https://e.infogram.com/0624834a-452e-430f-9902-ce42b5961538?src=embed,2020,United Kingdom,short,lt_debt,-7.0,US$ bn,
ISD 2021,ISD 2021 Infogram https://e.infogram.com/0624834a-452e-430f-9902-ce42b5961538?src=embed,2021,Other Developed Countries,short,total,-58.0,US$ bn,
ISD 2021,ISD 2021 Infogram https://e.infogram.com/0624834a-452e-430f-9902-ce42b5961538?src=embed,2020,Other Developed Countries,short,total,-52.0,US$ bn,
ISD 2021,ISD 2021 Infogram https://e.infogram.com/0624834a-452e-430f-9902-ce42b5961538?src=embed,2021,Other Developed Countries,short,equities,-2.0,US$ bn,
ISD 2021,ISD 2021 Infogram https://e.infogram.com/0624834a-452e-430f-9902-ce42b5961538?src=embed,2020,Other Developed Countries,short,equities,-4.0,US$ bn,
ISD 2021,ISD 2021 Infogram https://e.infogram.com/0624834a-452e-430f-9902-ce42b5961538?src=embed,2021,Other Developed Countries,short,st_debt,-21.0,US$ bn,
ISD 2021,ISD 2021 Infogram https://e.infogram.com/0624834a-452e-430f-9902-ce42b5961538?src=embed,2020,Other Developed Countries,short,st_debt,-23.0,US$ bn,
ISD 2021,ISD 2021 Infogram https://e.infogram.com/0624834a-452e-430f-9902-ce42b5961538?src=embed,2021,Other Developed Countries,short,lt_debt,-35.0,US$ bn,
ISD 2021,ISD 2021 Infogram https://e.infogram.com/0624834a-452e-430f-9902-ce42b5961538?src=embed,2020,Other Developed Countries,short,lt_debt,-25.0,US$ bn,
ISD 2021,ISD 2021 Infogram https://e.infogram.com/0624834a-452e-430f-9902-ce42b5961538?src=embed,2021,Canada,short,total,-28.0,US$ bn,
ISD 2021,ISD 2021 Infogram https://e.infogram.com/0624834a-452e-430f-9902-ce42b5961538?src=embed,2020,Canada,short,total,-12.0,US$ bn,
ISD 2021,ISD 2021 Infogram https://e.infogram.com/0624834a-452e-430f-9902-ce42b5961538?src=embed,2021,Canada,short,equities,-4.0,US$ bn,
ISD 2021,ISD 2021 Infogram https://e.infogram.com/0624834a-452e-430f-9902-ce42b5961538?src=embed,2020,Canada,short,equities,-2.0,US$ bn,
ISD 2021,ISD 2021 Infogram https://e.infogram.com/0624834a-452e-430f-9902-ce42b5961538?src=embed,2021,Canada,short,st_debt,-5.0,US$ bn,
ISD 2021,ISD 2021 Infogram https://e.infogram.com/0624834a-452e-430f-9902-ce42b5961538?src=embed,2020,Canada,short,st_debt,-5.0,US$ bn,
ISD 2021,ISD 2021 Infogram https://e.infogram.com/0624834a-452e-430f-9902-ce42b5961538?src=embed,2021,Canada,short,lt_debt,-19.0,US$ bn,
ISD 2021,ISD 2021 Infogram https://e.infogram.com/0624834a-452e-430f-9902-ce42b5961538?src=embed,2020,Canada,short,lt_debt,-5.0,US$ bn,
ISD 2021,ISD 2021 Infogram https://e.infogram.com/0624834a-452e-430f-9902-ce42b5961538?src=embed,2021,Japan,short,total,-7.0,US$ bn,
ISD 2021,ISD 2021 Infogram https://e.infogram.com/0624834a-452e-430f-9902-ce42b5961538?src=embed,2020,Japan,short,total,-6.0,US$ bn,
ISD 2021,ISD 2021 Infogram https://e.infogram.com/0624834a-452e-430f-9902-ce42b5961538?src=embed,2021,Japan,short,equities,-1.0,US$ bn,
ISD 2021,ISD 2021 Infogram https://e.infogram.com/0624834a-452e-430f-9902-ce42b5961538?src=embed,2020,Japan,short,equities,-1.0,US$ bn,
ISD 2021,ISD 2021 Infogram https://e.infogram.com/0624834a-452e-430f-9902-ce42b5961538?src=embed,2021,Japan,short,st_debt,-3.0,US$ bn,
ISD 2021,ISD 2021 Infogram https://e.infogram.com/0624834a-452e-430f-9902-ce42b5961538?src=embed,2020,Japan,short,st_debt,-1.0,US$ bn,
ISD 2021,ISD 2021 Infogram https://e.infogram.com/0624834a-452e-430f-9902-ce42b5961538?src=embed,2021,Japan,short,lt_debt,-3.0,US$ bn,
ISD 2021,ISD 2021 Infogram https://e.infogram.com/0624834a-452e-430f-9902-ce42b5961538?src=embed,2020,Japan,short,lt_debt,-4.0,US$ bn,
ISD 2021,ISD 2021 Infogram https://e.infogram.com/0624834a-452e-430f-9902-ce42b5961538?src=embed,2021,Netherlands,short,total,-3.0,US$ bn,
ISD 2021,ISD 2021 Infogram https://e.infogram.com/0624834a-452e-430f-9902-ce42b5961538?src=embed,2020,Netherlands,short,total,-2.0,US$ bn,
ISD 2021,ISD 2021 Infogram https://e.infogram.com/0624834a-452e-430f-9902-ce42b5961538?src=embed,2021,Netherlands,short,equities,0.0,US$ bn,
ISD 2021,ISD 2021 Infogram https://e.infogram.com/0624834a-452e-430f-9902-ce42b5961538?src=embed,2020,Netherlands,short,equities,0.0,US$ bn,
ISD 2021,ISD 2021 Infogram https://e.infogram.com/0624834a-452e-430f-9902-ce42b5961538?src=embed,2021,Netherlands,short,st_debt,-2.0,US$ bn,
ISD 2021,ISD 2021 Infogram https://e.infogram.com/0624834a-452e-430f-9902-ce42b5961538?src=embed,2020,Netherlands,short,st_debt,-1.0,US$ bn,
ISD 2021,ISD 2021 Infogram https://e.infogram.com/0624834a-452e-430f-9902-ce42b5961538?src=embed,2021,Netherlands,short,lt_debt,-1.0,US$ bn,
ISD 2021,ISD 2021 Infogram https://e.infogram.com/0624834a-452e-430f-9902-ce42b5961538?src=embed,2020,Netherlands,short,lt_debt,-1.0,US$ bn,
ISD 2021,ISD 2021 Infogram https://e.infogram.com/0624834a-452e-430f-9902-ce42b5961538?src=embed,2021,China,short,total,-2.0,US$ bn,
ISD 2021,ISD 2021 Infogram https://e.infogram.com/0624834a-452e-430f-9902-ce42b5961538?src=embed,2020,China,short,total,-6.0,US$ bn,
ISD 2021,ISD 2021 Infogram https://e.infogram.com/0624834a-452e-430f-9902-ce42b5961538?src=embed,2021,China,short,equities,-2.0,US$ bn,
ISD 2021,ISD 2021 Infogram https://e.infogram.com/0624834a-452e-430f-9902-ce42b5961538?src=embed,2020,China,short,equities,-6.0,US$ bn,
ISD 2021,ISD 2021 Infogram https://e.infogram.com/0624834a-452e-430f-9902-ce42b5961538?src=embed,2021,China,short,st_debt,0.0,US$ bn,
ISD 2021,ISD 2021 Infogram https://e.infogram.com/0624834a-452e-430f-9902-ce42b5961538?src=embed,2020,China,short,st_debt,0.0,US$ bn,
ISD 2021,ISD 2021 Infogram https://e.infogram.com/0624834a-452e-430f-9902-ce42b5961538?src=embed,2021,China,short,lt_debt,0.0,US$ bn,
ISD 2021,ISD 2021 Infogram https://e.infogram.com/0624834a-452e-430f-9902-ce42b5961538?src=embed,2020,China,short,lt_debt,0.0,US$ bn,
ISD 2021,ISD 2021 Infogram https://e.infogram.com/0624834a-452e-430f-9902-ce42b5961538?src=embed,2021,Cayman Islands,short,total,-2.0,US$ bn,
ISD 2021,ISD 2021 Infogram https://e.infogram.com/0624834a-452e-430f-9902-ce42b5961538?src=embed,2020,Cayman Islands,short,total,-2.0,US$ bn,
ISD 2021,ISD 2021 Infogram https://e.infogram.com/0624834a-452e-430f-9902-ce42b5961538?src=embed,2021,Cayman Islands,short,equities,-1.0,US$ bn,
ISD 2021,ISD 2021 Infogram https://e.infogram.com/0624834a-452e-430f-9902-ce42b5961538?src=embed,2020,Cayman Islands,short,equities,-1.0,US$ bn,
ISD 2021,ISD 2021 Infogram https://e.infogram.com/0624834a-452e-430f-9902-ce42b5961538?src=embed,2021,Cayman Islands,short,st_debt,-1.0,US$ bn,
ISD 2021,ISD 2021 Infogram https://e.infogram.com/0624834a-452e-430f-9902-ce42b5961538?src=embed,2020,Cayman Islands,short,st_debt,-1.0,US$ bn,
ISD 2021,ISD 2021 Infogram https://e.infogram.com/0624834a-452e-430f-9902-ce42b5961538?src=embed,2021,Cayman Islands,short,lt_debt,0.0,US$ bn,
ISD 2021,ISD 2021 Infogram https://e.infogram.com/0624834a-452e-430f-9902-ce42b5961538?src=embed,2020,Cayman Islands,short,lt_debt,0.0,US$ bn,
ISD 2021,ISD 2021 Infogram https://e.infogram.com/0624834a-452e-430f-9902-ce42b5961538?src=embed,2021,Hong Kong,short,total,-2.0,US$ bn,
ISD 2021,ISD 2021 Infogram https://e.infogram.com/0624834a-452e-430f-9902-ce42b5961538?src=embed,2020,Hong Kong,short,total,0.0,US$ bn,
ISD 2021,ISD 2021 Infogram https://e.infogram.com/0624834a-452e-430f-9902-ce42b5961538?src=embed,2021,Hong Kong,short,equities,-1.0,US$ bn,
ISD 2021,ISD 2021 Infogram https://e.infogram.com/0624834a-452e-430f-9902-ce42b5961538?src=embed,2020,Hong Kong,short,equities,0.0,US$ bn,
ISD 2021,ISD 2021 Infogram https://e.infogram.com/0624834a-452e-430f-9902-ce42b5961538?src=embed,2021,Hong Kong,short,st_debt,-1.0,US$ bn,
ISD 2021,ISD 2021 Infogram https://e.infogram.com/0624834a-452e-430f-9902-ce42b5961538?src=embed,2020,Hong Kong,short,st_debt,0.0,US$ bn,
ISD 2021,ISD 2021 Infogram https://e.infogram.com/0624834a-452e-430f-9902-ce42b5961538?src=embed,2021,Hong Kong,short,lt_debt,0.0,US$ bn,
ISD 2021,ISD 2021 Infogram https://e.infogram.com/0624834a-452e-430f-9902-ce42b5961538?src=embed,2020,Hong Kong,short,lt_debt,0.0,US$ bn,
ISD 2021,ISD 2021 Infogram https://e.infogram.com/0624834a-452e-430f-9902-ce42b5961538?src=embed,2021,Developing Africa and the Middle East,short,total,-1.0,US$ bn,
ISD 2021,ISD 2021 Infogram https://e.infogram.com/0624834a-452e-430f-9902-ce42b5961538?src=embed,2020,Developing Africa and the Middle East,short,total,-2.0,US$ bn,
ISD 2021,ISD 2021 Infogram https://e.infogram.com/0624834a-452e-430f-9902-ce42b5961538?src=embed,2021,Developing Africa and the Middle East,short,equities,-1.0,US$ bn,
ISD 2021,ISD 2021 Infogram https://e.infogram.com/0624834a-452e-430f-9902-ce42b5961538?src=embed,2020,Developing Africa and the Middle East,short,equities,0.0,US$ bn,
ISD 2021,ISD 2021 Infogram https://e.infogram.com/0624834a-452e-430f-9902-ce42b5961538?src=embed,2021,Developing Africa and the Middle East,short,st_debt,0.0,US$ bn,
ISD 2021,ISD 2021 Infogram https://e.infogram.com/0624834a-452e-430f-9902-ce42b5961538?src=embed,2020,Developing Africa and the Middle East,short,st_debt,-2.0,US$ bn,
ISD 2021,ISD 2021 Infogram https://e.infogram.com/0624834a-452e-430f-9902-ce42b5961538?src=embed,2021,Developing Africa and the Middle East,short,lt_debt,0.0,US$ bn,
ISD 2021,ISD 2021 Infogram https://e.infogram.com/0624834a-452e-430f-9902-ce42b5961538?src=embed,2020,Developing Africa and the Middle East,short,lt_debt,0.0,US$ bn,
ISD 2021,ISD 2021 Infogram https://e.infogram.com/0624834a-452e-430f-9902-ce42b5961538?src=embed,2021,Other Offshore Centres,short,total,-1.0,US$ bn,
ISD 2021,ISD 2021 Infogram https://e.infogram.com/0624834a-452e-430f-9902-ce42b5961538?src=embed,2020,Other Offshore Centres,short,total,-2.0,US$ bn,
ISD 2021,ISD 2021 Infogram https://e.infogram.com/0624834a-452e-430f-9902-ce42b5961538?src=embed,2021,Other Offshore Centres,short,equities,-1.0,US$ bn,
ISD 2021,ISD 2021 Infogram https://e.infogram.com/0624834a-452e-430f-9902-ce42b5961538?src=embed,2020,Other Offshore Centres,short,equities,-2.0,US$ bn,
ISD 2021,ISD 2021 Infogram https://e.infogram.com/0624834a-452e-430f-9902-ce42b5961538?src=embed,2021,Other Offshore Centres,short,st_debt,0.0,US$ bn,
ISD 2021,ISD 2021 Infogram https://e.infogram.com/0624834a-452e-430f-9902-ce42b5961538?src=embed,2020,Other Offshore Centres,short,st_debt,0.0,US$ bn,
ISD 2021,ISD 2021 Infogram https://e.infogram.com/0624834a-452e-430f-9902-ce42b5961538?src=embed,2021,Other Offshore Centres,short,lt_debt,0.0,US$ bn,
ISD 2021,ISD 2021 Infogram https://e.infogram.com/0624834a-452e-430f-9902-ce42b5961538?src=embed,2020,Other Offshore Centres,short,lt_debt,0.0,US$ bn,
ISD 2021,ISD 2021 Infogram https://e.infogram.com/0624834a-452e-430f-9902-ce42b5961538?src=embed,2021,Total,short,total,-645.0,US$ bn,
ISD 2021,ISD 2021 Infogram https://e.infogram.com/0624834a-452e-430f-9902-ce42b5961538?src=embed,2020,Total,short,total,-460.0,US$ bn,
ISD 2021,ISD 2021 Infogram https://e.infogram.com/0624834a-452e-430f-9902-ce42b5961538?src=embed,2021,Total,short,equities,-51.0,US$ bn,
ISD 2021,ISD 2021 Infogram https://e.infogram.com/0624834a-452e-430f-9902-ce42b5961538?src=embed,2020,Total,short,equities,-60.0,US$ bn,
ISD 2021,ISD 2021 Infogram https://e.infogram.com/0624834a-452e-430f-9902-ce42b5961538?src=embed,2021,Total,short,st_debt,-149.0,US$ bn,
ISD 2021,ISD 2021 Infogram https://e.infogram.com/0624834a-452e-430f-9902-ce42b5961538?src=embed,2020,Total,short,st_debt,-181.0,US$ bn,
ISD 2021,ISD 2021 Infogram https://e.infogram.com/0624834a-452e-430f-9902-ce42b5961538?src=embed,2021,Total,short,lt_debt,-445.0,US$ bn,
ISD 2021,ISD 2021 Infogram https://e.infogram.com/0624834a-452e-430f-9902-ce42b5961538?src=embed,2020,Total,short,lt_debt,-219.0,US$ bn,
ISD 2022,ISD 2022 Infogram https://e.infogram.com/995f520e-d020-4fe5-b711-94b95648fbd2?src=embed,2022,United States,long,total,2912.0,US$ bn,
ISD 2022,ISD 2022 Infogram https://e.infogram.com/995f520e-d020-4fe5-b711-94b95648fbd2?src=embed,2021,United States,long,total,3132.0,US$ bn,
ISD 2022,ISD 2022 Infogram https://e.infogram.com/995f520e-d020-4fe5-b711-94b95648fbd2?src=embed,2022,United States,long,equities,1270.0,US$ bn,
ISD 2022,ISD 2022 Infogram https://e.infogram.com/995f520e-d020-4fe5-b711-94b95648fbd2?src=embed,2021,United States,long,equities,1654.0,US$ bn,
ISD 2022,ISD 2022 Infogram https://e.infogram.com/995f520e-d020-4fe5-b711-94b95648fbd2?src=embed,2022,United States,long,master_funds,402.0,US$ bn,
ISD 2022,ISD 2022 Infogram https://e.infogram.com/995f520e-d020-4fe5-b711-94b95648fbd2?src=embed,2021,United States,long,master_funds,415.0,US$ bn,
ISD 2022,ISD 2022 Infogram https://e.infogram.com/995f520e-d020-4fe5-b711-94b95648fbd2?src=embed,2022,United States,long,st_debt,144.0,US$ bn,
ISD 2022,ISD 2022 Infogram https://e.infogram.com/995f520e-d020-4fe5-b711-94b95648fbd2?src=embed,2021,United States,long,st_debt,163.0,US$ bn,
ISD 2022,ISD 2022 Infogram https://e.infogram.com/995f520e-d020-4fe5-b711-94b95648fbd2?src=embed,2022,United States,long,lt_debt,1096.0,US$ bn,
ISD 2022,ISD 2022 Infogram https://e.infogram.com/995f520e-d020-4fe5-b711-94b95648fbd2?src=embed,2021,United States,long,lt_debt,900.0,US$ bn,
ISD 2022,ISD 2022 Infogram https://e.infogram.com/995f520e-d020-4fe5-b711-94b95648fbd2?src=embed,2022,Cayman Islands,long,total,1968.0,US$ bn,
ISD 2022,ISD 2022 Infogram https://e.infogram.com/995f520e-d020-4fe5-b711-94b95648fbd2?src=embed,2021,Cayman Islands,long,total,2133.0,US$ bn,
ISD 2022,ISD 2022 Infogram https://e.infogram.com/995f520e-d020-4fe5-b711-94b95648fbd2?src=embed,2022,Cayman Islands,long,equities,380.0,US$ bn,
ISD 2022,ISD 2022 Infogram https://e.infogram.com/995f520e-d020-4fe5-b711-94b95648fbd2?src=embed,2021,Cayman Islands,long,equities,436.0,US$ bn,
ISD 2022,ISD 2022 Infogram https://e.infogram.com/995f520e-d020-4fe5-b711-94b95648fbd2?src=embed,2022,Cayman Islands,long,master_funds,1553.0,US$ bn,
ISD 2022,ISD 2022 Infogram https://e.infogram.com/995f520e-d020-4fe5-b711-94b95648fbd2?src=embed,2021,Cayman Islands,long,master_funds,1657.0,US$ bn,
ISD 2022,ISD 2022 Infogram https://e.infogram.com/995f520e-d020-4fe5-b711-94b95648fbd2?src=embed,2022,Cayman Islands,long,st_debt,1.0,US$ bn,
ISD 2022,ISD 2022 Infogram https://e.infogram.com/995f520e-d020-4fe5-b711-94b95648fbd2?src=embed,2021,Cayman Islands,long,st_debt,2.0,US$ bn,
ISD 2022,ISD 2022 Infogram https://e.infogram.com/995f520e-d020-4fe5-b711-94b95648fbd2?src=embed,2022,Cayman Islands,long,lt_debt,34.0,US$ bn,
ISD 2022,ISD 2022 Infogram https://e.infogram.com/995f520e-d020-4fe5-b711-94b95648fbd2?src=embed,2021,Cayman Islands,long,lt_debt,39.0,US$ bn,
ISD 2022,ISD 2022 Infogram https://e.infogram.com/995f520e-d020-4fe5-b711-94b95648fbd2?src=embed,2022,China,long,total,332.0,US$ bn,
ISD 2022,ISD 2022 Infogram https://e.infogram.com/995f520e-d020-4fe5-b711-94b95648fbd2?src=embed,2021,China,long,total,402.0,US$ bn,
ISD 2022,ISD 2022 Infogram https://e.infogram.com/995f520e-d020-4fe5-b711-94b95648fbd2?src=embed,2022,China,long,equities,302.0,US$ bn,
ISD 2022,ISD 2022 Infogram https://e.infogram.com/995f520e-d020-4fe5-b711-94b95648fbd2?src=embed,2021,China,long,equities,355.0,US$ bn,
ISD 2022,ISD 2022 Infogram https://e.infogram.com/995f520e-d020-4fe5-b711-94b95648fbd2?src=embed,2022,China,long,master_funds,2.0,US$ bn,
ISD 2022,ISD 2022 Infogram https://e.infogram.com/995f520e-d020-4fe5-b711-94b95648fbd2?src=embed,2021,China,long,master_funds,3.0,US$ bn,
ISD 2022,ISD 2022 Infogram https://e.infogram.com/995f520e-d020-4fe5-b711-94b95648fbd2?src=embed,2022,China,long,st_debt,5.0,US$ bn,
ISD 2022,ISD 2022 Infogram https://e.infogram.com/995f520e-d020-4fe5-b711-94b95648fbd2?src=embed,2021,China,long,st_debt,6.0,US$ bn,
ISD 2022,ISD 2022 Infogram https://e.infogram.com/995f520e-d020-4fe5-b711-94b95648fbd2?src=embed,2022,China,long,lt_debt,23.0,US$ bn,
ISD 2022,ISD 2022 Infogram https://e.infogram.com/995f520e-d020-4fe5-b711-94b95648fbd2?src=embed,2021,China,long,lt_debt,38.0,US$ bn,
ISD 2022,ISD 2022 Infogram https://e.infogram.com/995f520e-d020-4fe5-b711-94b95648fbd2?src=embed,2022,Other Developed Countries,long,total,274.0,US$ bn,
ISD 2022,ISD 2022 Infogram https://e.infogram.com/995f520e-d020-4fe5-b711-94b95648fbd2?src=embed,2021,Other Developed Countries,long,total,270.0,US$ bn,
ISD 2022,ISD 2022 Infogram https://e.infogram.com/995f520e-d020-4fe5-b711-94b95648fbd2?src=embed,2022,Other Developed Countries,long,equities,125.0,US$ bn,
ISD 2022,ISD 2022 Infogram https://e.infogram.com/995f520e-d020-4fe5-b711-94b95648fbd2?src=embed,2021,Other Developed Countries,long,equities,146.0,US$ bn,
ISD 2022,ISD 2022 Infogram https://e.infogram.com/995f520e-d020-4fe5-b711-94b95648fbd2?src=embed,2022,Other Developed Countries,long,master_funds,49.0,US$ bn,
ISD 2022,ISD 2022 Infogram https://e.infogram.com/995f520e-d020-4fe5-b711-94b95648fbd2?src=embed,2021,Other Developed Countries,long,master_funds,29.0,US$ bn,
ISD 2022,ISD 2022 Infogram https://e.infogram.com/995f520e-d020-4fe5-b711-94b95648fbd2?src=embed,2022,Other Developed Countries,long,st_debt,28.0,US$ bn,
ISD 2022,ISD 2022 Infogram https://e.infogram.com/995f520e-d020-4fe5-b711-94b95648fbd2?src=embed,2021,Other Developed Countries,long,st_debt,23.0,US$ bn,
ISD 2022,ISD 2022 Infogram https://e.infogram.com/995f520e-d020-4fe5-b711-94b95648fbd2?src=embed,2022,Other Developed Countries,long,lt_debt,72.0,US$ bn,
ISD 2022,ISD 2022 Infogram https://e.infogram.com/995f520e-d020-4fe5-b711-94b95648fbd2?src=embed,2021,Other Developed Countries,long,lt_debt,72.0,US$ bn,
ISD 2022,ISD 2022 Infogram https://e.infogram.com/995f520e-d020-4fe5-b711-94b95648fbd2?src=embed,2022,United Kingdom,long,total,195.0,US$ bn,
ISD 2022,ISD 2022 Infogram https://e.infogram.com/995f520e-d020-4fe5-b711-94b95648fbd2?src=embed,2021,United Kingdom,long,total,211.0,US$ bn,
ISD 2022,ISD 2022 Infogram https://e.infogram.com/995f520e-d020-4fe5-b711-94b95648fbd2?src=embed,2022,United Kingdom,long,equities,122.0,US$ bn,
ISD 2022,ISD 2022 Infogram https://e.infogram.com/995f520e-d020-4fe5-b711-94b95648fbd2?src=embed,2021,United Kingdom,long,equities,134.0,US$ bn,
ISD 2022,ISD 2022 Infogram https://e.infogram.com/995f520e-d020-4fe5-b711-94b95648fbd2?src=embed,2022,United Kingdom,long,master_funds,4.0,US$ bn,
ISD 2022,ISD 2022 Infogram https://e.infogram.com/995f520e-d020-4fe5-b711-94b95648fbd2?src=embed,2021,United Kingdom,long,master_funds,5.0,US$ bn,
ISD 2022,ISD 2022 Infogram https://e.infogram.com/995f520e-d020-4fe5-b711-94b95648fbd2?src=embed,2022,United Kingdom,long,st_debt,18.0,US$ bn,
ISD 2022,ISD 2022 Infogram https://e.infogram.com/995f520e-d020-4fe5-b711-94b95648fbd2?src=embed,2021,United Kingdom,long,st_debt,13.0,US$ bn,
ISD 2022,ISD 2022 Infogram https://e.infogram.com/995f520e-d020-4fe5-b711-94b95648fbd2?src=embed,2022,United Kingdom,long,lt_debt,51.0,US$ bn,
ISD 2022,ISD 2022 Infogram https://e.infogram.com/995f520e-d020-4fe5-b711-94b95648fbd2?src=embed,2021,United Kingdom,long,lt_debt,59.0,US$ bn,
ISD 2022,ISD 2022 Infogram https://e.infogram.com/995f520e-d020-4fe5-b711-94b95648fbd2?src=embed,2022,Japan,long,total,185.0,US$ bn,
ISD 2022,ISD 2022 Infogram https://e.infogram.com/995f520e-d020-4fe5-b711-94b95648fbd2?src=embed,2021,Japan,long,total,194.0,US$ bn,
ISD 2022,ISD 2022 Infogram https://e.infogram.com/995f520e-d020-4fe5-b711-94b95648fbd2?src=embed,2022,Japan,long,equities,74.0,US$ bn,
ISD 2022,ISD 2022 Infogram https://e.infogram.com/995f520e-d020-4fe5-b711-94b95648fbd2?src=embed,2021,Japan,long,equities,89.0,US$ bn,
ISD 2022,ISD 2022 Infogram https://e.infogram.com/995f520e-d020-4fe5-b711-94b95648fbd2?src=embed,2022,Japan,long,master_funds,28.0,US$ bn,
ISD 2022,ISD 2022 Infogram https://e.infogram.com/995f520e-d020-4fe5-b711-94b95648fbd2?src=embed,2021,Japan,long,master_funds,3.0,US$ bn,
ISD 2022,ISD 2022 Infogram https://e.infogram.com/995f520e-d020-4fe5-b711-94b95648fbd2?src=embed,2022,Japan,long,st_debt,50.0,US$ bn,
ISD 2022,ISD 2022 Infogram https://e.infogram.com/995f520e-d020-4fe5-b711-94b95648fbd2?src=embed,2021,Japan,long,st_debt,29.0,US$ bn,
ISD 2022,ISD 2022 Infogram https://e.infogram.com/995f520e-d020-4fe5-b711-94b95648fbd2?src=embed,2022,Japan,long,lt_debt,32.0,US$ bn,
ISD 2022,ISD 2022 Infogram https://e.infogram.com/995f520e-d020-4fe5-b711-94b95648fbd2?src=embed,2021,Japan,long,lt_debt,73.0,US$ bn,
ISD 2022,ISD 2022 Infogram https://e.infogram.com/995f520e-d020-4fe5-b711-94b95648fbd2?src=embed,2022,Other Offshore Centres,long,total,151.0,US$ bn,
ISD 2022,ISD 2022 Infogram https://e.infogram.com/995f520e-d020-4fe5-b711-94b95648fbd2?src=embed,2021,Other Offshore Centres,long,total,158.0,US$ bn,
ISD 2022,ISD 2022 Infogram https://e.infogram.com/995f520e-d020-4fe5-b711-94b95648fbd2?src=embed,2022,Other Offshore Centres,long,equities,111.0,US$ bn,
ISD 2022,ISD 2022 Infogram https://e.infogram.com/995f520e-d020-4fe5-b711-94b95648fbd2?src=embed,2021,Other Offshore Centres,long,equities,120.0,US$ bn,
ISD 2022,ISD 2022 Infogram https://e.infogram.com/995f520e-d020-4fe5-b711-94b95648fbd2?src=embed,2022,Other Offshore Centres,long,master_funds,24.0,US$ bn,
ISD 2022,ISD 2022 Infogram https://e.infogram.com/995f520e-d020-4fe5-b711-94b95648fbd2?src=embed,2021,Other Offshore Centres,long,master_funds,25.0,US$ bn,
ISD 2022,ISD 2022 Infogram https://e.infogram.com/995f520e-d020-4fe5-b711-94b95648fbd2?src=embed,2022,Other Offshore Centres,long,st_debt,2.0,US$ bn,
ISD 2022,ISD 2022 Infogram https://e.infogram.com/995f520e-d020-4fe5-b711-94b95648fbd2?src=embed,2021,Other Offshore Centres,long,st_debt,2.0,US$ bn,
ISD 2022,ISD 2022 Infogram https://e.infogram.com/995f520e-d020-4fe5-b711-94b95648fbd2?src=embed,2022,Other Offshore Centres,long,lt_debt,15.0,US$ bn,
ISD 2022,ISD 2022 Infogram https://e.infogram.com/995f520e-d020-4fe5-b711-94b95648fbd2?src=embed,2021,Other Offshore Centres,long,lt_debt,11.0,US$ bn,
ISD 2022,ISD 2022 Infogram https://e.infogram.com/995f520e-d020-4fe5-b711-94b95648fbd2?src=embed,2022,France,long,total,106.0,US$ bn,
ISD 2022,ISD 2022 Infogram https://e.infogram.com/995f520e-d020-4fe5-b711-94b95648fbd2?src=embed,2021,France,long,total,89.0,US$ bn,
ISD 2022,ISD 2022 Infogram https://e.infogram.com/995f520e-d020-4fe5-b711-94b95648fbd2?src=embed,2022,France,long,equities,28.0,US$ bn,
ISD 2022,ISD 2022 Infogram https://e.infogram.com/995f520e-d020-4fe5-b711-94b95648fbd2?src=embed,2021,France,long,equities,21.0,US$ bn,
ISD 2022,ISD 2022 Infogram https://e.infogram.com/995f520e-d020-4fe5-b711-94b95648fbd2?src=embed,2022,France,long,master_funds,0.0,US$ bn,
ISD 2022,ISD 2022 Infogram https://e.infogram.com/995f520e-d020-4fe5-b711-94b95648fbd2?src=embed,2021,France,long,master_funds,0.0,US$ bn,
ISD 2022,ISD 2022 Infogram https://e.infogram.com/995f520e-d020-4fe5-b711-94b95648fbd2?src=embed,2022,France,long,st_debt,38.0,US$ bn,
ISD 2022,ISD 2022 Infogram https://e.infogram.com/995f520e-d020-4fe5-b711-94b95648fbd2?src=embed,2021,France,long,st_debt,29.0,US$ bn,
ISD 2022,ISD 2022 Infogram https://e.infogram.com/995f520e-d020-4fe5-b711-94b95648fbd2?src=embed,2022,France,long,lt_debt,40.0,US$ bn,
ISD 2022,ISD 2022 Infogram https://e.infogram.com/995f520e-d020-4fe5-b711-94b95648fbd2?src=embed,2021,France,long,lt_debt,39.0,US$ bn,
ISD 2022,ISD 2022 Infogram https://e.infogram.com/995f520e-d020-4fe5-b711-94b95648fbd2?src=embed,2022,Ireland,long,total,87.0,US$ bn,
ISD 2022,ISD 2022 Infogram https://e.infogram.com/995f520e-d020-4fe5-b711-94b95648fbd2?src=embed,2021,Ireland,long,total,86.0,US$ bn,
ISD 2022,ISD 2022 Infogram https://e.infogram.com/995f520e-d020-4fe5-b711-94b95648fbd2?src=embed,2022,Ireland,long,equities,42.0,US$ bn,
ISD 2022,ISD 2022 Infogram https://e.infogram.com/995f520e-d020-4fe5-b711-94b95648fbd2?src=embed,2021,Ireland,long,equities,43.0,US$ bn,
ISD 2022,ISD 2022 Infogram https://e.infogram.com/995f520e-d020-4fe5-b711-94b95648fbd2?src=embed,2022,Ireland,long,master_funds,26.0,US$ bn,
ISD 2022,ISD 2022 Infogram https://e.infogram.com/995f520e-d020-4fe5-b711-94b95648fbd2?src=embed,2021,Ireland,long,master_funds,24.0,US$ bn,
ISD 2022,ISD 2022 Infogram https://e.infogram.com/995f520e-d020-4fe5-b711-94b95648fbd2?src=embed,2022,Ireland,long,st_debt,1.0,US$ bn,
ISD 2022,ISD 2022 Infogram https://e.infogram.com/995f520e-d020-4fe5-b711-94b95648fbd2?src=embed,2021,Ireland,long,st_debt,1.0,US$ bn,
ISD 2022,ISD 2022 Infogram https://e.infogram.com/995f520e-d020-4fe5-b711-94b95648fbd2?src=embed,2022,Ireland,long,lt_debt,18.0,US$ bn,
ISD 2022,ISD 2022 Infogram https://e.infogram.com/995f520e-d020-4fe5-b711-94b95648fbd2?src=embed,2021,Ireland,long,lt_debt,18.0,US$ bn,
ISD 2022,ISD 2022 Infogram https://e.infogram.com/995f520e-d020-4fe5-b711-94b95648fbd2?src=embed,2022,Developing Asia and the Pacific,long,total,81.0,US$ bn,
ISD 2022,ISD 2022 Infogram https://e.infogram.com/995f520e-d020-4fe5-b711-94b95648fbd2?src=embed,2021,Developing Asia and the Pacific,long,total,87.0,US$ bn,
ISD 2022,ISD 2022 Infogram https://e.infogram.com/995f520e-d020-4fe5-b711-94b95648fbd2?src=embed,2022,Developing Asia and the Pacific,long,equities,75.0,US$ bn,
ISD 2022,ISD 2022 Infogram https://e.infogram.com/995f520e-d020-4fe5-b711-94b95648fbd2?src=embed,2021,Developing Asia and the Pacific,long,equities,78.0,US$ bn,
ISD 2022,ISD 2022 Infogram https://e.infogram.com/995f520e-d020-4fe5-b711-94b95648fbd2?src=embed,2022,Developing Asia and the Pacific,long,master_funds,1.0,US$ bn,
ISD 2022,ISD 2022 Infogram https://e.infogram.com/995f520e-d020-4fe5-b711-94b95648fbd2?src=embed,2021,Developing Asia and the Pacific,long,master_funds,0.0,US$ bn,
ISD 2022,ISD 2022 Infogram https://e.infogram.com/995f520e-d020-4fe5-b711-94b95648fbd2?src=embed,2022,Developing Asia and the Pacific,long,st_debt,0.0,US$ bn,
ISD 2022,ISD 2022 Infogram https://e.infogram.com/995f520e-d020-4fe5-b711-94b95648fbd2?src=embed,2021,Developing Asia and the Pacific,long,st_debt,0.0,US$ bn,
ISD 2022,ISD 2022 Infogram https://e.infogram.com/995f520e-d020-4fe5-b711-94b95648fbd2?src=embed,2022,Developing Asia and the Pacific,long,lt_debt,5.0,US$ bn,
ISD 2022,ISD 2022 Infogram https://e.infogram.com/995f520e-d020-4fe5-b711-94b95648fbd2?src=embed,2021,Developing Asia and the Pacific,long,lt_debt,8.0,US$ bn,
ISD 2022,ISD 2022 Infogram https://e.infogram.com/995f520e-d020-4fe5-b711-94b95648fbd2?src=embed,2022,Germany,long,total,76.0,US$ bn,
ISD 2022,ISD 2022 Infogram https://e.infogram.com/995f520e-d020-4fe5-b711-94b95648fbd2?src=embed,2021,Germany,long,total,75.0,US$ bn,
ISD 2022,ISD 2022 Infogram https://e.infogram.com/995f520e-d020-4fe5-b711-94b95648fbd2?src=embed,2022,Germany,long,equities,27.0,US$ bn,
ISD 2022,ISD 2022 Infogram https://e.infogram.com/995f520e-d020-4fe5-b711-94b95648fbd2?src=embed,2021,Germany,long,equities,32.0,US$ bn,
ISD 2022,ISD 2022 Infogram https://e.infogram.com/995f520e-d020-4fe5-b711-94b95648fbd2?src=embed,2022,Germany,long,master_funds,0.0,US$ bn,
ISD 2022,ISD 2022 Infogram https://e.infogram.com/995f520e-d020-4fe5-b711-94b95648fbd2?src=embed,2021,Germany,long,master_funds,0.0,US$ bn,
ISD 2022,ISD 2022 Infogram https://e.infogram.com/995f520e-d020-4fe5-b711-94b95648fbd2?src=embed,2022,Germany,long,st_debt,33.0,US$ bn,
ISD 2022,ISD 2022 Infogram https://e.infogram.com/995f520e-d020-4fe5-b711-94b95648fbd2?src=embed,2021,Germany,long,st_debt,26.0,US$ bn,
ISD 2022,ISD 2022 Infogram https://e.infogram.com/995f520e-d020-4fe5-b711-94b95648fbd2?src=embed,2022,Germany,long,lt_debt,16.0,US$ bn,
ISD 2022,ISD 2022 Infogram https://e.infogram.com/995f520e-d020-4fe5-b711-94b95648fbd2?src=embed,2021,Germany,long,lt_debt,16.0,US$ bn,
ISD 2022,ISD 2022 Infogram https://e.infogram.com/995f520e-d020-4fe5-b711-94b95648fbd2?src=embed,2022,Canada,long,total,74.0,US$ bn,
ISD 2022,ISD 2022 Infogram https://e.infogram.com/995f520e-d020-4fe5-b711-94b95648fbd2?src=embed,2021,Canada,long,total,98.0,US$ bn,
ISD 2022,ISD 2022 Infogram https://e.infogram.com/995f520e-d020-4fe5-b711-94b95648fbd2?src=embed,2022,Canada,long,equities,57.0,US$ bn,
ISD 2022,ISD 2022 Infogram https://e.infogram.com/995f520e-d020-4fe5-b711-94b95648fbd2?src=embed,2021,Canada,long,equities,66.0,US$ bn,
ISD 2022,ISD 2022 Infogram https://e.infogram.com/995f520e-d020-4fe5-b711-94b95648fbd2?src=embed,2022,Canada,long,master_funds,1.0,US$ bn,
ISD 2022,ISD 2022 Infogram https://e.infogram.com/995f520e-d020-4fe5-b711-94b95648fbd2?src=embed,2021,Canada,long,master_funds,1.0,US$ bn,
ISD 2022,ISD 2022 Infogram https://e.infogram.com/995f520e-d020-4fe5-b711-94b95648fbd2?src=embed,2022,Canada,long,st_debt,2.0,US$ bn,
ISD 2022,ISD 2022 Infogram https://e.infogram.com/995f520e-d020-4fe5-b711-94b95648fbd2?src=embed,2021,Canada,long,st_debt,7.0,US$ bn,
ISD 2022,ISD 2022 Infogram https://e.infogram.com/995f520e-d020-4fe5-b711-94b95648fbd2?src=embed,2022,Canada,long,lt_debt,13.0,US$ bn,
ISD 2022,ISD 2022 Infogram https://e.infogram.com/995f520e-d020-4fe5-b711-94b95648fbd2?src=embed,2021,Canada,long,lt_debt,24.0,US$ bn,
ISD 2022,ISD 2022 Infogram https://e.infogram.com/995f520e-d020-4fe5-b711-94b95648fbd2?src=embed,2022,Netherlands,long,total,55.0,US$ bn,
ISD 2022,ISD 2022 Infogram https://e.infogram.com/995f520e-d020-4fe5-b711-94b95648fbd2?src=embed,2021,Netherlands,long,total,52.0,US$ bn,
ISD 2022,ISD 2022 Infogram https://e.infogram.com/995f520e-d020-4fe5-b711-94b95648fbd2?src=embed,2022,Netherlands,long,equities,36.0,US$ bn,
ISD 2022,ISD 2022 Infogram https://e.infogram.com/995f520e-d020-4fe5-b711-94b95648fbd2?src=embed,2021,Netherlands,long,equities,32.0,US$ bn,
ISD 2022,ISD 2022 Infogram https://e.infogram.com/995f520e-d020-4fe5-b711-94b95648fbd2?src=embed,2022,Netherlands,long,master_funds,3.0,US$ bn,
ISD 2022,ISD 2022 Infogram https://e.infogram.com/995f520e-d020-4fe5-b711-94b95648fbd2?src=embed,2021,Netherlands,long,master_funds,3.0,US$ bn,
ISD 2022,ISD 2022 Infogram https://e.infogram.com/995f520e-d020-4fe5-b711-94b95648fbd2?src=embed,2022,Netherlands,long,st_debt,1.0,US$ bn,
ISD 2022,ISD 2022 Infogram https://e.infogram.com/995f520e-d020-4fe5-b711-94b95648fbd2?src=embed,2021,Netherlands,long,st_debt,0.0,US$ bn,
ISD 2022,ISD 2022 Infogram https://e.infogram.com/995f520e-d020-4fe5-b711-94b95648fbd2?src=embed,2022,Netherlands,long,lt_debt,15.0,US$ bn,
ISD 2022,ISD 2022 Infogram https://e.infogram.com/995f520e-d020-4fe5-b711-94b95648fbd2?src=embed,2021,Netherlands,long,lt_debt,18.0,US$ bn,
ISD 2022,ISD 2022 Infogram https://e.infogram.com/995f520e-d020-4fe5-b711-94b95648fbd2?src=embed,2022,Developing Africa and the Middle East,long,total,49.0,US$ bn,
ISD 2022,ISD 2022 Infogram https://e.infogram.com/995f520e-d020-4fe5-b711-94b95648fbd2?src=embed,2021,Developing Africa and the Middle East,long,total,58.0,US$ bn,
ISD 2022,ISD 2022 Infogram https://e.infogram.com/995f520e-d020-4fe5-b711-94b95648fbd2?src=embed,2022,Developing Africa and the Middle East,long,equities,41.0,US$ bn,
ISD 2022,ISD 2022 Infogram https://e.infogram.com/995f520e-d020-4fe5-b711-94b95648fbd2?src=embed,2021,Developing Africa and the Middle East,long,equities,47.0,US$ bn,
ISD 2022,ISD 2022 Infogram https://e.infogram.com/995f520e-d020-4fe5-b711-94b95648fbd2?src=embed,2022,Developing Africa and the Middle East,long,master_funds,2.0,US$ bn,
ISD 2022,ISD 2022 Infogram https://e.infogram.com/995f520e-d020-4fe5-b711-94b95648fbd2?src=embed,2021,Developing Africa and the Middle East,long,master_funds,1.0,US$ bn,
ISD 2022,ISD 2022 Infogram https://e.infogram.com/995f520e-d020-4fe5-b711-94b95648fbd2?src=embed,2022,Developing Africa and the Middle East,long,st_debt,2.0,US$ bn,
ISD 2022,ISD 2022 Infogram https://e.infogram.com/995f520e-d020-4fe5-b711-94b95648fbd2?src=embed,2021,Developing Africa and the Middle East,long,st_debt,1.0,US$ bn,
ISD 2022,ISD 2022 Infogram https://e.infogram.com/995f520e-d020-4fe5-b711-94b95648fbd2?src=embed,2022,Developing Africa and the Middle East,long,lt_debt,5.0,US$ bn,
ISD 2022,ISD 2022 Infogram https://e.infogram.com/995f520e-d020-4fe5-b711-94b95648fbd2?src=embed,2021,Developing Africa and the Middle East,long,lt_debt,9.0,US$ bn,
ISD 2022,ISD 2022 Infogram https://e.infogram.com/995f520e-d020-4fe5-b711-94b95648fbd2?src=embed,2022,Hong Kong,long,total,42.0,US$ bn,
ISD 2022,ISD 2022 Infogram https://e.infogram.com/995f520e-d020-4fe5-b711-94b95648fbd2?src=embed,2021,Hong Kong,long,total,45.0,US$ bn,
ISD 2022,ISD 2022 Infogram https://e.infogram.com/995f520e-d020-4fe5-b711-94b95648fbd2?src=embed,2022,Hong Kong,long,equities,38.0,US$ bn,
ISD 2022,ISD 2022 Infogram https://e.infogram.com/995f520e-d020-4fe5-b711-94b95648fbd2?src=embed,2021,Hong Kong,long,equities,39.0,US$ bn,
ISD 2022,ISD 2022 Infogram https://e.infogram.com/995f520e-d020-4fe5-b711-94b95648fbd2?src=embed,2022,Hong Kong,long,master_funds,0.0,US$ bn,
ISD 2022,ISD 2022 Infogram https://e.infogram.com/995f520e-d020-4fe5-b711-94b95648fbd2?src=embed,2021,Hong Kong,long,master_funds,1.0,US$ bn,
ISD 2022,ISD 2022 Infogram https://e.infogram.com/995f520e-d020-4fe5-b711-94b95648fbd2?src=embed,2022,Hong Kong,long,st_debt,1.0,US$ bn,
ISD 2022,ISD 2022 Infogram https://e.infogram.com/995f520e-d020-4fe5-b711-94b95648fbd2?src=embed,2021,Hong Kong,long,st_debt,1.0,US$ bn,
ISD 2022,ISD 2022 Infogram https://e.infogram.com/995f520e-d020-4fe5-b711-94b95648fbd2?src=embed,2022,Hong Kong,long,lt_debt,3.0,US$ bn,
ISD 2022,ISD 2022 Infogram https://e.infogram.com/995f520e-d020-4fe5-b711-94b95648fbd2?src=embed,2021,Hong Kong,long,lt_debt,5.0,US$ bn,
ISD 2022,ISD 2022 Infogram https://e.infogram.com/995f520e-d020-4fe5-b711-94b95648fbd2?src=embed,2022,Developing Latin America and the Caribbean,long,total,39.0,US$ bn,
ISD 2022,ISD 2022 Infogram https://e.infogram.com/995f520e-d020-4fe5-b711-94b95648fbd2?src=embed,2021,Developing Latin America and the Caribbean,long,total,61.0,US$ bn,
ISD 2022,ISD 2022 Infogram https://e.infogram.com/995f520e-d020-4fe5-b711-94b95648fbd2?src=embed,2022,Developing Latin America and the Caribbean,long,equities,24.0,US$ bn,
ISD 2022,ISD 2022 Infogram https://e.infogram.com/995f520e-d020-4fe5-b711-94b95648fbd2?src=embed,2021,Developing Latin America and the Caribbean,long,equities,31.0,US$ bn,
ISD 2022,ISD 2022 Infogram https://e.infogram.com/995f520e-d020-4fe5-b711-94b95648fbd2?src=embed,2022,Developing Latin America and the Caribbean,long,master_funds,1.0,US$ bn,
ISD 2022,ISD 2022 Infogram https://e.infogram.com/995f520e-d020-4fe5-b711-94b95648fbd2?src=embed,2021,Developing Latin America and the Caribbean,long,master_funds,0.0,US$ bn,
ISD 2022,ISD 2022 Infogram https://e.infogram.com/995f520e-d020-4fe5-b711-94b95648fbd2?src=embed,2022,Developing Latin America and the Caribbean,long,st_debt,1.0,US$ bn,
ISD 2022,ISD 2022 Infogram https://e.infogram.com/995f520e-d020-4fe5-b711-94b95648fbd2?src=embed,2021,Developing Latin America and the Caribbean,long,st_debt,1.0,US$ bn,
ISD 2022,ISD 2022 Infogram https://e.infogram.com/995f520e-d020-4fe5-b711-94b95648fbd2?src=embed,2022,Developing Latin America and the Caribbean,long,lt_debt,13.0,US$ bn,
ISD 2022,ISD 2022 Infogram https://e.infogram.com/995f520e-d020-4fe5-b711-94b95648fbd2?src=embed,2021,Developing Latin America and the Caribbean,long,lt_debt,29.0,US$ bn,
ISD 2022,ISD 2022 Infogram https://e.infogram.com/995f520e-d020-4fe5-b711-94b95648fbd2?src=embed,2022,Developing Europe,long,total,12.0,US$ bn,
ISD 2022,ISD 2022 Infogram https://e.infogram.com/995f520e-d020-4fe5-b711-94b95648fbd2?src=embed,2021,Developing Europe,long,total,19.0,US$ bn,
ISD 2022,ISD 2022 Infogram https://e.infogram.com/995f520e-d020-4fe5-b711-94b95648fbd2?src=embed,2022,Developing Europe,long,equities,10.0,US$ bn,
ISD 2022,ISD 2022 Infogram https://e.infogram.com/995f520e-d020-4fe5-b711-94b95648fbd2?src=embed,2021,Developing Europe,long,equities,12.0,US$ bn,
ISD 2022,ISD 2022 Infogram https://e.infogram.com/995f520e-d020-4fe5-b711-94b95648fbd2?src=embed,2022,Developing Europe,long,master_funds,0.0,US$ bn,
ISD 2022,ISD 2022 Infogram https://e.infogram.com/995f520e-d020-4fe5-b711-94b95648fbd2?src=embed,2021,Developing Europe,long,master_funds,0.0,US$ bn,
ISD 2022,ISD 2022 Infogram https://e.infogram.com/995f520e-d020-4fe5-b711-94b95648fbd2?src=embed,2022,Developing Europe,long,st_debt,0.0,US$ bn,
ISD 2022,ISD 2022 Infogram https://e.infogram.com/995f520e-d020-4fe5-b711-94b95648fbd2?src=embed,2021,Developing Europe,long,st_debt,1.0,US$ bn,
ISD 2022,ISD 2022 Infogram https://e.infogram.com/995f520e-d020-4fe5-b711-94b95648fbd2?src=embed,2022,Developing Europe,long,lt_debt,2.0,US$ bn,
ISD 2022,ISD 2022 Infogram https://e.infogram.com/995f520e-d020-4fe5-b711-94b95648fbd2?src=embed,2021,Developing Europe,long,lt_debt,5.0,US$ bn,
ISD 2022,ISD 2022 Infogram https://e.infogram.com/995f520e-d020-4fe5-b711-94b95648fbd2?src=embed,2022,Total,long,total,6638.0,US$ bn,
ISD 2022,ISD 2022 Infogram https://e.infogram.com/995f520e-d020-4fe5-b711-94b95648fbd2?src=embed,2021,Total,long,total,7170.0,US$ bn,
ISD 2022,ISD 2022 Infogram https://e.infogram.com/995f520e-d020-4fe5-b711-94b95648fbd2?src=embed,2022,Total,long,equities,2762.0,US$ bn,
ISD 2022,ISD 2022 Infogram https://e.infogram.com/995f520e-d020-4fe5-b711-94b95648fbd2?src=embed,2021,Total,long,equities,3335.0,US$ bn,
ISD 2022,ISD 2022 Infogram https://e.infogram.com/995f520e-d020-4fe5-b711-94b95648fbd2?src=embed,2022,Total,long,master_funds,2096.0,US$ bn,
ISD 2022,ISD 2022 Infogram https://e.infogram.com/995f520e-d020-4fe5-b711-94b95648fbd2?src=embed,2021,Total,long,master_funds,2167.0,US$ bn,
ISD 2022,ISD 2022 Infogram https://e.infogram.com/995f520e-d020-4fe5-b711-94b95648fbd2?src=embed,2022,Total,long,st_debt,327.0,US$ bn,
ISD 2022,ISD 2022 Infogram https://e.infogram.com/995f520e-d020-4fe5-b711-94b95648fbd2?src=embed,2021,Total,long,st_debt,305.0,US$ bn,
ISD 2022,ISD 2022 Infogram https://e.infogram.com/995f520e-d020-4fe5-b711-94b95648fbd2?src=embed,2022,Total,long,lt_debt,1453.0,US$ bn,
ISD 2022,ISD 2022 Infogram https://e.infogram.com/995f520e-d020-4fe5-b711-94b95648fbd2?src=embed,2021,Total,long,lt_debt,1363.0,US$ bn,
ISD 2022,ISD 2022 Infogram https://e.infogram.com/995f520e-d020-4fe5-b711-94b95648fbd2?src=embed,2022,Germany,short,total,-174.0,US$ bn,
ISD 2022,ISD 2022 Infogram https://e.infogram.com/995f520e-d020-4fe5-b711-94b95648fbd2?src=embed,2021,Germany,short,total,-186.0,US$ bn,
ISD 2022,ISD 2022 Infogram https://e.infogram.com/995f520e-d020-4fe5-b711-94b95648fbd2?src=embed,2022,Germany,short,equities,-1.0,US$ bn,
ISD 2022,ISD 2022 Infogram https://e.infogram.com/995f520e-d020-4fe5-b711-94b95648fbd2?src=embed,2021,Germany,short,equities,-0.0,US$ bn,
ISD 2022,ISD 2022 Infogram https://e.infogram.com/995f520e-d020-4fe5-b711-94b95648fbd2?src=embed,2022,Germany,short,st_debt,-9.0,US$ bn,
ISD 2022,ISD 2022 Infogram https://e.infogram.com/995f520e-d020-4fe5-b711-94b95648fbd2?src=embed,2021,Germany,short,st_debt,-10.0,US$ bn,
ISD 2022,ISD 2022 Infogram https://e.infogram.com/995f520e-d020-4fe5-b711-94b95648fbd2?src=embed,2022,Germany,short,lt_debt,-164.0,US$ bn,
ISD 2022,ISD 2022 Infogram https://e.infogram.com/995f520e-d020-4fe5-b711-94b95648fbd2?src=embed,2021,Germany,short,lt_debt,-176.0,US$ bn,
ISD 2022,ISD 2022 Infogram https://e.infogram.com/995f520e-d020-4fe5-b711-94b95648fbd2?src=embed,2022,United States,short,total,-137.0,US$ bn,
ISD 2022,ISD 2022 Infogram https://e.infogram.com/995f520e-d020-4fe5-b711-94b95648fbd2?src=embed,2021,United States,short,total,-194.0,US$ bn,
ISD 2022,ISD 2022 Infogram https://e.infogram.com/995f520e-d020-4fe5-b711-94b95648fbd2?src=embed,2022,United States,short,equities,-33.0,US$ bn,
ISD 2022,ISD 2022 Infogram https://e.infogram.com/995f520e-d020-4fe5-b711-94b95648fbd2?src=embed,2021,United States,short,equities,-38.0,US$ bn,
ISD 2022,ISD 2022 Infogram https://e.infogram.com/995f520e-d020-4fe5-b711-94b95648fbd2?src=embed,2022,United States,short,st_debt,-88.0,US$ bn,
ISD 2022,ISD 2022 Infogram https://e.infogram.com/995f520e-d020-4fe5-b711-94b95648fbd2?src=embed,2021,United States,short,st_debt,-79.0,US$ bn,
ISD 2022,ISD 2022 Infogram https://e.infogram.com/995f520e-d020-4fe5-b711-94b95648fbd2?src=embed,2022,United States,short,lt_debt,-16.0,US$ bn,
ISD 2022,ISD 2022 Infogram https://e.infogram.com/995f520e-d020-4fe5-b711-94b95648fbd2?src=embed,2021,United States,short,lt_debt,-77.0,US$ bn,
ISD 2022,ISD 2022 Infogram https://e.infogram.com/995f520e-d020-4fe5-b711-94b95648fbd2?src=embed,2022,Other Developed Countries,short,total,-76.0,US$ bn,
ISD 2022,ISD 2022 Infogram https://e.infogram.com/995f520e-d020-4fe5-b711-94b95648fbd2?src=embed,2021,Other Developed Countries,short,total,-58.0,US$ bn,
ISD 2022,ISD 2022 Infogram https://e.infogram.com/995f520e-d020-4fe5-b711-94b95648fbd2?src=embed,2022,Other Developed Countries,short,equities,-2.0,US$ bn,
ISD 2022,ISD 2022 Infogram https://e.infogram.com/995f520e-d020-4fe5-b711-94b95648fbd2?src=embed,2021,Other Developed Countries,short,equities,-2.0,US$ bn,
ISD 2022,ISD 2022 Infogram https://e.infogram.com/995f520e-d020-4fe5-b711-94b95648fbd2?src=embed,2022,Other Developed Countries,short,st_debt,-25.0,US$ bn,
ISD 2022,ISD 2022 Infogram https://e.infogram.com/995f520e-d020-4fe5-b711-94b95648fbd2?src=embed,2021,Other Developed Countries,short,st_debt,-21.0,US$ bn,
ISD 2022,ISD 2022 Infogram https://e.infogram.com/995f520e-d020-4fe5-b711-94b95648fbd2?src=embed,2022,Other Developed Countries,short,lt_debt,-49.0,US$ bn,
ISD 2022,ISD 2022 Infogram https://e.infogram.com/995f520e-d020-4fe5-b711-94b95648fbd2?src=embed,2021,Other Developed Countries,short,lt_debt,-35.0,US$ bn,
ISD 2022,ISD 2022 Infogram https://e.infogram.com/995f520e-d020-4fe5-b711-94b95648fbd2?src=embed,2022,France,short,total,-69.0,US$ bn,
ISD 2022,ISD 2022 Infogram https://e.infogram.com/995f520e-d020-4fe5-b711-94b95648fbd2?src=embed,2021,France,short,total,-94.0,US$ bn,
ISD 2022,ISD 2022 Infogram https://e.infogram.com/995f520e-d020-4fe5-b711-94b95648fbd2?src=embed,2022,France,short,equities,0.0,US$ bn,
ISD 2022,ISD 2022 Infogram https://e.infogram.com/995f520e-d020-4fe5-b711-94b95648fbd2?src=embed,2021,France,short,equities,0.0,US$ bn,
ISD 2022,ISD 2022 Infogram https://e.infogram.com/995f520e-d020-4fe5-b711-94b95648fbd2?src=embed,2022,France,short,st_debt,-13.0,US$ bn,
ISD 2022,ISD 2022 Infogram https://e.infogram.com/995f520e-d020-4fe5-b711-94b95648fbd2?src=embed,2021,France,short,st_debt,-13.0,US$ bn,
ISD 2022,ISD 2022 Infogram https://e.infogram.com/995f520e-d020-4fe5-b711-94b95648fbd2?src=embed,2022,France,short,lt_debt,-55.0,US$ bn,
ISD 2022,ISD 2022 Infogram https://e.infogram.com/995f520e-d020-4fe5-b711-94b95648fbd2?src=embed,2021,France,short,lt_debt,-81.0,US$ bn,
ISD 2022,ISD 2022 Infogram https://e.infogram.com/995f520e-d020-4fe5-b711-94b95648fbd2?src=embed,2022,United Kingdom,short,total,-39.0,US$ bn,
ISD 2022,ISD 2022 Infogram https://e.infogram.com/995f520e-d020-4fe5-b711-94b95648fbd2?src=embed,2021,United Kingdom,short,total,-92.0,US$ bn,
ISD 2022,ISD 2022 Infogram https://e.infogram.com/995f520e-d020-4fe5-b711-94b95648fbd2?src=embed,2022,United Kingdom,short,equities,-2.0,US$ bn,
ISD 2022,ISD 2022 Infogram https://e.infogram.com/995f520e-d020-4fe5-b711-94b95648fbd2?src=embed,2021,United Kingdom,short,equities,-1.0,US$ bn,
ISD 2022,ISD 2022 Infogram https://e.infogram.com/995f520e-d020-4fe5-b711-94b95648fbd2?src=embed,2022,United Kingdom,short,st_debt,-14.0,US$ bn,
ISD 2022,ISD 2022 Infogram https://e.infogram.com/995f520e-d020-4fe5-b711-94b95648fbd2?src=embed,2021,United Kingdom,short,st_debt,-26.0,US$ bn,
ISD 2022,ISD 2022 Infogram https://e.infogram.com/995f520e-d020-4fe5-b711-94b95648fbd2?src=embed,2022,United Kingdom,short,lt_debt,-23.0,US$ bn,
ISD 2022,ISD 2022 Infogram https://e.infogram.com/995f520e-d020-4fe5-b711-94b95648fbd2?src=embed,2021,United Kingdom,short,lt_debt,-65.0,US$ bn,
ISD 2022,ISD 2022 Infogram https://e.infogram.com/995f520e-d020-4fe5-b711-94b95648fbd2?src=embed,2022,Japan,short,total,-35.0,US$ bn,
ISD 2022,ISD 2022 Infogram https://e.infogram.com/995f520e-d020-4fe5-b711-94b95648fbd2?src=embed,2021,Japan,short,total,-7.0,US$ bn,
ISD 2022,ISD 2022 Infogram https://e.infogram.com/995f520e-d020-4fe5-b711-94b95648fbd2?src=embed,2022,Japan,short,equities,0.0,US$ bn,
ISD 2022,ISD 2022 Infogram https://e.infogram.com/995f520e-d020-4fe5-b711-94b95648fbd2?src=embed,2021,Japan,short,equities,-1.0,US$ bn,
ISD 2022,ISD 2022 Infogram https://e.infogram.com/995f520e-d020-4fe5-b711-94b95648fbd2?src=embed,2022,Japan,short,st_debt,-6.0,US$ bn,
ISD 2022,ISD 2022 Infogram https://e.infogram.com/995f520e-d020-4fe5-b711-94b95648fbd2?src=embed,2021,Japan,short,st_debt,-3.0,US$ bn,
ISD 2022,ISD 2022 Infogram https://e.infogram.com/995f520e-d020-4fe5-b711-94b95648fbd2?src=embed,2022,Japan,short,lt_debt,-29.0,US$ bn,
ISD 2022,ISD 2022 Infogram https://e.infogram.com/995f520e-d020-4fe5-b711-94b95648fbd2?src=embed,2021,Japan,short,lt_debt,-3.0,US$ bn,
ISD 2022,ISD 2022 Infogram https://e.infogram.com/995f520e-d020-4fe5-b711-94b95648fbd2?src=embed,2022,Canada,short,total,-18.0,US$ bn,
ISD 2022,ISD 2022 Infogram https://e.infogram.com/995f520e-d020-4fe5-b711-94b95648fbd2?src=embed,2021,Canada,short,total,-29.0,US$ bn,
ISD 2022,ISD 2022 Infogram https://e.infogram.com/995f520e-d020-4fe5-b711-94b95648fbd2?src=embed,2022,Canada,short,equities,-4.0,US$ bn,
ISD 2022,ISD 2022 Infogram https://e.infogram.com/995f520e-d020-4fe5-b711-94b95648fbd2?src=embed,2021,Canada,short,equities,-4.0,US$ bn,
ISD 2022,ISD 2022 Infogram https://e.infogram.com/995f520e-d020-4fe5-b711-94b95648fbd2?src=embed,2022,Canada,short,st_debt,-6.0,US$ bn,
ISD 2022,ISD 2022 Infogram https://e.infogram.com/995f520e-d020-4fe5-b711-94b95648fbd2?src=embed,2021,Canada,short,st_debt,-5.0,US$ bn,
ISD 2022,ISD 2022 Infogram https://e.infogram.com/995f520e-d020-4fe5-b711-94b95648fbd2?src=embed,2022,Canada,short,lt_debt,-9.0,US$ bn,
ISD 2022,ISD 2022 Infogram https://e.infogram.com/995f520e-d020-4fe5-b711-94b95648fbd2?src=embed,2021,Canada,short,lt_debt,-20.0,US$ bn,
ISD 2022,ISD 2022 Infogram https://e.infogram.com/995f520e-d020-4fe5-b711-94b95648fbd2?src=embed,2022,Netherlands,short,total,-4.0,US$ bn,
ISD 2022,ISD 2022 Infogram https://e.infogram.com/995f520e-d020-4fe5-b711-94b95648fbd2?src=embed,2021,Netherlands,short,total,-3.0,US$ bn,
ISD 2022,ISD 2022 Infogram https://e.infogram.com/995f520e-d020-4fe5-b711-94b95648fbd2?src=embed,2022,Netherlands,short,equities,0.0,US$ bn,
ISD 2022,ISD 2022 Infogram https://e.infogram.com/995f520e-d020-4fe5-b711-94b95648fbd2?src=embed,2021,Netherlands,short,equities,0.0,US$ bn,
ISD 2022,ISD 2022 Infogram https://e.infogram.com/995f520e-d020-4fe5-b711-94b95648fbd2?src=embed,2022,Netherlands,short,st_debt,-3.0,US$ bn,
ISD 2022,ISD 2022 Infogram https://e.infogram.com/995f520e-d020-4fe5-b711-94b95648fbd2?src=embed,2021,Netherlands,short,st_debt,-2.0,US$ bn,
ISD 2022,ISD 2022 Infogram https://e.infogram.com/995f520e-d020-4fe5-b711-94b95648fbd2?src=embed,2022,Netherlands,short,lt_debt,-1.0,US$ bn,
ISD 2022,ISD 2022 Infogram https://e.infogram.com/995f520e-d020-4fe5-b711-94b95648fbd2?src=embed,2021,Netherlands,short,lt_debt,-1.0,US$ bn,
ISD 2022,ISD 2022 Infogram https://e.infogram.com/995f520e-d020-4fe5-b711-94b95648fbd2?src=embed,2022,Cayman Islands,short,total,-1.0,US$ bn,
ISD 2022,ISD 2022 Infogram https://e.infogram.com/995f520e-d020-4fe5-b711-94b95648fbd2?src=embed,2021,Cayman Islands,short,total,-2.0,US$ bn,
ISD 2022,ISD 2022 Infogram https://e.infogram.com/995f520e-d020-4fe5-b711-94b95648fbd2?src=embed,2022,Cayman Islands,short,equities,0.0,US$ bn,
ISD 2022,ISD 2022 Infogram https://e.infogram.com/995f520e-d020-4fe5-b711-94b95648fbd2?src=embed,2021,Cayman Islands,short,equities,-1.0,US$ bn,
ISD 2022,ISD 2022 Infogram https://e.infogram.com/995f520e-d020-4fe5-b711-94b95648fbd2?src=embed,2022,Cayman Islands,short,st_debt,-1.0,US$ bn,
ISD 2022,ISD 2022 Infogram https://e.infogram.com/995f520e-d020-4fe5-b711-94b95648fbd2?src=embed,2021,Cayman Islands,short,st_debt,-1.0,US$ bn,
ISD 2022,ISD 2022 Infogram https://e.infogram.com/995f520e-d020-4fe5-b711-94b95648fbd2?src=embed,2022,Cayman Islands,short,lt_debt,0.0,US$ bn,
ISD 2022,ISD 2022 Infogram https://e.infogram.com/995f520e-d020-4fe5-b711-94b95648fbd2?src=embed,2021,Cayman Islands,short,lt_debt,-0.0,US$ bn,
ISD 2022,ISD 2022 Infogram https://e.infogram.com/995f520e-d020-4fe5-b711-94b95648fbd2?src=embed,2022,China,short,total,-1.0,US$ bn,
ISD 2022,ISD 2022 Infogram https://e.infogram.com/995f520e-d020-4fe5-b711-94b95648fbd2?src=embed,2021,China,short,total,-2.0,US$ bn,
ISD 2022,ISD 2022 Infogram https://e.infogram.com/995f520e-d020-4fe5-b711-94b95648fbd2?src=embed,2022,China,short,equities,-1.0,US$ bn,
ISD 2022,ISD 2022 Infogram https://e.infogram.com/995f520e-d020-4fe5-b711-94b95648fbd2?src=embed,2021,China,short,equities,-2.0,US$ bn,
ISD 2022,ISD 2022 Infogram https://e.infogram.com/995f520e-d020-4fe5-b711-94b95648fbd2?src=embed,2022,China,short,st_debt,0.0,US$ bn,
ISD 2022,ISD 2022 Infogram https://e.infogram.com/995f520e-d020-4fe5-b711-94b95648fbd2?src=embed,2021,China,short,st_debt,0.0,US$ bn,
ISD 2022,ISD 2022 Infogram https://e.infogram.com/995f520e-d020-4fe5-b711-94b95648fbd2?src=embed,2022,China,short,lt_debt,0.0,US$ bn,
ISD 2022,ISD 2022 Infogram https://e.infogram.com/995f520e-d020-4fe5-b711-94b95648fbd2?src=embed,2021,China,short,lt_debt,-0.0,US$ bn,
ISD 2022,ISD 2022 Infogram https://e.infogram.com/995f520e-d020-4fe5-b711-94b95648fbd2?src=embed,2022,Hong Kong,short,total,-1.0,US$ bn,
ISD 2022,ISD 2022 Infogram https://e.infogram.com/995f520e-d020-4fe5-b711-94b95648fbd2?src=embed,2021,Hong Kong,short,total,-2.0,US$ bn,
ISD 2022,ISD 2022 Infogram https://e.infogram.com/995f520e-d020-4fe5-b711-94b95648fbd2?src=embed,2022,Hong Kong,short,equities,-1.0,US$ bn,
ISD 2022,ISD 2022 Infogram https://e.infogram.com/995f520e-d020-4fe5-b711-94b95648fbd2?src=embed,2021,Hong Kong,short,equities,-1.0,US$ bn,
ISD 2022,ISD 2022 Infogram https://e.infogram.com/995f520e-d020-4fe5-b711-94b95648fbd2?src=embed,2022,Hong Kong,short,st_debt,0.0,US$ bn,
ISD 2022,ISD 2022 Infogram https://e.infogram.com/995f520e-d020-4fe5-b711-94b95648fbd2?src=embed,2021,Hong Kong,short,st_debt,-1.0,US$ bn,
ISD 2022,ISD 2022 Infogram https://e.infogram.com/995f520e-d020-4fe5-b711-94b95648fbd2?src=embed,2022,Hong Kong,short,lt_debt,0.0,US$ bn,
ISD 2022,ISD 2022 Infogram https://e.infogram.com/995f520e-d020-4fe5-b711-94b95648fbd2?src=embed,2021,Hong Kong,short,lt_debt,-0.0,US$ bn,
ISD 2022,ISD 2022 Infogram https://e.infogram.com/995f520e-d020-4fe5-b711-94b95648fbd2?src=embed,2022,Developing Africa and the Middle East,short,total,0.0,US$ bn,
ISD 2022,ISD 2022 Infogram https://e.infogram.com/995f520e-d020-4fe5-b711-94b95648fbd2?src=embed,2021,Developing Africa and the Middle East,short,total,-1.0,US$ bn,
ISD 2022,ISD 2022 Infogram https://e.infogram.com/995f520e-d020-4fe5-b711-94b95648fbd2?src=embed,2022,Developing Africa and the Middle East,short,equities,0.0,US$ bn,
ISD 2022,ISD 2022 Infogram https://e.infogram.com/995f520e-d020-4fe5-b711-94b95648fbd2?src=embed,2021,Developing Africa and the Middle East,short,equities,-1.0,US$ bn,
ISD 2022,ISD 2022 Infogram https://e.infogram.com/995f520e-d020-4fe5-b711-94b95648fbd2?src=embed,2022,Developing Africa and the Middle East,short,st_debt,0.0,US$ bn,
ISD 2022,ISD 2022 Infogram https://e.infogram.com/995f520e-d020-4fe5-b711-94b95648fbd2?src=embed,2021,Developing Africa and the Middle East,short,st_debt,0.0,US$ bn,
ISD 2022,ISD 2022 Infogram https://e.infogram.com/995f520e-d020-4fe5-b711-94b95648fbd2?src=embed,2022,Developing Africa and the Middle East,short,lt_debt,0.0,US$ bn,
ISD 2022,ISD 2022 Infogram https://e.infogram.com/995f520e-d020-4fe5-b711-94b95648fbd2?src=embed,2021,Developing Africa and the Middle East,short,lt_debt,-0.0,US$ bn,
ISD 2022,ISD 2022 Infogram https://e.infogram.com/995f520e-d020-4fe5-b711-94b95648fbd2?src=embed,2022,Other Offshore Centres,short,total,-0.0,US$ bn,
ISD 2022,ISD 2022 Infogram https://e.infogram.com/995f520e-d020-4fe5-b711-94b95648fbd2?src=embed,2021,Other Offshore Centres,short,total,-1.0,US$ bn,
ISD 2022,ISD 2022 Infogram https://e.infogram.com/995f520e-d020-4fe5-b711-94b95648fbd2?src=embed,2022,Other Offshore Centres,short,equities,0.0,US$ bn,
ISD 2022,ISD 2022 Infogram https://e.infogram.com/995f520e-d020-4fe5-b711-94b95648fbd2?src=embed,2021,Other Offshore Centres,short,equities,-1.0,US$ bn,
ISD 2022,ISD 2022 Infogram https://e.infogram.com/995f520e-d020-4fe5-b711-94b95648fbd2?src=embed,2022,Other Offshore Centres,short,st_debt,0.0,US$ bn,
ISD 2022,ISD 2022 Infogram https://e.infogram.com/995f520e-d020-4fe5-b711-94b95648fbd2?src=embed,2021,Other Offshore Centres,short,st_debt,0.0,US$ bn,
ISD 2022,ISD 2022 Infogram https://e.infogram.com/995f520e-d020-4fe5-b711-94b95648fbd2?src=embed,2022,Other Offshore Centres,short,lt_debt,0.0,US$ bn,
ISD 2022,ISD 2022 Infogram https://e.infogram.com/995f520e-d020-4fe5-b711-94b95648fbd2?src=embed,2021,Other Offshore Centres,short,lt_debt,-0.0,US$ bn,
ISD 2022,ISD 2022 Infogram https://e.infogram.com/995f520e-d020-4fe5-b711-94b95648fbd2?src=embed,2022,Total,short,total,-555.0,US$ bn,
ISD 2022,ISD 2022 Infogram https://e.infogram.com/995f520e-d020-4fe5-b711-94b95648fbd2?src=embed,2021,Total,short,total,-671.0,US$ bn,
ISD 2022,ISD 2022 Infogram https://e.infogram.com/995f520e-d020-4fe5-b711-94b95648fbd2?src=embed,2022,Total,short,equities,-44.0,US$ bn,
ISD 2022,ISD 2022 Infogram https://e.infogram.com/995f520e-d020-4fe5-b711-94b95648fbd2?src=embed,2021,Total,short,equities,-52.0,US$ bn,
ISD 2022,ISD 2022 Infogram https://e.infogram.com/995f520e-d020-4fe5-b711-94b95648fbd2?src=embed,2022,Total,short,st_debt,-165.0,US$ bn,
ISD 2022,ISD 2022 Infogram https://e.infogram.com/995f520e-d020-4fe5-b711-94b95648fbd2?src=embed,2021,Total,short,st_debt,-161.0,US$ bn,
ISD 2022,ISD 2022 Infogram https://e.infogram.com/995f520e-d020-4fe5-b711-94b95648fbd2?src=embed,2022,Total,short,lt_debt,-346.0,US$ bn,
ISD 2022,ISD 2022 Infogram https://e.infogram.com/995f520e-d020-4fe5-b711-94b95648fbd2?src=embed,2021,Total,short,lt_debt,-458.0,US$ bn,
ISD 2023,ISD 2023 Infogram https://e.infogram.com/1733fec4-2e19-4caf-894b-9c1847e2a9a4?src=embed,2023,United States,long,total,3858.738,US$ m,
ISD 2023,ISD 2023 Infogram https://e.infogram.com/1733fec4-2e19-4caf-894b-9c1847e2a9a4?src=embed,2022,United States,long,total,2911.623,US$ m,
ISD 2023,ISD 2023 Infogram https://e.infogram.com/1733fec4-2e19-4caf-894b-9c1847e2a9a4?src=embed,2023,United States,long,equities,1463.732,US$ m,
ISD 2023,ISD 2023 Infogram https://e.infogram.com/1733fec4-2e19-4caf-894b-9c1847e2a9a4?src=embed,2022,United States,long,equities,1269.866,US$ m,
ISD 2023,ISD 2023 Infogram https://e.infogram.com/1733fec4-2e19-4caf-894b-9c1847e2a9a4?src=embed,2023,United States,long,master_funds,477.277,US$ m,
ISD 2023,ISD 2023 Infogram https://e.infogram.com/1733fec4-2e19-4caf-894b-9c1847e2a9a4?src=embed,2022,United States,long,master_funds,402.0,US$ m,
ISD 2023,ISD 2023 Infogram https://e.infogram.com/1733fec4-2e19-4caf-894b-9c1847e2a9a4?src=embed,2023,United States,long,st_debt,159.397,US$ m,
ISD 2023,ISD 2023 Infogram https://e.infogram.com/1733fec4-2e19-4caf-894b-9c1847e2a9a4?src=embed,2022,United States,long,st_debt,143.879,US$ m,
ISD 2023,ISD 2023 Infogram https://e.infogram.com/1733fec4-2e19-4caf-894b-9c1847e2a9a4?src=embed,2023,United States,long,lt_debt,1758.332,US$ m,
ISD 2023,ISD 2023 Infogram https://e.infogram.com/1733fec4-2e19-4caf-894b-9c1847e2a9a4?src=embed,2022,United States,long,lt_debt,1095.878,US$ m,
ISD 2023,ISD 2023 Infogram https://e.infogram.com/1733fec4-2e19-4caf-894b-9c1847e2a9a4?src=embed,2023,Cayman Islands,long,total,2130.412,US$ m,
ISD 2023,ISD 2023 Infogram https://e.infogram.com/1733fec4-2e19-4caf-894b-9c1847e2a9a4?src=embed,2022,Cayman Islands,long,total,1967.918,US$ m,
ISD 2023,ISD 2023 Infogram https://e.infogram.com/1733fec4-2e19-4caf-894b-9c1847e2a9a4?src=embed,2023,Cayman Islands,long,equities,427.769,US$ m,
ISD 2023,ISD 2023 Infogram https://e.infogram.com/1733fec4-2e19-4caf-894b-9c1847e2a9a4?src=embed,2022,Cayman Islands,long,equities,380.369,US$ m,
ISD 2023,ISD 2023 Infogram https://e.infogram.com/1733fec4-2e19-4caf-894b-9c1847e2a9a4?src=embed,2023,Cayman Islands,long,master_funds,1656.414,US$ m,
ISD 2023,ISD 2023 Infogram https://e.infogram.com/1733fec4-2e19-4caf-894b-9c1847e2a9a4?src=embed,2022,Cayman Islands,long,master_funds,1552.525,US$ m,
ISD 2023,ISD 2023 Infogram https://e.infogram.com/1733fec4-2e19-4caf-894b-9c1847e2a9a4?src=embed,2023,Cayman Islands,long,st_debt,1.68,US$ m,
ISD 2023,ISD 2023 Infogram https://e.infogram.com/1733fec4-2e19-4caf-894b-9c1847e2a9a4?src=embed,2022,Cayman Islands,long,st_debt,0.84,US$ m,
ISD 2023,ISD 2023 Infogram https://e.infogram.com/1733fec4-2e19-4caf-894b-9c1847e2a9a4?src=embed,2023,Cayman Islands,long,lt_debt,44.549,US$ m,
ISD 2023,ISD 2023 Infogram https://e.infogram.com/1733fec4-2e19-4caf-894b-9c1847e2a9a4?src=embed,2022,Cayman Islands,long,lt_debt,34.184,US$ m,
ISD 2023,ISD 2023 Infogram https://e.infogram.com/1733fec4-2e19-4caf-894b-9c1847e2a9a4?src=embed,2023,China,long,total,306.548,US$ m,
ISD 2023,ISD 2023 Infogram https://e.infogram.com/1733fec4-2e19-4caf-894b-9c1847e2a9a4?src=embed,2022,China,long,total,332.008,US$ m,
ISD 2023,ISD 2023 Infogram https://e.infogram.com/1733fec4-2e19-4caf-894b-9c1847e2a9a4?src=embed,2023,China,long,equities,280.599,US$ m,
ISD 2023,ISD 2023 Infogram https://e.infogram.com/1733fec4-2e19-4caf-894b-9c1847e2a9a4?src=embed,2022,China,long,equities,302.034,US$ m,
ISD 2023,ISD 2023 Infogram https://e.infogram.com/1733fec4-2e19-4caf-894b-9c1847e2a9a4?src=embed,2023,China,long,master_funds,3.58,US$ m,
ISD 2023,ISD 2023 Infogram https://e.infogram.com/1733fec4-2e19-4caf-894b-9c1847e2a9a4?src=embed,2022,China,long,master_funds,1.915,US$ m,
ISD 2023,ISD 2023 Infogram https://e.infogram.com/1733fec4-2e19-4caf-894b-9c1847e2a9a4?src=embed,2023,China,long,st_debt,3.001,US$ m,
ISD 2023,ISD 2023 Infogram https://e.infogram.com/1733fec4-2e19-4caf-894b-9c1847e2a9a4?src=embed,2022,China,long,st_debt,5.004,US$ m,
ISD 2023,ISD 2023 Infogram https://e.infogram.com/1733fec4-2e19-4caf-894b-9c1847e2a9a4?src=embed,2023,China,long,lt_debt,19.368,US$ m,
ISD 2023,ISD 2023 Infogram https://e.infogram.com/1733fec4-2e19-4caf-894b-9c1847e2a9a4?src=embed,2022,China,long,lt_debt,23.055,US$ m,
ISD 2023,ISD 2023 Infogram https://e.infogram.com/1733fec4-2e19-4caf-894b-9c1847e2a9a4?src=embed,2023,Other Developed Countries,long,total,289.637,US$ m,
ISD 2023,ISD 2023 Infogram https://e.infogram.com/1733fec4-2e19-4caf-894b-9c1847e2a9a4?src=embed,2022,Other Developed Countries,long,total,274.976,US$ m,
ISD 2023,ISD 2023 Infogram https://e.infogram.com/1733fec4-2e19-4caf-894b-9c1847e2a9a4?src=embed,2023,Other Developed Countries,long,equities,143.301,US$ m,
ISD 2023,ISD 2023 Infogram https://e.infogram.com/1733fec4-2e19-4caf-894b-9c1847e2a9a4?src=embed,2022,Other Developed Countries,long,equities,125.694,US$ m,
ISD 2023,ISD 2023 Infogram https://e.infogram.com/1733fec4-2e19-4caf-894b-9c1847e2a9a4?src=embed,2023,Other Developed Countries,long,master_funds,41.078,US$ m,
ISD 2023,ISD 2023 Infogram https://e.infogram.com/1733fec4-2e19-4caf-894b-9c1847e2a9a4?src=embed,2022,Other Developed Countries,long,master_funds,48.504,US$ m,
ISD 2023,ISD 2023 Infogram https://e.infogram.com/1733fec4-2e19-4caf-894b-9c1847e2a9a4?src=embed,2023,Other Developed Countries,long,st_debt,17.742,US$ m,
ISD 2023,ISD 2023 Infogram https://e.infogram.com/1733fec4-2e19-4caf-894b-9c1847e2a9a4?src=embed,2022,Other Developed Countries,long,st_debt,28.398,US$ m,
ISD 2023,ISD 2023 Infogram https://e.infogram.com/1733fec4-2e19-4caf-894b-9c1847e2a9a4?src=embed,2023,Other Developed Countries,long,lt_debt,87.516,US$ m,
ISD 2023,ISD 2023 Infogram https://e.infogram.com/1733fec4-2e19-4caf-894b-9c1847e2a9a4?src=embed,2022,Other Developed Countries,long,lt_debt,72.38,US$ m,
ISD 2023,ISD 2023 Infogram https://e.infogram.com/1733fec4-2e19-4caf-894b-9c1847e2a9a4?src=embed,2023,United Kingdom,long,total,217.147,US$ m,
ISD 2023,ISD 2023 Infogram https://e.infogram.com/1733fec4-2e19-4caf-894b-9c1847e2a9a4?src=embed,2022,United Kingdom,long,total,195.313,US$ m,
ISD 2023,ISD 2023 Infogram https://e.infogram.com/1733fec4-2e19-4caf-894b-9c1847e2a9a4?src=embed,2023,United Kingdom,long,equities,130.042,US$ m,
ISD 2023,ISD 2023 Infogram https://e.infogram.com/1733fec4-2e19-4caf-894b-9c1847e2a9a4?src=embed,2022,United Kingdom,long,equities,122.387,US$ m,
ISD 2023,ISD 2023 Infogram https://e.infogram.com/1733fec4-2e19-4caf-894b-9c1847e2a9a4?src=embed,2023,United Kingdom,long,master_funds,4.004,US$ m,
ISD 2023,ISD 2023 Infogram https://e.infogram.com/1733fec4-2e19-4caf-894b-9c1847e2a9a4?src=embed,2022,United Kingdom,long,master_funds,4.144,US$ m,
ISD 2023,ISD 2023 Infogram https://e.infogram.com/1733fec4-2e19-4caf-894b-9c1847e2a9a4?src=embed,2023,United Kingdom,long,st_debt,9.617,US$ m,
ISD 2023,ISD 2023 Infogram https://e.infogram.com/1733fec4-2e19-4caf-894b-9c1847e2a9a4?src=embed,2022,United Kingdom,long,st_debt,18.15,US$ m,
ISD 2023,ISD 2023 Infogram https://e.infogram.com/1733fec4-2e19-4caf-894b-9c1847e2a9a4?src=embed,2023,United Kingdom,long,lt_debt,73.484,US$ m,
ISD 2023,ISD 2023 Infogram https://e.infogram.com/1733fec4-2e19-4caf-894b-9c1847e2a9a4?src=embed,2022,United Kingdom,long,lt_debt,50.632,US$ m,
ISD 2023,ISD 2023 Infogram https://e.infogram.com/1733fec4-2e19-4caf-894b-9c1847e2a9a4?src=embed,2023,Japan,long,total,207.719,US$ m,
ISD 2023,ISD 2023 Infogram https://e.infogram.com/1733fec4-2e19-4caf-894b-9c1847e2a9a4?src=embed,2022,Japan,long,total,184.764,US$ m,
ISD 2023,ISD 2023 Infogram https://e.infogram.com/1733fec4-2e19-4caf-894b-9c1847e2a9a4?src=embed,2023,Japan,long,equities,82.068,US$ m,
ISD 2023,ISD 2023 Infogram https://e.infogram.com/1733fec4-2e19-4caf-894b-9c1847e2a9a4?src=embed,2022,Japan,long,equities,74.151,US$ m,
ISD 2023,ISD 2023 Infogram https://e.infogram.com/1733fec4-2e19-4caf-894b-9c1847e2a9a4?src=embed,2023,Japan,long,master_funds,1.051,US$ m,
ISD 2023,ISD 2023 Infogram https://e.infogram.com/1733fec4-2e19-4caf-894b-9c1847e2a9a4?src=embed,2022,Japan,long,master_funds,28.462,US$ m,
ISD 2023,ISD 2023 Infogram https://e.infogram.com/1733fec4-2e19-4caf-894b-9c1847e2a9a4?src=embed,2023,Japan,long,st_debt,88.771,US$ m,
ISD 2023,ISD 2023 Infogram https://e.infogram.com/1733fec4-2e19-4caf-894b-9c1847e2a9a4?src=embed,2022,Japan,long,st_debt,50.298,US$ m,
ISD 2023,ISD 2023 Infogram https://e.infogram.com/1733fec4-2e19-4caf-894b-9c1847e2a9a4?src=embed,2023,Japan,long,lt_debt,35.829,US$ m,
ISD 2023,ISD 2023 Infogram https://e.infogram.com/1733fec4-2e19-4caf-894b-9c1847e2a9a4?src=embed,2022,Japan,long,lt_debt,31.853,US$ m,
ISD 2023,ISD 2023 Infogram https://e.infogram.com/1733fec4-2e19-4caf-894b-9c1847e2a9a4?src=embed,2023,Other Offshore Centres,long,total,140.727,US$ m,
ISD 2023,ISD 2023 Infogram https://e.infogram.com/1733fec4-2e19-4caf-894b-9c1847e2a9a4?src=embed,2022,Other Offshore Centres,long,total,151.152,US$ m,
ISD 2023,ISD 2023 Infogram https://e.infogram.com/1733fec4-2e19-4caf-894b-9c1847e2a9a4?src=embed,2023,Other Offshore Centres,long,equities,96.099,US$ m,
ISD 2023,ISD 2023 Infogram https://e.infogram.com/1733fec4-2e19-4caf-894b-9c1847e2a9a4?src=embed,2022,Other Offshore Centres,long,equities,110.987,US$ m,
ISD 2023,ISD 2023 Infogram https://e.infogram.com/1733fec4-2e19-4caf-894b-9c1847e2a9a4?src=embed,2023,Other Offshore Centres,long,master_funds,26.959,US$ m,
ISD 2023,ISD 2023 Infogram https://e.infogram.com/1733fec4-2e19-4caf-894b-9c1847e2a9a4?src=embed,2022,Other Offshore Centres,long,master_funds,23.985,US$ m,
ISD 2023,ISD 2023 Infogram https://e.infogram.com/1733fec4-2e19-4caf-894b-9c1847e2a9a4?src=embed,2023,Other Offshore Centres,long,st_debt,2.039,US$ m,
ISD 2023,ISD 2023 Infogram https://e.infogram.com/1733fec4-2e19-4caf-894b-9c1847e2a9a4?src=embed,2022,Other Offshore Centres,long,st_debt,1.575,US$ m,
ISD 2023,ISD 2023 Infogram https://e.infogram.com/1733fec4-2e19-4caf-894b-9c1847e2a9a4?src=embed,2023,Other Offshore Centres,long,lt_debt,15.63,US$ m,
ISD 2023,ISD 2023 Infogram https://e.infogram.com/1733fec4-2e19-4caf-894b-9c1847e2a9a4?src=embed,2022,Other Offshore Centres,long,lt_debt,14.605,US$ m,
ISD 2023,ISD 2023 Infogram https://e.infogram.com/1733fec4-2e19-4caf-894b-9c1847e2a9a4?src=embed,2023,Canada,long,total,100.558,US$ m,
ISD 2023,ISD 2023 Infogram https://e.infogram.com/1733fec4-2e19-4caf-894b-9c1847e2a9a4?src=embed,2022,Canada,long,total,73.542,US$ m,
ISD 2023,ISD 2023 Infogram https://e.infogram.com/1733fec4-2e19-4caf-894b-9c1847e2a9a4?src=embed,2023,Canada,long,equities,65.652,US$ m,
ISD 2023,ISD 2023 Infogram https://e.infogram.com/1733fec4-2e19-4caf-894b-9c1847e2a9a4?src=embed,2022,Canada,long,equities,56.711,US$ m,
ISD 2023,ISD 2023 Infogram https://e.infogram.com/1733fec4-2e19-4caf-894b-9c1847e2a9a4?src=embed,2023,Canada,long,master_funds,0.916,US$ m,
ISD 2023,ISD 2023 Infogram https://e.infogram.com/1733fec4-2e19-4caf-894b-9c1847e2a9a4?src=embed,2022,Canada,long,master_funds,1.349,US$ m,
ISD 2023,ISD 2023 Infogram https://e.infogram.com/1733fec4-2e19-4caf-894b-9c1847e2a9a4?src=embed,2023,Canada,long,st_debt,8.696,US$ m,
ISD 2023,ISD 2023 Infogram https://e.infogram.com/1733fec4-2e19-4caf-894b-9c1847e2a9a4?src=embed,2022,Canada,long,st_debt,2.245,US$ m,
ISD 2023,ISD 2023 Infogram https://e.infogram.com/1733fec4-2e19-4caf-894b-9c1847e2a9a4?src=embed,2023,Canada,long,lt_debt,25.294,US$ m,
ISD 2023,ISD 2023 Infogram https://e.infogram.com/1733fec4-2e19-4caf-894b-9c1847e2a9a4?src=embed,2022,Canada,long,lt_debt,13.237,US$ m,
ISD 2023,ISD 2023 Infogram https://e.infogram.com/1733fec4-2e19-4caf-894b-9c1847e2a9a4?src=embed,2023,Developing Asia and the Pacific,long,total,92.855,US$ m,
ISD 2023,ISD 2023 Infogram https://e.infogram.com/1733fec4-2e19-4caf-894b-9c1847e2a9a4?src=embed,2022,Developing Asia and the Pacific,long,total,80.602,US$ m,
ISD 2023,ISD 2023 Infogram https://e.infogram.com/1733fec4-2e19-4caf-894b-9c1847e2a9a4?src=embed,2023,Developing Asia and the Pacific,long,equities,84.142,US$ m,
ISD 2023,ISD 2023 Infogram https://e.infogram.com/1733fec4-2e19-4caf-894b-9c1847e2a9a4?src=embed,2022,Developing Asia and the Pacific,long,equities,74.966,US$ m,
ISD 2023,ISD 2023 Infogram https://e.infogram.com/1733fec4-2e19-4caf-894b-9c1847e2a9a4?src=embed,2023,Developing Asia and the Pacific,long,master_funds,0.441,US$ m,
ISD 2023,ISD 2023 Infogram https://e.infogram.com/1733fec4-2e19-4caf-894b-9c1847e2a9a4?src=embed,2022,Developing Asia and the Pacific,long,master_funds,0.532,US$ m,
ISD 2023,ISD 2023 Infogram https://e.infogram.com/1733fec4-2e19-4caf-894b-9c1847e2a9a4?src=embed,2023,Developing Asia and the Pacific,long,st_debt,0.269,US$ m,
ISD 2023,ISD 2023 Infogram https://e.infogram.com/1733fec4-2e19-4caf-894b-9c1847e2a9a4?src=embed,2022,Developing Asia and the Pacific,long,st_debt,0.5,US$ m,
ISD 2023,ISD 2023 Infogram https://e.infogram.com/1733fec4-2e19-4caf-894b-9c1847e2a9a4?src=embed,2023,Developing Asia and the Pacific,long,lt_debt,8.003,US$ m,
ISD 2023,ISD 2023 Infogram https://e.infogram.com/1733fec4-2e19-4caf-894b-9c1847e2a9a4?src=embed,2022,Developing Asia and the Pacific,long,lt_debt,4.604,US$ m,
ISD 2023,ISD 2023 Infogram https://e.infogram.com/1733fec4-2e19-4caf-894b-9c1847e2a9a4?src=embed,2023,France,long,total,82.985,US$ m,
ISD 2023,ISD 2023 Infogram https://e.infogram.com/1733fec4-2e19-4caf-894b-9c1847e2a9a4?src=embed,2022,France,long,total,105.544,US$ m,
ISD 2023,ISD 2023 Infogram https://e.infogram.com/1733fec4-2e19-4caf-894b-9c1847e2a9a4?src=embed,2023,France,long,equities,33.629,US$ m,
ISD 2023,ISD 2023 Infogram https://e.infogram.com/1733fec4-2e19-4caf-894b-9c1847e2a9a4?src=embed,2022,France,long,equities,27.627,US$ m,
ISD 2023,ISD 2023 Infogram https://e.infogram.com/1733fec4-2e19-4caf-894b-9c1847e2a9a4?src=embed,2023,France,long,master_funds,0.117,US$ m,
ISD 2023,ISD 2023 Infogram https://e.infogram.com/1733fec4-2e19-4caf-894b-9c1847e2a9a4?src=embed,2022,France,long,master_funds,0.107,US$ m,
ISD 2023,ISD 2023 Infogram https://e.infogram.com/1733fec4-2e19-4caf-894b-9c1847e2a9a4?src=embed,2023,France,long,st_debt,16.136,US$ m,
ISD 2023,ISD 2023 Infogram https://e.infogram.com/1733fec4-2e19-4caf-894b-9c1847e2a9a4?src=embed,2022,France,long,st_debt,37.596,US$ m,
ISD 2023,ISD 2023 Infogram https://e.infogram.com/1733fec4-2e19-4caf-894b-9c1847e2a9a4?src=embed,2023,France,long,lt_debt,33.103,US$ m,
ISD 2023,ISD 2023 Infogram https://e.infogram.com/1733fec4-2e19-4caf-894b-9c1847e2a9a4?src=embed,2022,France,long,lt_debt,40.214,US$ m,
ISD 2023,ISD 2023 Infogram https://e.infogram.com/1733fec4-2e19-4caf-894b-9c1847e2a9a4?src=embed,2023,Germany,long,total,81.714,US$ m,
ISD 2023,ISD 2023 Infogram https://e.infogram.com/1733fec4-2e19-4caf-894b-9c1847e2a9a4?src=embed,2022,Germany,long,total,76.892,US$ m,
ISD 2023,ISD 2023 Infogram https://e.infogram.com/1733fec4-2e19-4caf-894b-9c1847e2a9a4?src=embed,2023,Germany,long,equities,34.91,US$ m,
ISD 2023,ISD 2023 Infogram https://e.infogram.com/1733fec4-2e19-4caf-894b-9c1847e2a9a4?src=embed,2022,Germany,long,equities,27.53,US$ m,
ISD 2023,ISD 2023 Infogram https://e.infogram.com/1733fec4-2e19-4caf-894b-9c1847e2a9a4?src=embed,2023,Germany,long,master_funds,0.011,US$ m,
ISD 2023,ISD 2023 Infogram https://e.infogram.com/1733fec4-2e19-4caf-894b-9c1847e2a9a4?src=embed,2022,Germany,long,master_funds,0.0,US$ m,
ISD 2023,ISD 2023 Infogram https://e.infogram.com/1733fec4-2e19-4caf-894b-9c1847e2a9a4?src=embed,2023,Germany,long,st_debt,22.923,US$ m,
ISD 2023,ISD 2023 Infogram https://e.infogram.com/1733fec4-2e19-4caf-894b-9c1847e2a9a4?src=embed,2022,Germany,long,st_debt,32.903,US$ m,
ISD 2023,ISD 2023 Infogram https://e.infogram.com/1733fec4-2e19-4caf-894b-9c1847e2a9a4?src=embed,2023,Germany,long,lt_debt,23.87,US$ m,
ISD 2023,ISD 2023 Infogram https://e.infogram.com/1733fec4-2e19-4caf-894b-9c1847e2a9a4?src=embed,2022,Germany,long,lt_debt,16.459,US$ m,
ISD 2023,ISD 2023 Infogram https://e.infogram.com/1733fec4-2e19-4caf-894b-9c1847e2a9a4?src=embed,2023,Ireland,long,total,72.701,US$ m,
ISD 2023,ISD 2023 Infogram https://e.infogram.com/1733fec4-2e19-4caf-894b-9c1847e2a9a4?src=embed,2022,Ireland,long,total,86.961,US$ m,
ISD 2023,ISD 2023 Infogram https://e.infogram.com/1733fec4-2e19-4caf-894b-9c1847e2a9a4?src=embed,2023,Ireland,long,equities,27.786,US$ m,
ISD 2023,ISD 2023 Infogram https://e.infogram.com/1733fec4-2e19-4caf-894b-9c1847e2a9a4?src=embed,2022,Ireland,long,equities,41.807,US$ m,
ISD 2023,ISD 2023 Infogram https://e.infogram.com/1733fec4-2e19-4caf-894b-9c1847e2a9a4?src=embed,2023,Ireland,long,master_funds,21.79,US$ m,
ISD 2023,ISD 2023 Infogram https://e.infogram.com/1733fec4-2e19-4caf-894b-9c1847e2a9a4?src=embed,2022,Ireland,long,master_funds,26.223,US$ m,
ISD 2023,ISD 2023 Infogram https://e.infogram.com/1733fec4-2e19-4caf-894b-9c1847e2a9a4?src=embed,2023,Ireland,long,st_debt,1.113,US$ m,
ISD 2023,ISD 2023 Infogram https://e.infogram.com/1733fec4-2e19-4caf-894b-9c1847e2a9a4?src=embed,2022,Ireland,long,st_debt,0.976,US$ m,
ISD 2023,ISD 2023 Infogram https://e.infogram.com/1733fec4-2e19-4caf-894b-9c1847e2a9a4?src=embed,2023,Ireland,long,lt_debt,22.012,US$ m,
ISD 2023,ISD 2023 Infogram https://e.infogram.com/1733fec4-2e19-4caf-894b-9c1847e2a9a4?src=embed,2022,Ireland,long,lt_debt,17.955,US$ m,
ISD 2023,ISD 2023 Infogram https://e.infogram.com/1733fec4-2e19-4caf-894b-9c1847e2a9a4?src=embed,2023,Netherlands,long,total,68.191,US$ m,
ISD 2023,ISD 2023 Infogram https://e.infogram.com/1733fec4-2e19-4caf-894b-9c1847e2a9a4?src=embed,2022,Netherlands,long,total,55.495,US$ m,
ISD 2023,ISD 2023 Infogram https://e.infogram.com/1733fec4-2e19-4caf-894b-9c1847e2a9a4?src=embed,2023,Netherlands,long,equities,41.987,US$ m,
ISD 2023,ISD 2023 Infogram https://e.infogram.com/1733fec4-2e19-4caf-894b-9c1847e2a9a4?src=embed,2022,Netherlands,long,equities,36.171,US$ m,
ISD 2023,ISD 2023 Infogram https://e.infogram.com/1733fec4-2e19-4caf-894b-9c1847e2a9a4?src=embed,2023,Netherlands,long,master_funds,3.786,US$ m,
ISD 2023,ISD 2023 Infogram https://e.infogram.com/1733fec4-2e19-4caf-894b-9c1847e2a9a4?src=embed,2022,Netherlands,long,master_funds,3.309,US$ m,
ISD 2023,ISD 2023 Infogram https://e.infogram.com/1733fec4-2e19-4caf-894b-9c1847e2a9a4?src=embed,2023,Netherlands,long,st_debt,0.045,US$ m,
ISD 2023,ISD 2023 Infogram https://e.infogram.com/1733fec4-2e19-4caf-894b-9c1847e2a9a4?src=embed,2022,Netherlands,long,st_debt,0.958,US$ m,
ISD 2023,ISD 2023 Infogram https://e.infogram.com/1733fec4-2e19-4caf-894b-9c1847e2a9a4?src=embed,2023,Netherlands,long,lt_debt,22.373,US$ m,
ISD 2023,ISD 2023 Infogram https://e.infogram.com/1733fec4-2e19-4caf-894b-9c1847e2a9a4?src=embed,2022,Netherlands,long,lt_debt,15.057,US$ m,
ISD 2023,ISD 2023 Infogram https://e.infogram.com/1733fec4-2e19-4caf-894b-9c1847e2a9a4?src=embed,2023,Developing Africa and the Middle East,long,total,52.969,US$ m,
ISD 2023,ISD 2023 Infogram https://e.infogram.com/1733fec4-2e19-4caf-894b-9c1847e2a9a4?src=embed,2022,Developing Africa and the Middle East,long,total,49.284,US$ m,
ISD 2023,ISD 2023 Infogram https://e.infogram.com/1733fec4-2e19-4caf-894b-9c1847e2a9a4?src=embed,2023,Developing Africa and the Middle East,long,equities,42.952,US$ m,
ISD 2023,ISD 2023 Infogram https://e.infogram.com/1733fec4-2e19-4caf-894b-9c1847e2a9a4?src=embed,2022,Developing Africa and the Middle East,long,equities,40.8,US$ m,
ISD 2023,ISD 2023 Infogram https://e.infogram.com/1733fec4-2e19-4caf-894b-9c1847e2a9a4?src=embed,2023,Developing Africa and the Middle East,long,master_funds,1.863,US$ m,
ISD 2023,ISD 2023 Infogram https://e.infogram.com/1733fec4-2e19-4caf-894b-9c1847e2a9a4?src=embed,2022,Developing Africa and the Middle East,long,master_funds,1.881,US$ m,
ISD 2023,ISD 2023 Infogram https://e.infogram.com/1733fec4-2e19-4caf-894b-9c1847e2a9a4?src=embed,2023,Developing Africa and the Middle East,long,st_debt,0.964,US$ m,
ISD 2023,ISD 2023 Infogram https://e.infogram.com/1733fec4-2e19-4caf-894b-9c1847e2a9a4?src=embed,2022,Developing Africa and the Middle East,long,st_debt,1.879,US$ m,
ISD 2023,ISD 2023 Infogram https://e.infogram.com/1733fec4-2e19-4caf-894b-9c1847e2a9a4?src=embed,2023,Developing Africa and the Middle East,long,lt_debt,7.19,US$ m,
ISD 2023,ISD 2023 Infogram https://e.infogram.com/1733fec4-2e19-4caf-894b-9c1847e2a9a4?src=embed,2022,Developing Africa and the Middle East,long,lt_debt,4.724,US$ m,
ISD 2023,ISD 2023 Infogram https://e.infogram.com/1733fec4-2e19-4caf-894b-9c1847e2a9a4?src=embed,2023,Developing Latin America and the Caribbean,long,total,45.628,US$ m,
ISD 2023,ISD 2023 Infogram https://e.infogram.com/1733fec4-2e19-4caf-894b-9c1847e2a9a4?src=embed,2022,Developing Latin America and the Caribbean,long,total,37.899,US$ m,
ISD 2023,ISD 2023 Infogram https://e.infogram.com/1733fec4-2e19-4caf-894b-9c1847e2a9a4?src=embed,2023,Developing Latin America and the Caribbean,long,equities,27.979,US$ m,
ISD 2023,ISD 2023 Infogram https://e.infogram.com/1733fec4-2e19-4caf-894b-9c1847e2a9a4?src=embed,2022,Developing Latin America and the Caribbean,long,equities,23.622,US$ m,
ISD 2023,ISD 2023 Infogram https://e.infogram.com/1733fec4-2e19-4caf-894b-9c1847e2a9a4?src=embed,2023,Developing Latin America and the Caribbean,long,master_funds,0.872,US$ m,
ISD 2023,ISD 2023 Infogram https://e.infogram.com/1733fec4-2e19-4caf-894b-9c1847e2a9a4?src=embed,2022,Developing Latin America and the Caribbean,long,master_funds,0.411,US$ m,
ISD 2023,ISD 2023 Infogram https://e.infogram.com/1733fec4-2e19-4caf-894b-9c1847e2a9a4?src=embed,2023,Developing Latin America and the Caribbean,long,st_debt,0.875,US$ m,
ISD 2023,ISD 2023 Infogram https://e.infogram.com/1733fec4-2e19-4caf-894b-9c1847e2a9a4?src=embed,2022,Developing Latin America and the Caribbean,long,st_debt,0.838,US$ m,
ISD 2023,ISD 2023 Infogram https://e.infogram.com/1733fec4-2e19-4caf-894b-9c1847e2a9a4?src=embed,2023,Developing Latin America and the Caribbean,long,lt_debt,15.902,US$ m,
ISD 2023,ISD 2023 Infogram https://e.infogram.com/1733fec4-2e19-4caf-894b-9c1847e2a9a4?src=embed,2022,Developing Latin America and the Caribbean,long,lt_debt,13.028,US$ m,
ISD 2023,ISD 2023 Infogram https://e.infogram.com/1733fec4-2e19-4caf-894b-9c1847e2a9a4?src=embed,2023,Hong Kong,long,total,37.556,US$ m,
ISD 2023,ISD 2023 Infogram https://e.infogram.com/1733fec4-2e19-4caf-894b-9c1847e2a9a4?src=embed,2022,Hong Kong,long,total,42.195,US$ m,
ISD 2023,ISD 2023 Infogram https://e.infogram.com/1733fec4-2e19-4caf-894b-9c1847e2a9a4?src=embed,2023,Hong Kong,long,equities,33.069,US$ m,
ISD 2023,ISD 2023 Infogram https://e.infogram.com/1733fec4-2e19-4caf-894b-9c1847e2a9a4?src=embed,2022,Hong Kong,long,equities,37.869,US$ m,
ISD 2023,ISD 2023 Infogram https://e.infogram.com/1733fec4-2e19-4caf-894b-9c1847e2a9a4?src=embed,2023,Hong Kong,long,master_funds,0.018,US$ m,
ISD 2023,ISD 2023 Infogram https://e.infogram.com/1733fec4-2e19-4caf-894b-9c1847e2a9a4?src=embed,2022,Hong Kong,long,master_funds,0.129,US$ m,
ISD 2023,ISD 2023 Infogram https://e.infogram.com/1733fec4-2e19-4caf-894b-9c1847e2a9a4?src=embed,2023,Hong Kong,long,st_debt,0.706,US$ m,
ISD 2023,ISD 2023 Infogram https://e.infogram.com/1733fec4-2e19-4caf-894b-9c1847e2a9a4?src=embed,2022,Hong Kong,long,st_debt,0.703,US$ m,
ISD 2023,ISD 2023 Infogram https://e.infogram.com/1733fec4-2e19-4caf-894b-9c1847e2a9a4?src=embed,2023,Hong Kong,long,lt_debt,3.763,US$ m,
ISD 2023,ISD 2023 Infogram https://e.infogram.com/1733fec4-2e19-4caf-894b-9c1847e2a9a4?src=embed,2022,Hong Kong,long,lt_debt,3.494,US$ m,
ISD 2023,ISD 2023 Infogram https://e.infogram.com/1733fec4-2e19-4caf-894b-9c1847e2a9a4?src=embed,2023,Developing Europe,long,total,15.054,US$ m,
ISD 2023,ISD 2023 Infogram https://e.infogram.com/1733fec4-2e19-4caf-894b-9c1847e2a9a4?src=embed,2022,Developing Europe,long,total,11.552,US$ m,
ISD 2023,ISD 2023 Infogram https://e.infogram.com/1733fec4-2e19-4caf-894b-9c1847e2a9a4?src=embed,2023,Developing Europe,long,equities,9.668,US$ m,
ISD 2023,ISD 2023 Infogram https://e.infogram.com/1733fec4-2e19-4caf-894b-9c1847e2a9a4?src=embed,2022,Developing Europe,long,equities,9.563,US$ m,
ISD 2023,ISD 2023 Infogram https://e.infogram.com/1733fec4-2e19-4caf-894b-9c1847e2a9a4?src=embed,2023,Developing Europe,long,master_funds,0.093,US$ m,
ISD 2023,ISD 2023 Infogram https://e.infogram.com/1733fec4-2e19-4caf-894b-9c1847e2a9a4?src=embed,2022,Developing Europe,long,master_funds,0.446,US$ m,
ISD 2023,ISD 2023 Infogram https://e.infogram.com/1733fec4-2e19-4caf-894b-9c1847e2a9a4?src=embed,2023,Developing Europe,long,st_debt,0.048,US$ m,
ISD 2023,ISD 2023 Infogram https://e.infogram.com/1733fec4-2e19-4caf-894b-9c1847e2a9a4?src=embed,2022,Developing Europe,long,st_debt,0.005,US$ m,
ISD 2023,ISD 2023 Infogram https://e.infogram.com/1733fec4-2e19-4caf-894b-9c1847e2a9a4?src=embed,2023,Developing Europe,long,lt_debt,5.245,US$ m,
ISD 2023,ISD 2023 Infogram https://e.infogram.com/1733fec4-2e19-4caf-894b-9c1847e2a9a4?src=embed,2022,Developing Europe,long,lt_debt,1.538,US$ m,
ISD 2023,ISD 2023 Infogram https://e.infogram.com/1733fec4-2e19-4caf-894b-9c1847e2a9a4?src=embed,2023,Total,long,total,7801.139,US$ m,
ISD 2023,ISD 2023 Infogram https://e.infogram.com/1733fec4-2e19-4caf-894b-9c1847e2a9a4?src=embed,2022,Total,long,total,6637.72,US$ m,
ISD 2023,ISD 2023 Infogram https://e.infogram.com/1733fec4-2e19-4caf-894b-9c1847e2a9a4?src=embed,2023,Total,long,equities,3025.384,US$ m,
ISD 2023,ISD 2023 Infogram https://e.infogram.com/1733fec4-2e19-4caf-894b-9c1847e2a9a4?src=embed,2022,Total,long,equities,2762.154,US$ m,
ISD 2023,ISD 2023 Infogram https://e.infogram.com/1733fec4-2e19-4caf-894b-9c1847e2a9a4?src=embed,2023,Total,long,master_funds,2240.27,US$ m,
ISD 2023,ISD 2023 Infogram https://e.infogram.com/1733fec4-2e19-4caf-894b-9c1847e2a9a4?src=embed,2022,Total,long,master_funds,2095.922,US$ m,
ISD 2023,ISD 2023 Infogram https://e.infogram.com/1733fec4-2e19-4caf-894b-9c1847e2a9a4?src=embed,2023,Total,long,st_debt,334.022,US$ m,
ISD 2023,ISD 2023 Infogram https://e.infogram.com/1733fec4-2e19-4caf-894b-9c1847e2a9a4?src=embed,2022,Total,long,st_debt,326.747,US$ m,
ISD 2023,ISD 2023 Infogram https://e.infogram.com/1733fec4-2e19-4caf-894b-9c1847e2a9a4?src=embed,2023,Total,long,lt_debt,2201.463,US$ m,
ISD 2023,ISD 2023 Infogram https://e.infogram.com/1733fec4-2e19-4caf-894b-9c1847e2a9a4?src=embed,2022,Total,long,lt_debt,1452.897,US$ m,
ISD 2023,ISD 2023 Infogram https://e.infogram.com/1733fec4-2e19-4caf-894b-9c1847e2a9a4?src=embed,2023,United States,short,total,-153.897,US$ m,
ISD 2023,ISD 2023 Infogram https://e.infogram.com/1733fec4-2e19-4caf-894b-9c1847e2a9a4?src=embed,2022,United States,short,total,-137.774,US$ m,
ISD 2023,ISD 2023 Infogram https://e.infogram.com/1733fec4-2e19-4caf-894b-9c1847e2a9a4?src=embed,2023,United States,short,equities,-33.136,US$ m,
ISD 2023,ISD 2023 Infogram https://e.infogram.com/1733fec4-2e19-4caf-894b-9c1847e2a9a4?src=embed,2022,United States,short,equities,-33.641,US$ m,
ISD 2023,ISD 2023 Infogram https://e.infogram.com/1733fec4-2e19-4caf-894b-9c1847e2a9a4?src=embed,2023,United States,short,st_debt,-112.499,US$ m,
ISD 2023,ISD 2023 Infogram https://e.infogram.com/1733fec4-2e19-4caf-894b-9c1847e2a9a4?src=embed,2022,United States,short,st_debt,-87.832,US$ m,
ISD 2023,ISD 2023 Infogram https://e.infogram.com/1733fec4-2e19-4caf-894b-9c1847e2a9a4?src=embed,2023,United States,short,lt_debt,-8.262,US$ m,
ISD 2023,ISD 2023 Infogram https://e.infogram.com/1733fec4-2e19-4caf-894b-9c1847e2a9a4?src=embed,2022,United States,short,lt_debt,-16.301,US$ m,
ISD 2023,ISD 2023 Infogram https://e.infogram.com/1733fec4-2e19-4caf-894b-9c1847e2a9a4?src=embed,2023,Germany,short,total,-110.271,US$ m,
ISD 2023,ISD 2023 Infogram https://e.infogram.com/1733fec4-2e19-4caf-894b-9c1847e2a9a4?src=embed,2022,Germany,short,total,-173.695,US$ m,
ISD 2023,ISD 2023 Infogram https://e.infogram.com/1733fec4-2e19-4caf-894b-9c1847e2a9a4?src=embed,2023,Germany,short,equities,-0.597,US$ m,
ISD 2023,ISD 2023 Infogram https://e.infogram.com/1733fec4-2e19-4caf-894b-9c1847e2a9a4?src=embed,2022,Germany,short,equities,-0.601,US$ m,
ISD 2023,ISD 2023 Infogram https://e.infogram.com/1733fec4-2e19-4caf-894b-9c1847e2a9a4?src=embed,2023,Germany,short,st_debt,-19.163,US$ m,
ISD 2023,ISD 2023 Infogram https://e.infogram.com/1733fec4-2e19-4caf-894b-9c1847e2a9a4?src=embed,2022,Germany,short,st_debt,-9.371,US$ m,
ISD 2023,ISD 2023 Infogram https://e.infogram.com/1733fec4-2e19-4caf-894b-9c1847e2a9a4?src=embed,2023,Germany,short,lt_debt,-90.511,US$ m,
ISD 2023,ISD 2023 Infogram https://e.infogram.com/1733fec4-2e19-4caf-894b-9c1847e2a9a4?src=embed,2022,Germany,short,lt_debt,-163.723,US$ m,
ISD 2023,ISD 2023 Infogram https://e.infogram.com/1733fec4-2e19-4caf-894b-9c1847e2a9a4?src=embed,2023,Japan,short,total,-77.944,US$ m,
ISD 2023,ISD 2023 Infogram https://e.infogram.com/1733fec4-2e19-4caf-894b-9c1847e2a9a4?src=embed,2022,Japan,short,total,-34.999,US$ m,
ISD 2023,ISD 2023 Infogram https://e.infogram.com/1733fec4-2e19-4caf-894b-9c1847e2a9a4?src=embed,2023,Japan,short,equities,-0.539,US$ m,
ISD 2023,ISD 2023 Infogram https://e.infogram.com/1733fec4-2e19-4caf-894b-9c1847e2a9a4?src=embed,2022,Japan,short,equities,-0.236,US$ m,
ISD 2023,ISD 2023 Infogram https://e.infogram.com/1733fec4-2e19-4caf-894b-9c1847e2a9a4?src=embed,2023,Japan,short,st_debt,-4.334,US$ m,
ISD 2023,ISD 2023 Infogram https://e.infogram.com/1733fec4-2e19-4caf-894b-9c1847e2a9a4?src=embed,2022,Japan,short,st_debt,-5.74,US$ m,
ISD 2023,ISD 2023 Infogram https://e.infogram.com/1733fec4-2e19-4caf-894b-9c1847e2a9a4?src=embed,2023,Japan,short,lt_debt,-73.071,US$ m,
ISD 2023,ISD 2023 Infogram https://e.infogram.com/1733fec4-2e19-4caf-894b-9c1847e2a9a4?src=embed,2022,Japan,short,lt_debt,-29.023,US$ m,
ISD 2023,ISD 2023 Infogram https://e.infogram.com/1733fec4-2e19-4caf-894b-9c1847e2a9a4?src=embed,2023,Other Developed Countries,short,total,-70.669,US$ m,
ISD 2023,ISD 2023 Infogram https://e.infogram.com/1733fec4-2e19-4caf-894b-9c1847e2a9a4?src=embed,2022,Other Developed Countries,short,total,-74.986,US$ m,
ISD 2023,ISD 2023 Infogram https://e.infogram.com/1733fec4-2e19-4caf-894b-9c1847e2a9a4?src=embed,2023,Other Developed Countries,short,equities,-1.8,US$ m,
ISD 2023,ISD 2023 Infogram https://e.infogram.com/1733fec4-2e19-4caf-894b-9c1847e2a9a4?src=embed,2022,Other Developed Countries,short,equities,-1.686,US$ m,
ISD 2023,ISD 2023 Infogram https://e.infogram.com/1733fec4-2e19-4caf-894b-9c1847e2a9a4?src=embed,2023,Other Developed Countries,short,st_debt,-35.055,US$ m,
ISD 2023,ISD 2023 Infogram https://e.infogram.com/1733fec4-2e19-4caf-894b-9c1847e2a9a4?src=embed,2022,Other Developed Countries,short,st_debt,-24.451,US$ m,
ISD 2023,ISD 2023 Infogram https://e.infogram.com/1733fec4-2e19-4caf-894b-9c1847e2a9a4?src=embed,2023,Other Developed Countries,short,lt_debt,-33.814,US$ m,
ISD 2023,ISD 2023 Infogram https://e.infogram.com/1733fec4-2e19-4caf-894b-9c1847e2a9a4?src=embed,2022,Other Developed Countries,short,lt_debt,-48.849,US$ m,
ISD 2023,ISD 2023 Infogram https://e.infogram.com/1733fec4-2e19-4caf-894b-9c1847e2a9a4?src=embed,2023,France,short,total,-57.929,US$ m,
ISD 2023,ISD 2023 Infogram https://e.infogram.com/1733fec4-2e19-4caf-894b-9c1847e2a9a4?src=embed,2022,France,short,total,-68.602,US$ m,
ISD 2023,ISD 2023 Infogram https://e.infogram.com/1733fec4-2e19-4caf-894b-9c1847e2a9a4?src=embed,2023,France,short,equities,-0.022,US$ m,
ISD 2023,ISD 2023 Infogram https://e.infogram.com/1733fec4-2e19-4caf-894b-9c1847e2a9a4?src=embed,2022,France,short,equities,-0.199,US$ m,
ISD 2023,ISD 2023 Infogram https://e.infogram.com/1733fec4-2e19-4caf-894b-9c1847e2a9a4?src=embed,2023,France,short,st_debt,-16.713,US$ m,
ISD 2023,ISD 2023 Infogram https://e.infogram.com/1733fec4-2e19-4caf-894b-9c1847e2a9a4?src=embed,2022,France,short,st_debt,-12.917,US$ m,
ISD 2023,ISD 2023 Infogram https://e.infogram.com/1733fec4-2e19-4caf-894b-9c1847e2a9a4?src=embed,2023,France,short,lt_debt,-41.194,US$ m,
ISD 2023,ISD 2023 Infogram https://e.infogram.com/1733fec4-2e19-4caf-894b-9c1847e2a9a4?src=embed,2022,France,short,lt_debt,-55.486,US$ m,
ISD 2023,ISD 2023 Infogram https://e.infogram.com/1733fec4-2e19-4caf-894b-9c1847e2a9a4?src=embed,2023,United Kingdom,short,total,-35.606,US$ m,
ISD 2023,ISD 2023 Infogram https://e.infogram.com/1733fec4-2e19-4caf-894b-9c1847e2a9a4?src=embed,2022,United Kingdom,short,total,-39.067,US$ m,
ISD 2023,ISD 2023 Infogram https://e.infogram.com/1733fec4-2e19-4caf-894b-9c1847e2a9a4?src=embed,2023,United Kingdom,short,equities,-0.271,US$ m,
ISD 2023,ISD 2023 Infogram https://e.infogram.com/1733fec4-2e19-4caf-894b-9c1847e2a9a4?src=embed,2022,United Kingdom,short,equities,-1.668,US$ m,
ISD 2023,ISD 2023 Infogram https://e.infogram.com/1733fec4-2e19-4caf-894b-9c1847e2a9a4?src=embed,2023,United Kingdom,short,st_debt,-15.534,US$ m,
ISD 2023,ISD 2023 Infogram https://e.infogram.com/1733fec4-2e19-4caf-894b-9c1847e2a9a4?src=embed,2022,United Kingdom,short,st_debt,-14.145,US$ m,
ISD 2023,ISD 2023 Infogram https://e.infogram.com/1733fec4-2e19-4caf-894b-9c1847e2a9a4?src=embed,2023,United Kingdom,short,lt_debt,-19.801,US$ m,
ISD 2023,ISD 2023 Infogram https://e.infogram.com/1733fec4-2e19-4caf-894b-9c1847e2a9a4?src=embed,2022,United Kingdom,short,lt_debt,-23.254,US$ m,
ISD 2023,ISD 2023 Infogram https://e.infogram.com/1733fec4-2e19-4caf-894b-9c1847e2a9a4?src=embed,2023,Canada,short,total,-14.583,US$ m,
ISD 2023,ISD 2023 Infogram https://e.infogram.com/1733fec4-2e19-4caf-894b-9c1847e2a9a4?src=embed,2022,Canada,short,total,-18.37,US$ m,
ISD 2023,ISD 2023 Infogram https://e.infogram.com/1733fec4-2e19-4caf-894b-9c1847e2a9a4?src=embed,2023,Canada,short,equities,-5.706,US$ m,
ISD 2023,ISD 2023 Infogram https://e.infogram.com/1733fec4-2e19-4caf-894b-9c1847e2a9a4?src=embed,2022,Canada,short,equities,-3.805,US$ m,
ISD 2023,ISD 2023 Infogram https://e.infogram.com/1733fec4-2e19-4caf-894b-9c1847e2a9a4?src=embed,2023,Canada,short,st_debt,-4.565,US$ m,
ISD 2023,ISD 2023 Infogram https://e.infogram.com/1733fec4-2e19-4caf-894b-9c1847e2a9a4?src=embed,2022,Canada,short,st_debt,-5.969,US$ m,
ISD 2023,ISD 2023 Infogram https://e.infogram.com/1733fec4-2e19-4caf-894b-9c1847e2a9a4?src=embed,2023,Canada,short,lt_debt,-4.312,US$ m,
ISD 2023,ISD 2023 Infogram https://e.infogram.com/1733fec4-2e19-4caf-894b-9c1847e2a9a4?src=embed,2022,Canada,short,lt_debt,-8.596,US$ m,
ISD 2023,ISD 2023 Infogram https://e.infogram.com/1733fec4-2e19-4caf-894b-9c1847e2a9a4?src=embed,2023,Netherlands,short,total,-3.757,US$ m,
ISD 2023,ISD 2023 Infogram https://e.infogram.com/1733fec4-2e19-4caf-894b-9c1847e2a9a4?src=embed,2022,Netherlands,short,total,-6.613,US$ m,
ISD 2023,ISD 2023 Infogram https://e.infogram.com/1733fec4-2e19-4caf-894b-9c1847e2a9a4?src=embed,2023,Netherlands,short,equities,-0.13,US$ m,
ISD 2023,ISD 2023 Infogram https://e.infogram.com/1733fec4-2e19-4caf-894b-9c1847e2a9a4?src=embed,2022,Netherlands,short,equities,-0.056,US$ m,
ISD 2023,ISD 2023 Infogram https://e.infogram.com/1733fec4-2e19-4caf-894b-9c1847e2a9a4?src=embed,2023,Netherlands,short,st_debt,-3.601,US$ m,
ISD 2023,ISD 2023 Infogram https://e.infogram.com/1733fec4-2e19-4caf-894b-9c1847e2a9a4?src=embed,2022,Netherlands,short,st_debt,-3.441,US$ m,
ISD 2023,ISD 2023 Infogram https://e.infogram.com/1733fec4-2e19-4caf-894b-9c1847e2a9a4?src=embed,2023,Netherlands,short,lt_debt,-0.026,US$ m,
ISD 2023,ISD 2023 Infogram https://e.infogram.com/1733fec4-2e19-4caf-894b-9c1847e2a9a4?src=embed,2022,Netherlands,short,lt_debt,-3.116,US$ m,
ISD 2023,ISD 2023 Infogram https://e.infogram.com/1733fec4-2e19-4caf-894b-9c1847e2a9a4?src=embed,2023,China,short,total,-1.096,US$ m,
ISD 2023,ISD 2023 Infogram https://e.infogram.com/1733fec4-2e19-4caf-894b-9c1847e2a9a4?src=embed,2022,China,short,total,-0.905,US$ m,
ISD 2023,ISD 2023 Infogram https://e.infogram.com/1733fec4-2e19-4caf-894b-9c1847e2a9a4?src=embed,2023,China,short,equities,-0.981,US$ m,
ISD 2023,ISD 2023 Infogram https://e.infogram.com/1733fec4-2e19-4caf-894b-9c1847e2a9a4?src=embed,2022,China,short,equities,-0.546,US$ m,
ISD 2023,ISD 2023 Infogram https://e.infogram.com/1733fec4-2e19-4caf-894b-9c1847e2a9a4?src=embed,2023,China,short,st_debt,-0.11,US$ m,
ISD 2023,ISD 2023 Infogram https://e.infogram.com/1733fec4-2e19-4caf-894b-9c1847e2a9a4?src=embed,2022,China,short,st_debt,-0.266,US$ m,
ISD 2023,ISD 2023 Infogram https://e.infogram.com/1733fec4-2e19-4caf-894b-9c1847e2a9a4?src=embed,2023,China,short,lt_debt,-0.005,US$ m,
ISD 2023,ISD 2023 Infogram https://e.infogram.com/1733fec4-2e19-4caf-894b-9c1847e2a9a4?src=embed,2022,China,short,lt_debt,-0.093,US$ m,
ISD 2023,ISD 2023 Infogram https://e.infogram.com/1733fec4-2e19-4caf-894b-9c1847e2a9a4?src=embed,2023,Hong Kong,short,total,-0.778,US$ m,
ISD 2023,ISD 2023 Infogram https://e.infogram.com/1733fec4-2e19-4caf-894b-9c1847e2a9a4?src=embed,2022,Hong Kong,short,total,-0.842,US$ m,
ISD 2023,ISD 2023 Infogram https://e.infogram.com/1733fec4-2e19-4caf-894b-9c1847e2a9a4?src=embed,2023,Hong Kong,short,equities,-0.728,US$ m,
ISD 2023,ISD 2023 Infogram https://e.infogram.com/1733fec4-2e19-4caf-894b-9c1847e2a9a4?src=embed,2022,Hong Kong,short,equities,-0.701,US$ m,
ISD 2023,ISD 2023 Infogram https://e.infogram.com/1733fec4-2e19-4caf-894b-9c1847e2a9a4?src=embed,2023,Hong Kong,short,st_debt,-0.022,US$ m,
ISD 2023,ISD 2023 Infogram https://e.infogram.com/1733fec4-2e19-4caf-894b-9c1847e2a9a4?src=embed,2022,Hong Kong,short,st_debt,-0.077,US$ m,
ISD 2023,ISD 2023 Infogram https://e.infogram.com/1733fec4-2e19-4caf-894b-9c1847e2a9a4?src=embed,2023,Hong Kong,short,lt_debt,-0.028,US$ m,
ISD 2023,ISD 2023 Infogram https://e.infogram.com/1733fec4-2e19-4caf-894b-9c1847e2a9a4?src=embed,2022,Hong Kong,short,lt_debt,-0.064,US$ m,
ISD 2023,ISD 2023 Infogram https://e.infogram.com/1733fec4-2e19-4caf-894b-9c1847e2a9a4?src=embed,2023,Developing Asia and the Pacific,short,total,-0.709,US$ m,
ISD 2023,ISD 2023 Infogram https://e.infogram.com/1733fec4-2e19-4caf-894b-9c1847e2a9a4?src=embed,2022,Developing Asia and the Pacific,short,total,-0.216,US$ m,
ISD 2023,ISD 2023 Infogram https://e.infogram.com/1733fec4-2e19-4caf-894b-9c1847e2a9a4?src=embed,2023,Developing Asia and the Pacific,short,equities,-0.001,US$ m,
ISD 2023,ISD 2023 Infogram https://e.infogram.com/1733fec4-2e19-4caf-894b-9c1847e2a9a4?src=embed,2022,Developing Asia and the Pacific,short,equities,-0.001,US$ m,
ISD 2023,ISD 2023 Infogram https://e.infogram.com/1733fec4-2e19-4caf-894b-9c1847e2a9a4?src=embed,2023,Developing Asia and the Pacific,short,st_debt,-0.185,US$ m,
ISD 2023,ISD 2023 Infogram https://e.infogram.com/1733fec4-2e19-4caf-894b-9c1847e2a9a4?src=embed,2022,Developing Asia and the Pacific,short,st_debt,-0.195,US$ m,
ISD 2023,ISD 2023 Infogram https://e.infogram.com/1733fec4-2e19-4caf-894b-9c1847e2a9a4?src=embed,2023,Developing Asia and the Pacific,short,lt_debt,-0.523,US$ m,
ISD 2023,ISD 2023 Infogram https://e.infogram.com/1733fec4-2e19-4caf-894b-9c1847e2a9a4?src=embed,2022,Developing Asia and the Pacific,short,lt_debt,-0.02,US$ m,
ISD 2023,ISD 2023 Infogram https://e.infogram.com/1733fec4-2e19-4caf-894b-9c1847e2a9a4?src=embed,2023,Ireland,short,total,-0.559,US$ m,
ISD 2023,ISD 2023 Infogram https://e.infogram.com/1733fec4-2e19-4caf-894b-9c1847e2a9a4?src=embed,2022,Ireland,short,total,-0.81,US$ m,
ISD 2023,ISD 2023 Infogram https://e.infogram.com/1733fec4-2e19-4caf-894b-9c1847e2a9a4?src=embed,2023,Ireland,short,equities,-0.462,US$ m,
ISD 2023,ISD 2023 Infogram https://e.infogram.com/1733fec4-2e19-4caf-894b-9c1847e2a9a4?src=embed,2022,Ireland,short,equities,-0.752,US$ m,
ISD 2023,ISD 2023 Infogram https://e.infogram.com/1733fec4-2e19-4caf-894b-9c1847e2a9a4?src=embed,2023,Ireland,short,st_debt,-0.001,US$ m,
ISD 2023,ISD 2023 Infogram https://e.infogram.com/1733fec4-2e19-4caf-894b-9c1847e2a9a4?src=embed,2023,Ireland,short,lt_debt,-0.096,US$ m,
ISD 2023,ISD 2023 Infogram https://e.infogram.com/1733fec4-2e19-4caf-894b-9c1847e2a9a4?src=embed,2022,Ireland,short,lt_debt,-0.058,US$ m,
ISD 2023,ISD 2023 Infogram https://e.infogram.com/1733fec4-2e19-4caf-894b-9c1847e2a9a4?src=embed,2023,Cayman Islands,short,total,-0.526,US$ m,
ISD 2023,ISD 2023 Infogram https://e.infogram.com/1733fec4-2e19-4caf-894b-9c1847e2a9a4?src=embed,2022,Cayman Islands,short,total,-0.902,US$ m,
ISD 2023,ISD 2023 Infogram https://e.infogram.com/1733fec4-2e19-4caf-894b-9c1847e2a9a4?src=embed,2023,Cayman Islands,short,equities,-0.261,US$ m,
ISD 2023,ISD 2023 Infogram https://e.infogram.com/1733fec4-2e19-4caf-894b-9c1847e2a9a4?src=embed,2022,Cayman Islands,short,equities,-0.103,US$ m,
ISD 2023,ISD 2023 Infogram https://e.infogram.com/1733fec4-2e19-4caf-894b-9c1847e2a9a4?src=embed,2023,Cayman Islands,short,st_debt,-0.056,US$ m,
ISD 2023,ISD 2023 Infogram https://e.infogram.com/1733fec4-2e19-4caf-894b-9c1847e2a9a4?src=embed,2022,Cayman Islands,short,st_debt,-0.543,US$ m,
ISD 2023,ISD 2023 Infogram https://e.infogram.com/1733fec4-2e19-4caf-894b-9c1847e2a9a4?src=embed,2023,Cayman Islands,short,lt_debt,-0.209,US$ m,
ISD 2023,ISD 2023 Infogram https://e.infogram.com/1733fec4-2e19-4caf-894b-9c1847e2a9a4?src=embed,2022,Cayman Islands,short,lt_debt,-0.256,US$ m,
ISD 2023,ISD 2023 Infogram https://e.infogram.com/1733fec4-2e19-4caf-894b-9c1847e2a9a4?src=embed,2023,Developing Latin America and the Caribbean,short,total,-0.431,US$ m,
ISD 2023,ISD 2023 Infogram https://e.infogram.com/1733fec4-2e19-4caf-894b-9c1847e2a9a4?src=embed,2022,Developing Latin America and the Caribbean,short,total,-0.398,US$ m,
ISD 2023,ISD 2023 Infogram https://e.infogram.com/1733fec4-2e19-4caf-894b-9c1847e2a9a4?src=embed,2023,Developing Latin America and the Caribbean,short,equities,-0.221,US$ m,
ISD 2023,ISD 2023 Infogram https://e.infogram.com/1733fec4-2e19-4caf-894b-9c1847e2a9a4?src=embed,2022,Developing Latin America and the Caribbean,short,equities,-0.074,US$ m,
ISD 2023,ISD 2023 Infogram https://e.infogram.com/1733fec4-2e19-4caf-894b-9c1847e2a9a4?src=embed,2023,Developing Latin America and the Caribbean,short,st_debt,-0.007,US$ m,
ISD 2023,ISD 2023 Infogram https://e.infogram.com/1733fec4-2e19-4caf-894b-9c1847e2a9a4?src=embed,2022,Developing Latin America and the Caribbean,short,st_debt,-0.227,US$ m,
ISD 2023,ISD 2023 Infogram https://e.infogram.com/1733fec4-2e19-4caf-894b-9c1847e2a9a4?src=embed,2023,Developing Latin America and the Caribbean,short,lt_debt,-0.203,US$ m,
ISD 2023,ISD 2023 Infogram https://e.infogram.com/1733fec4-2e19-4caf-894b-9c1847e2a9a4?src=embed,2022,Developing Latin America and the Caribbean,short,lt_debt,-0.097,US$ m,
ISD 2023,ISD 2023 Infogram https://e.infogram.com/1733fec4-2e19-4caf-894b-9c1847e2a9a4?src=embed,2023,Developing Africa and the Middle East,short,total,-0.426,US$ m,
ISD 2023,ISD 2023 Infogram https://e.infogram.com/1733fec4-2e19-4caf-894b-9c1847e2a9a4?src=embed,2022,Developing Africa and the Middle East,short,total,-0.054,US$ m,
ISD 2023,ISD 2023 Infogram https://e.infogram.com/1733fec4-2e19-4caf-894b-9c1847e2a9a4?src=embed,2023,Developing Africa and the Middle East,short,equities,-0.116,US$ m,
ISD 2023,ISD 2023 Infogram https://e.infogram.com/1733fec4-2e19-4caf-894b-9c1847e2a9a4?src=embed,2022,Developing Africa and the Middle East,short,equities,-0.029,US$ m,
ISD 2023,ISD 2023 Infogram https://e.infogram.com/1733fec4-2e19-4caf-894b-9c1847e2a9a4?src=embed,2023,Developing Africa and the Middle East,short,st_debt,-0.282,US$ m,
ISD 2023,ISD 2023 Infogram https://e.infogram.com/1733fec4-2e19-4caf-894b-9c1847e2a9a4?src=embed,2022,Developing Africa and the Middle East,short,st_debt,-0.024,US$ m,
ISD 2023,ISD 2023 Infogram https://e.infogram.com/1733fec4-2e19-4caf-894b-9c1847e2a9a4?src=embed,2023,Developing Africa and the Middle East,short,lt_debt,-0.028,US$ m,
ISD 2023,ISD 2023 Infogram https://e.infogram.com/1733fec4-2e19-4caf-894b-9c1847e2a9a4?src=embed,2022,Developing Africa and the Middle East,short,lt_debt,-0.001,US$ m,
ISD 2023,ISD 2023 Infogram https://e.infogram.com/1733fec4-2e19-4caf-894b-9c1847e2a9a4?src=embed,2023,Developing Europe,short,total,-0.179,US$ m,
ISD 2023,ISD 2023 Infogram https://e.infogram.com/1733fec4-2e19-4caf-894b-9c1847e2a9a4?src=embed,2022,Developing Europe,short,total,-0.361,US$ m,
ISD 2023,ISD 2023 Infogram https://e.infogram.com/1733fec4-2e19-4caf-894b-9c1847e2a9a4?src=embed,2022,Developing Europe,short,st_debt,-0.082,US$ m,
ISD 2023,ISD 2023 Infogram https://e.infogram.com/1733fec4-2e19-4caf-894b-9c1847e2a9a4?src=embed,2023,Developing Europe,short,lt_debt,-0.179,US$ m,
ISD 2023,ISD 2023 Infogram https://e.infogram.com/1733fec4-2e19-4caf-894b-9c1847e2a9a4?src=embed,2022,Developing Europe,short,lt_debt,-0.279,US$ m,
ISD 2023,ISD 2023 Infogram https://e.infogram.com/1733fec4-2e19-4caf-894b-9c1847e2a9a4?src=embed,2023,Other Offshore Centres,short,total,-0.1,US$ m,
ISD 2023,ISD 2023 Infogram https://e.infogram.com/1733fec4-2e19-4caf-894b-9c1847e2a9a4?src=embed,2022,Other Offshore Centres,short,total,-0.204,US$ m,
ISD 2023,ISD 2023 Infogram https://e.infogram.com/1733fec4-2e19-4caf-894b-9c1847e2a9a4?src=embed,2023,Other Offshore Centres,short,equities,-0.09,US$ m,
ISD 2023,ISD 2023 Infogram https://e.infogram.com/1733fec4-2e19-4caf-894b-9c1847e2a9a4?src=embed,2022,Other Offshore Centres,short,equities,-0.195,US$ m,
ISD 2023,ISD 2023 Infogram https://e.infogram.com/1733fec4-2e19-4caf-894b-9c1847e2a9a4?src=embed,2023,Other Offshore Centres,short,st_debt,-0.008,US$ m,
ISD 2023,ISD 2023 Infogram https://e.infogram.com/1733fec4-2e19-4caf-894b-9c1847e2a9a4?src=embed,2022,Other Offshore Centres,short,st_debt,-0.009,US$ m,
ISD 2023,ISD 2023 Infogram https://e.infogram.com/1733fec4-2e19-4caf-894b-9c1847e2a9a4?src=embed,2023,Other Offshore Centres,short,lt_debt,-0.002,US$ m,
ISD 2023,ISD 2023 Infogram https://e.infogram.com/1733fec4-2e19-4caf-894b-9c1847e2a9a4?src=embed,2023,Total,short,total,-529.46,US$ m,
ISD 2023,ISD 2023 Infogram https://e.infogram.com/1733fec4-2e19-4caf-894b-9c1847e2a9a4?src=embed,2022,Total,short,total,-558.798,US$ m,
ISD 2023,ISD 2023 Infogram https://e.infogram.com/1733fec4-2e19-4caf-894b-9c1847e2a9a4?src=embed,2023,Total,short,equities,-45.061,US$ m,
ISD 2023,ISD 2023 Infogram https://e.infogram.com/1733fec4-2e19-4caf-894b-9c1847e2a9a4?src=embed,2022,Total,short,equities,-44.293,US$ m,
ISD 2023,ISD 2023 Infogram https://e.infogram.com/1733fec4-2e19-4caf-894b-9c1847e2a9a4?src=embed,2023,Total,short,st_debt,-212.135,US$ m,
ISD 2023,ISD 2023 Infogram https://e.infogram.com/1733fec4-2e19-4caf-894b-9c1847e2a9a4?src=embed,2022,Total,short,st_debt,-165.289,US$ m,
ISD 2023,ISD 2023 Infogram https://e.infogram.com/1733fec4-2e19-4caf-894b-9c1847e2a9a4?src=embed,2023,Total,short,lt_debt,-272.264,US$ m,
ISD 2023,ISD 2023 Infogram https://e.infogram.com/1733fec4-2e19-4caf-894b-9c1847e2a9a4?src=embed,2022,Total,short,lt_debt,-349.216,US$ m,
ISD 2024,ISD 2024 Infogram https://e.infogram.com/fdff7aa9-ce5f-4a0d-9716-60efdd53afeb?src=embed,2024,United States,long,total,5828.881,US$ m,
ISD 2024,ISD 2024 Infogram https://e.infogram.com/fdff7aa9-ce5f-4a0d-9716-60efdd53afeb?src=embed,2023,United States,long,total,3858.738,US$ m,
ISD 2024,ISD 2024 Infogram https://e.infogram.com/fdff7aa9-ce5f-4a0d-9716-60efdd53afeb?src=embed,2024,United States,long,equities,2447.014,US$ m,
ISD 2024,ISD 2024 Infogram https://e.infogram.com/fdff7aa9-ce5f-4a0d-9716-60efdd53afeb?src=embed,2023,United States,long,equities,1463.732,US$ m,
ISD 2024,ISD 2024 Infogram https://e.infogram.com/fdff7aa9-ce5f-4a0d-9716-60efdd53afeb?src=embed,2024,United States,long,master_funds,474.674,US$ m,
ISD 2024,ISD 2024 Infogram https://e.infogram.com/fdff7aa9-ce5f-4a0d-9716-60efdd53afeb?src=embed,2023,United States,long,master_funds,477.277,US$ m,
ISD 2024,ISD 2024 Infogram https://e.infogram.com/fdff7aa9-ce5f-4a0d-9716-60efdd53afeb?src=embed,2024,United States,long,st_debt,273.771,US$ m,
ISD 2024,ISD 2024 Infogram https://e.infogram.com/fdff7aa9-ce5f-4a0d-9716-60efdd53afeb?src=embed,2023,United States,long,st_debt,159.397,US$ m,
ISD 2024,ISD 2024 Infogram https://e.infogram.com/fdff7aa9-ce5f-4a0d-9716-60efdd53afeb?src=embed,2024,United States,long,lt_debt,2633.421,US$ m,
ISD 2024,ISD 2024 Infogram https://e.infogram.com/fdff7aa9-ce5f-4a0d-9716-60efdd53afeb?src=embed,2023,United States,long,lt_debt,1758.332,US$ m,
ISD 2024,ISD 2024 Infogram https://e.infogram.com/fdff7aa9-ce5f-4a0d-9716-60efdd53afeb?src=embed,2024,Cayman Islands,long,total,2336.353,US$ m,
ISD 2024,ISD 2024 Infogram https://e.infogram.com/fdff7aa9-ce5f-4a0d-9716-60efdd53afeb?src=embed,2023,Cayman Islands,long,total,2130.412,US$ m,
ISD 2024,ISD 2024 Infogram https://e.infogram.com/fdff7aa9-ce5f-4a0d-9716-60efdd53afeb?src=embed,2024,Cayman Islands,long,equities,434.902,US$ m,
ISD 2024,ISD 2024 Infogram https://e.infogram.com/fdff7aa9-ce5f-4a0d-9716-60efdd53afeb?src=embed,2023,Cayman Islands,long,equities,427.769,US$ m,
ISD 2024,ISD 2024 Infogram https://e.infogram.com/fdff7aa9-ce5f-4a0d-9716-60efdd53afeb?src=embed,2024,Cayman Islands,long,master_funds,1854.695,US$ m,
ISD 2024,ISD 2024 Infogram https://e.infogram.com/fdff7aa9-ce5f-4a0d-9716-60efdd53afeb?src=embed,2023,Cayman Islands,long,master_funds,1656.414,US$ m,
ISD 2024,ISD 2024 Infogram https://e.infogram.com/fdff7aa9-ce5f-4a0d-9716-60efdd53afeb?src=embed,2024,Cayman Islands,long,st_debt,0.822,US$ m,
ISD 2024,ISD 2024 Infogram https://e.infogram.com/fdff7aa9-ce5f-4a0d-9716-60efdd53afeb?src=embed,2023,Cayman Islands,long,st_debt,1.68,US$ m,
ISD 2024,ISD 2024 Infogram https://e.infogram.com/fdff7aa9-ce5f-4a0d-9716-60efdd53afeb?src=embed,2024,Cayman Islands,long,lt_debt,45.934,US$ m,
ISD 2024,ISD 2024 Infogram https://e.infogram.com/fdff7aa9-ce5f-4a0d-9716-60efdd53afeb?src=embed,2023,Cayman Islands,long,lt_debt,44.549,US$ m,
ISD 2024,ISD 2024 Infogram https://e.infogram.com/fdff7aa9-ce5f-4a0d-9716-60efdd53afeb?src=embed,2024,China,long,total,286.998,US$ m,
ISD 2024,ISD 2024 Infogram https://e.infogram.com/fdff7aa9-ce5f-4a0d-9716-60efdd53afeb?src=embed,2023,China,long,total,306.549,US$ m,
ISD 2024,ISD 2024 Infogram https://e.infogram.com/fdff7aa9-ce5f-4a0d-9716-60efdd53afeb?src=embed,2024,China,long,equities,262.197,US$ m,
ISD 2024,ISD 2024 Infogram https://e.infogram.com/fdff7aa9-ce5f-4a0d-9716-60efdd53afeb?src=embed,2023,China,long,equities,280.599,US$ m,
ISD 2024,ISD 2024 Infogram https://e.infogram.com/fdff7aa9-ce5f-4a0d-9716-60efdd53afeb?src=embed,2024,China,long,master_funds,3.291,US$ m,
ISD 2024,ISD 2024 Infogram https://e.infogram.com/fdff7aa9-ce5f-4a0d-9716-60efdd53afeb?src=embed,2023,China,long,master_funds,3.58,US$ m,
ISD 2024,ISD 2024 Infogram https://e.infogram.com/fdff7aa9-ce5f-4a0d-9716-60efdd53afeb?src=embed,2024,China,long,st_debt,3.712,US$ m,
ISD 2024,ISD 2024 Infogram https://e.infogram.com/fdff7aa9-ce5f-4a0d-9716-60efdd53afeb?src=embed,2023,China,long,st_debt,3.001,US$ m,
ISD 2024,ISD 2024 Infogram https://e.infogram.com/fdff7aa9-ce5f-4a0d-9716-60efdd53afeb?src=embed,2024,China,long,lt_debt,17.798,US$ m,
ISD 2024,ISD 2024 Infogram https://e.infogram.com/fdff7aa9-ce5f-4a0d-9716-60efdd53afeb?src=embed,2023,China,long,lt_debt,19.368,US$ m,
ISD 2024,ISD 2024 Infogram https://e.infogram.com/fdff7aa9-ce5f-4a0d-9716-60efdd53afeb?src=embed,2024,Other Developed Countries,long,total,512.16,US$ m,
ISD 2024,ISD 2024 Infogram https://e.infogram.com/fdff7aa9-ce5f-4a0d-9716-60efdd53afeb?src=embed,2023,Other Developed Countries,long,total,289.638,US$ m,
ISD 2024,ISD 2024 Infogram https://e.infogram.com/fdff7aa9-ce5f-4a0d-9716-60efdd53afeb?src=embed,2024,Other Developed Countries,long,equities,145.517,US$ m,
ISD 2024,ISD 2024 Infogram https://e.infogram.com/fdff7aa9-ce5f-4a0d-9716-60efdd53afeb?src=embed,2023,Other Developed Countries,long,equities,143.301,US$ m,
ISD 2024,ISD 2024 Infogram https://e.infogram.com/fdff7aa9-ce5f-4a0d-9716-60efdd53afeb?src=embed,2024,Other Developed Countries,long,master_funds,46.415,US$ m,
ISD 2024,ISD 2024 Infogram https://e.infogram.com/fdff7aa9-ce5f-4a0d-9716-60efdd53afeb?src=embed,2023,Other Developed Countries,long,master_funds,41.078,US$ m,
ISD 2024,ISD 2024 Infogram https://e.infogram.com/fdff7aa9-ce5f-4a0d-9716-60efdd53afeb?src=embed,2024,Other Developed Countries,long,st_debt,20.285,US$ m,
ISD 2024,ISD 2024 Infogram https://e.infogram.com/fdff7aa9-ce5f-4a0d-9716-60efdd53afeb?src=embed,2023,Other Developed Countries,long,st_debt,17.742,US$ m,
ISD 2024,ISD 2024 Infogram https://e.infogram.com/fdff7aa9-ce5f-4a0d-9716-60efdd53afeb?src=embed,2024,Other Developed Countries,long,lt_debt,299.943,US$ m,
ISD 2024,ISD 2024 Infogram https://e.infogram.com/fdff7aa9-ce5f-4a0d-9716-60efdd53afeb?src=embed,2023,Other Developed Countries,long,lt_debt,87.516,US$ m,
ISD 2024,ISD 2024 Infogram https://e.infogram.com/fdff7aa9-ce5f-4a0d-9716-60efdd53afeb?src=embed,2024,United Kingdom,long,total,733.435,US$ m,
ISD 2024,ISD 2024 Infogram https://e.infogram.com/fdff7aa9-ce5f-4a0d-9716-60efdd53afeb?src=embed,2023,United Kingdom,long,total,217.148,US$ m,
ISD 2024,ISD 2024 Infogram https://e.infogram.com/fdff7aa9-ce5f-4a0d-9716-60efdd53afeb?src=embed,2024,United Kingdom,long,equities,479.23,US$ m,
ISD 2024,ISD 2024 Infogram https://e.infogram.com/fdff7aa9-ce5f-4a0d-9716-60efdd53afeb?src=embed,2023,United Kingdom,long,equities,130.042,US$ m,
ISD 2024,ISD 2024 Infogram https://e.infogram.com/fdff7aa9-ce5f-4a0d-9716-60efdd53afeb?src=embed,2024,United Kingdom,long,master_funds,4.45,US$ m,
ISD 2024,ISD 2024 Infogram https://e.infogram.com/fdff7aa9-ce5f-4a0d-9716-60efdd53afeb?src=embed,2023,United Kingdom,long,master_funds,4.004,US$ m,
ISD 2024,ISD 2024 Infogram https://e.infogram.com/fdff7aa9-ce5f-4a0d-9716-60efdd53afeb?src=embed,2024,United Kingdom,long,st_debt,11.906,US$ m,
ISD 2024,ISD 2024 Infogram https://e.infogram.com/fdff7aa9-ce5f-4a0d-9716-60efdd53afeb?src=embed,2023,United Kingdom,long,st_debt,9.617,US$ m,
ISD 2024,ISD 2024 Infogram https://e.infogram.com/fdff7aa9-ce5f-4a0d-9716-60efdd53afeb?src=embed,2024,United Kingdom,long,lt_debt,237.849,US$ m,
ISD 2024,ISD 2024 Infogram https://e.infogram.com/fdff7aa9-ce5f-4a0d-9716-60efdd53afeb?src=embed,2023,United Kingdom,long,lt_debt,73.484,US$ m,
ISD 2024,ISD 2024 Infogram https://e.infogram.com/fdff7aa9-ce5f-4a0d-9716-60efdd53afeb?src=embed,2024,Japan,long,total,299.115,US$ m,
ISD 2024,ISD 2024 Infogram https://e.infogram.com/fdff7aa9-ce5f-4a0d-9716-60efdd53afeb?src=embed,2023,Japan,long,total,207.72,US$ m,
ISD 2024,ISD 2024 Infogram https://e.infogram.com/fdff7aa9-ce5f-4a0d-9716-60efdd53afeb?src=embed,2024,Japan,long,equities,114.341,US$ m,
ISD 2024,ISD 2024 Infogram https://e.infogram.com/fdff7aa9-ce5f-4a0d-9716-60efdd53afeb?src=embed,2023,Japan,long,equities,82.068,US$ m,
ISD 2024,ISD 2024 Infogram https://e.infogram.com/fdff7aa9-ce5f-4a0d-9716-60efdd53afeb?src=embed,2024,Japan,long,master_funds,8.773,US$ m,
ISD 2024,ISD 2024 Infogram https://e.infogram.com/fdff7aa9-ce5f-4a0d-9716-60efdd53afeb?src=embed,2023,Japan,long,master_funds,1.051,US$ m,
ISD 2024,ISD 2024 Infogram https://e.infogram.com/fdff7aa9-ce5f-4a0d-9716-60efdd53afeb?src=embed,2024,Japan,long,st_debt,47.029,US$ m,
ISD 2024,ISD 2024 Infogram https://e.infogram.com/fdff7aa9-ce5f-4a0d-9716-60efdd53afeb?src=embed,2023,Japan,long,st_debt,88.771,US$ m,
ISD 2024,ISD 2024 Infogram https://e.infogram.com/fdff7aa9-ce5f-4a0d-9716-60efdd53afeb?src=embed,2024,Japan,long,lt_debt,128.972,US$ m,
ISD 2024,ISD 2024 Infogram https://e.infogram.com/fdff7aa9-ce5f-4a0d-9716-60efdd53afeb?src=embed,2023,Japan,long,lt_debt,35.829,US$ m,
ISD 2024,ISD 2024 Infogram https://e.infogram.com/fdff7aa9-ce5f-4a0d-9716-60efdd53afeb?src=embed,2024,Other Offshore Centres,long,total,169.409,US$ m,
ISD 2024,ISD 2024 Infogram https://e.infogram.com/fdff7aa9-ce5f-4a0d-9716-60efdd53afeb?src=embed,2023,Other Offshore Centres,long,total,140.727,US$ m,
ISD 2024,ISD 2024 Infogram https://e.infogram.com/fdff7aa9-ce5f-4a0d-9716-60efdd53afeb?src=embed,2024,Other Offshore Centres,long,equities,119.641,US$ m,
ISD 2024,ISD 2024 Infogram https://e.infogram.com/fdff7aa9-ce5f-4a0d-9716-60efdd53afeb?src=embed,2023,Other Offshore Centres,long,equities,96.099,US$ m,
ISD 2024,ISD 2024 Infogram https://e.infogram.com/fdff7aa9-ce5f-4a0d-9716-60efdd53afeb?src=embed,2024,Other Offshore Centres,long,master_funds,30.482,US$ m,
ISD 2024,ISD 2024 Infogram https://e.infogram.com/fdff7aa9-ce5f-4a0d-9716-60efdd53afeb?src=embed,2023,Other Offshore Centres,long,master_funds,26.959,US$ m,
ISD 2024,ISD 2024 Infogram https://e.infogram.com/fdff7aa9-ce5f-4a0d-9716-60efdd53afeb?src=embed,2024,Other Offshore Centres,long,st_debt,2.211,US$ m,
ISD 2024,ISD 2024 Infogram https://e.infogram.com/fdff7aa9-ce5f-4a0d-9716-60efdd53afeb?src=embed,2023,Other Offshore Centres,long,st_debt,2.039,US$ m,
ISD 2024,ISD 2024 Infogram https://e.infogram.com/fdff7aa9-ce5f-4a0d-9716-60efdd53afeb?src=embed,2024,Other Offshore Centres,long,lt_debt,17.075,US$ m,
ISD 2024,ISD 2024 Infogram https://e.infogram.com/fdff7aa9-ce5f-4a0d-9716-60efdd53afeb?src=embed,2023,Other Offshore Centres,long,lt_debt,15.63,US$ m,
ISD 2024,ISD 2024 Infogram https://e.infogram.com/fdff7aa9-ce5f-4a0d-9716-60efdd53afeb?src=embed,2024,Canada,long,total,146.52,US$ m,
ISD 2024,ISD 2024 Infogram https://e.infogram.com/fdff7aa9-ce5f-4a0d-9716-60efdd53afeb?src=embed,2023,Canada,long,total,100.559,US$ m,
ISD 2024,ISD 2024 Infogram https://e.infogram.com/fdff7aa9-ce5f-4a0d-9716-60efdd53afeb?src=embed,2024,Canada,long,equities,59.84,US$ m,
ISD 2024,ISD 2024 Infogram https://e.infogram.com/fdff7aa9-ce5f-4a0d-9716-60efdd53afeb?src=embed,2023,Canada,long,equities,65.652,US$ m,
ISD 2024,ISD 2024 Infogram https://e.infogram.com/fdff7aa9-ce5f-4a0d-9716-60efdd53afeb?src=embed,2024,Canada,long,master_funds,1.01,US$ m,
ISD 2024,ISD 2024 Infogram https://e.infogram.com/fdff7aa9-ce5f-4a0d-9716-60efdd53afeb?src=embed,2023,Canada,long,master_funds,0.916,US$ m,
ISD 2024,ISD 2024 Infogram https://e.infogram.com/fdff7aa9-ce5f-4a0d-9716-60efdd53afeb?src=embed,2024,Canada,long,st_debt,9.15,US$ m,
ISD 2024,ISD 2024 Infogram https://e.infogram.com/fdff7aa9-ce5f-4a0d-9716-60efdd53afeb?src=embed,2023,Canada,long,st_debt,8.696,US$ m,
ISD 2024,ISD 2024 Infogram https://e.infogram.com/fdff7aa9-ce5f-4a0d-9716-60efdd53afeb?src=embed,2024,Canada,long,lt_debt,76.52,US$ m,
ISD 2024,ISD 2024 Infogram https://e.infogram.com/fdff7aa9-ce5f-4a0d-9716-60efdd53afeb?src=embed,2023,Canada,long,lt_debt,25.294,US$ m,
ISD 2024,ISD 2024 Infogram https://e.infogram.com/fdff7aa9-ce5f-4a0d-9716-60efdd53afeb?src=embed,2024,Developing Asia and the Pacific,long,total,82.982,US$ m,
ISD 2024,ISD 2024 Infogram https://e.infogram.com/fdff7aa9-ce5f-4a0d-9716-60efdd53afeb?src=embed,2023,Developing Asia and the Pacific,long,total,92.856,US$ m,
ISD 2024,ISD 2024 Infogram https://e.infogram.com/fdff7aa9-ce5f-4a0d-9716-60efdd53afeb?src=embed,2024,Developing Asia and the Pacific,long,equities,75.628,US$ m,
ISD 2024,ISD 2024 Infogram https://e.infogram.com/fdff7aa9-ce5f-4a0d-9716-60efdd53afeb?src=embed,2023,Developing Asia and the Pacific,long,equities,84.142,US$ m,
ISD 2024,ISD 2024 Infogram https://e.infogram.com/fdff7aa9-ce5f-4a0d-9716-60efdd53afeb?src=embed,2024,Developing Asia and the Pacific,long,master_funds,0.107,US$ m,
ISD 2024,ISD 2024 Infogram https://e.infogram.com/fdff7aa9-ce5f-4a0d-9716-60efdd53afeb?src=embed,2023,Developing Asia and the Pacific,long,master_funds,0.441,US$ m,
ISD 2024,ISD 2024 Infogram https://e.infogram.com/fdff7aa9-ce5f-4a0d-9716-60efdd53afeb?src=embed,2024,Developing Asia and the Pacific,long,st_debt,0.074,US$ m,
ISD 2024,ISD 2024 Infogram https://e.infogram.com/fdff7aa9-ce5f-4a0d-9716-60efdd53afeb?src=embed,2023,Developing Asia and the Pacific,long,st_debt,0.269,US$ m,
ISD 2024,ISD 2024 Infogram https://e.infogram.com/fdff7aa9-ce5f-4a0d-9716-60efdd53afeb?src=embed,2024,Developing Asia and the Pacific,long,lt_debt,7.173,US$ m,
ISD 2024,ISD 2024 Infogram https://e.infogram.com/fdff7aa9-ce5f-4a0d-9716-60efdd53afeb?src=embed,2023,Developing Asia and the Pacific,long,lt_debt,8.003,US$ m,
ISD 2024,ISD 2024 Infogram https://e.infogram.com/fdff7aa9-ce5f-4a0d-9716-60efdd53afeb?src=embed,2024,France,long,total,177.986,US$ m,
ISD 2024,ISD 2024 Infogram https://e.infogram.com/fdff7aa9-ce5f-4a0d-9716-60efdd53afeb?src=embed,2023,France,long,total,82.984,US$ m,
ISD 2024,ISD 2024 Infogram https://e.infogram.com/fdff7aa9-ce5f-4a0d-9716-60efdd53afeb?src=embed,2024,France,long,equities,42.586,US$ m,
ISD 2024,ISD 2024 Infogram https://e.infogram.com/fdff7aa9-ce5f-4a0d-9716-60efdd53afeb?src=embed,2023,France,long,equities,33.629,US$ m,
ISD 2024,ISD 2024 Infogram https://e.infogram.com/fdff7aa9-ce5f-4a0d-9716-60efdd53afeb?src=embed,2024,France,long,master_funds,0.143,US$ m,
ISD 2024,ISD 2024 Infogram https://e.infogram.com/fdff7aa9-ce5f-4a0d-9716-60efdd53afeb?src=embed,2023,France,long,master_funds,0.117,US$ m,
ISD 2024,ISD 2024 Infogram https://e.infogram.com/fdff7aa9-ce5f-4a0d-9716-60efdd53afeb?src=embed,2024,France,long,st_debt,7.808,US$ m,
ISD 2024,ISD 2024 Infogram https://e.infogram.com/fdff7aa9-ce5f-4a0d-9716-60efdd53afeb?src=embed,2023,France,long,st_debt,16.136,US$ m,
ISD 2024,ISD 2024 Infogram https://e.infogram.com/fdff7aa9-ce5f-4a0d-9716-60efdd53afeb?src=embed,2024,France,long,lt_debt,127.449,US$ m,
ISD 2024,ISD 2024 Infogram https://e.infogram.com/fdff7aa9-ce5f-4a0d-9716-60efdd53afeb?src=embed,2023,France,long,lt_debt,33.103,US$ m,
ISD 2024,ISD 2024 Infogram https://e.infogram.com/fdff7aa9-ce5f-4a0d-9716-60efdd53afeb?src=embed,2024,Germany,long,total,158.955,US$ m,
ISD 2024,ISD 2024 Infogram https://e.infogram.com/fdff7aa9-ce5f-4a0d-9716-60efdd53afeb?src=embed,2023,Germany,long,total,81.714,US$ m,
ISD 2024,ISD 2024 Infogram https://e.infogram.com/fdff7aa9-ce5f-4a0d-9716-60efdd53afeb?src=embed,2024,Germany,long,equities,36.383,US$ m,
ISD 2024,ISD 2024 Infogram https://e.infogram.com/fdff7aa9-ce5f-4a0d-9716-60efdd53afeb?src=embed,2023,Germany,long,equities,34.91,US$ m,
ISD 2024,ISD 2024 Infogram https://e.infogram.com/fdff7aa9-ce5f-4a0d-9716-60efdd53afeb?src=embed,2024,Germany,long,master_funds,0.013,US$ m,
ISD 2024,ISD 2024 Infogram https://e.infogram.com/fdff7aa9-ce5f-4a0d-9716-60efdd53afeb?src=embed,2023,Germany,long,master_funds,0.011,US$ m,
ISD 2024,ISD 2024 Infogram https://e.infogram.com/fdff7aa9-ce5f-4a0d-9716-60efdd53afeb?src=embed,2024,Germany,long,st_debt,9.303,US$ m,
ISD 2024,ISD 2024 Infogram https://e.infogram.com/fdff7aa9-ce5f-4a0d-9716-60efdd53afeb?src=embed,2023,Germany,long,st_debt,22.923,US$ m,
ISD 2024,ISD 2024 Infogram https://e.infogram.com/fdff7aa9-ce5f-4a0d-9716-60efdd53afeb?src=embed,2024,Germany,long,lt_debt,113.255,US$ m,
ISD 2024,ISD 2024 Infogram https://e.infogram.com/fdff7aa9-ce5f-4a0d-9716-60efdd53afeb?src=embed,2023,Germany,long,lt_debt,23.87,US$ m,
ISD 2024,ISD 2024 Infogram https://e.infogram.com/fdff7aa9-ce5f-4a0d-9716-60efdd53afeb?src=embed,2024,Ireland,long,total,89.235,US$ m,
ISD 2024,ISD 2024 Infogram https://e.infogram.com/fdff7aa9-ce5f-4a0d-9716-60efdd53afeb?src=embed,2023,Ireland,long,total,72.701,US$ m,
ISD 2024,ISD 2024 Infogram https://e.infogram.com/fdff7aa9-ce5f-4a0d-9716-60efdd53afeb?src=embed,2024,Ireland,long,equities,40.459,US$ m,
ISD 2024,ISD 2024 Infogram https://e.infogram.com/fdff7aa9-ce5f-4a0d-9716-60efdd53afeb?src=embed,2023,Ireland,long,equities,27.786,US$ m,
ISD 2024,ISD 2024 Infogram https://e.infogram.com/fdff7aa9-ce5f-4a0d-9716-60efdd53afeb?src=embed,2024,Ireland,long,master_funds,23.096,US$ m,
ISD 2024,ISD 2024 Infogram https://e.infogram.com/fdff7aa9-ce5f-4a0d-9716-60efdd53afeb?src=embed,2023,Ireland,long,master_funds,21.79,US$ m,
ISD 2024,ISD 2024 Infogram https://e.infogram.com/fdff7aa9-ce5f-4a0d-9716-60efdd53afeb?src=embed,2024,Ireland,long,st_debt,1.143,US$ m,
ISD 2024,ISD 2024 Infogram https://e.infogram.com/fdff7aa9-ce5f-4a0d-9716-60efdd53afeb?src=embed,2023,Ireland,long,st_debt,1.113,US$ m,
ISD 2024,ISD 2024 Infogram https://e.infogram.com/fdff7aa9-ce5f-4a0d-9716-60efdd53afeb?src=embed,2024,Ireland,long,lt_debt,24.536,US$ m,
ISD 2024,ISD 2024 Infogram https://e.infogram.com/fdff7aa9-ce5f-4a0d-9716-60efdd53afeb?src=embed,2023,Ireland,long,lt_debt,22.012,US$ m,
ISD 2024,ISD 2024 Infogram https://e.infogram.com/fdff7aa9-ce5f-4a0d-9716-60efdd53afeb?src=embed,2024,Netherlands,long,total,77.128,US$ m,
ISD 2024,ISD 2024 Infogram https://e.infogram.com/fdff7aa9-ce5f-4a0d-9716-60efdd53afeb?src=embed,2023,Netherlands,long,total,68.191,US$ m,
ISD 2024,ISD 2024 Infogram https://e.infogram.com/fdff7aa9-ce5f-4a0d-9716-60efdd53afeb?src=embed,2024,Netherlands,long,equities,47.229,US$ m,
ISD 2024,ISD 2024 Infogram https://e.infogram.com/fdff7aa9-ce5f-4a0d-9716-60efdd53afeb?src=embed,2023,Netherlands,long,equities,41.987,US$ m,
ISD 2024,ISD 2024 Infogram https://e.infogram.com/fdff7aa9-ce5f-4a0d-9716-60efdd53afeb?src=embed,2024,Netherlands,long,master_funds,5.073,US$ m,
ISD 2024,ISD 2024 Infogram https://e.infogram.com/fdff7aa9-ce5f-4a0d-9716-60efdd53afeb?src=embed,2023,Netherlands,long,master_funds,3.786,US$ m,
ISD 2024,ISD 2024 Infogram https://e.infogram.com/fdff7aa9-ce5f-4a0d-9716-60efdd53afeb?src=embed,2024,Netherlands,long,st_debt,0.076,US$ m,
ISD 2024,ISD 2024 Infogram https://e.infogram.com/fdff7aa9-ce5f-4a0d-9716-60efdd53afeb?src=embed,2023,Netherlands,long,st_debt,0.045,US$ m,
ISD 2024,ISD 2024 Infogram https://e.infogram.com/fdff7aa9-ce5f-4a0d-9716-60efdd53afeb?src=embed,2024,Netherlands,long,lt_debt,24.751,US$ m,
ISD 2024,ISD 2024 Infogram https://e.infogram.com/fdff7aa9-ce5f-4a0d-9716-60efdd53afeb?src=embed,2023,Netherlands,long,lt_debt,22.373,US$ m,
ISD 2024,ISD 2024 Infogram https://e.infogram.com/fdff7aa9-ce5f-4a0d-9716-60efdd53afeb?src=embed,2024,Developing Africa and the Middle East,long,total,51.424,US$ m,
ISD 2024,ISD 2024 Infogram https://e.infogram.com/fdff7aa9-ce5f-4a0d-9716-60efdd53afeb?src=embed,2023,Developing Africa and the Middle East,long,total,52.97,US$ m,
ISD 2024,ISD 2024 Infogram https://e.infogram.com/fdff7aa9-ce5f-4a0d-9716-60efdd53afeb?src=embed,2024,Developing Africa and the Middle East,long,equities,43.157,US$ m,
ISD 2024,ISD 2024 Infogram https://e.infogram.com/fdff7aa9-ce5f-4a0d-9716-60efdd53afeb?src=embed,2023,Developing Africa and the Middle East,long,equities,42.952,US$ m,
ISD 2024,ISD 2024 Infogram https://e.infogram.com/fdff7aa9-ce5f-4a0d-9716-60efdd53afeb?src=embed,2024,Developing Africa and the Middle East,long,master_funds,2.461,US$ m,
ISD 2024,ISD 2024 Infogram https://e.infogram.com/fdff7aa9-ce5f-4a0d-9716-60efdd53afeb?src=embed,2023,Developing Africa and the Middle East,long,master_funds,1.863,US$ m,
ISD 2024,ISD 2024 Infogram https://e.infogram.com/fdff7aa9-ce5f-4a0d-9716-60efdd53afeb?src=embed,2024,Developing Africa and the Middle East,long,st_debt,0.757,US$ m,
ISD 2024,ISD 2024 Infogram https://e.infogram.com/fdff7aa9-ce5f-4a0d-9716-60efdd53afeb?src=embed,2023,Developing Africa and the Middle East,long,st_debt,0.964,US$ m,
ISD 2024,ISD 2024 Infogram https://e.infogram.com/fdff7aa9-ce5f-4a0d-9716-60efdd53afeb?src=embed,2024,Developing Africa and the Middle East,long,lt_debt,5.049,US$ m,
ISD 2024,ISD 2024 Infogram https://e.infogram.com/fdff7aa9-ce5f-4a0d-9716-60efdd53afeb?src=embed,2023,Developing Africa and the Middle East,long,lt_debt,7.19,US$ m,
ISD 2024,ISD 2024 Infogram https://e.infogram.com/fdff7aa9-ce5f-4a0d-9716-60efdd53afeb?src=embed,2024,Developing Latin America and the Caribbean,long,total,41.122,US$ m,
ISD 2024,ISD 2024 Infogram https://e.infogram.com/fdff7aa9-ce5f-4a0d-9716-60efdd53afeb?src=embed,2023,Developing Latin America and the Caribbean,long,total,45.628,US$ m,
ISD 2024,ISD 2024 Infogram https://e.infogram.com/fdff7aa9-ce5f-4a0d-9716-60efdd53afeb?src=embed,2024,Developing Latin America and the Caribbean,long,equities,24.058,US$ m,
ISD 2024,ISD 2024 Infogram https://e.infogram.com/fdff7aa9-ce5f-4a0d-9716-60efdd53afeb?src=embed,2023,Developing Latin America and the Caribbean,long,equities,27.979,US$ m,
ISD 2024,ISD 2024 Infogram https://e.infogram.com/fdff7aa9-ce5f-4a0d-9716-60efdd53afeb?src=embed,2024,Developing Latin America and the Caribbean,long,master_funds,0.818,US$ m,
ISD 2024,ISD 2024 Infogram https://e.infogram.com/fdff7aa9-ce5f-4a0d-9716-60efdd53afeb?src=embed,2023,Developing Latin America and the Caribbean,long,master_funds,0.872,US$ m,
ISD 2024,ISD 2024 Infogram https://e.infogram.com/fdff7aa9-ce5f-4a0d-9716-60efdd53afeb?src=embed,2024,Developing Latin America and the Caribbean,long,st_debt,0.26,US$ m,
ISD 2024,ISD 2024 Infogram https://e.infogram.com/fdff7aa9-ce5f-4a0d-9716-60efdd53afeb?src=embed,2023,Developing Latin America and the Caribbean,long,st_debt,0.875,US$ m,
ISD 2024,ISD 2024 Infogram https://e.infogram.com/fdff7aa9-ce5f-4a0d-9716-60efdd53afeb?src=embed,2024,Developing Latin America and the Caribbean,long,lt_debt,15.985,US$ m,
ISD 2024,ISD 2024 Infogram https://e.infogram.com/fdff7aa9-ce5f-4a0d-9716-60efdd53afeb?src=embed,2023,Developing Latin America and the Caribbean,long,lt_debt,15.902,US$ m,
ISD 2024,ISD 2024 Infogram https://e.infogram.com/fdff7aa9-ce5f-4a0d-9716-60efdd53afeb?src=embed,2024,Hong Kong,long,total,38.039,US$ m,
ISD 2024,ISD 2024 Infogram https://e.infogram.com/fdff7aa9-ce5f-4a0d-9716-60efdd53afeb?src=embed,2023,Hong Kong,long,total,37.557,US$ m,
ISD 2024,ISD 2024 Infogram https://e.infogram.com/fdff7aa9-ce5f-4a0d-9716-60efdd53afeb?src=embed,2024,Hong Kong,long,equities,33.972,US$ m,
ISD 2024,ISD 2024 Infogram https://e.infogram.com/fdff7aa9-ce5f-4a0d-9716-60efdd53afeb?src=embed,2023,Hong Kong,long,equities,33.069,US$ m,
ISD 2024,ISD 2024 Infogram https://e.infogram.com/fdff7aa9-ce5f-4a0d-9716-60efdd53afeb?src=embed,2024,Hong Kong,long,master_funds,0.025,US$ m,
ISD 2024,ISD 2024 Infogram https://e.infogram.com/fdff7aa9-ce5f-4a0d-9716-60efdd53afeb?src=embed,2023,Hong Kong,long,master_funds,0.018,US$ m,
ISD 2024,ISD 2024 Infogram https://e.infogram.com/fdff7aa9-ce5f-4a0d-9716-60efdd53afeb?src=embed,2024,Hong Kong,long,st_debt,0.652,US$ m,
ISD 2024,ISD 2024 Infogram https://e.infogram.com/fdff7aa9-ce5f-4a0d-9716-60efdd53afeb?src=embed,2023,Hong Kong,long,st_debt,0.706,US$ m,
ISD 2024,ISD 2024 Infogram https://e.infogram.com/fdff7aa9-ce5f-4a0d-9716-60efdd53afeb?src=embed,2024,Hong Kong,long,lt_debt,3.39,US$ m,
ISD 2024,ISD 2024 Infogram https://e.infogram.com/fdff7aa9-ce5f-4a0d-9716-60efdd53afeb?src=embed,2023,Hong Kong,long,lt_debt,3.763,US$ m,
ISD 2024,ISD 2024 Infogram https://e.infogram.com/fdff7aa9-ce5f-4a0d-9716-60efdd53afeb?src=embed,2024,Developing Europe,long,total,19.918,US$ m,
ISD 2024,ISD 2024 Infogram https://e.infogram.com/fdff7aa9-ce5f-4a0d-9716-60efdd53afeb?src=embed,2023,Developing Europe,long,total,15.054,US$ m,
ISD 2024,ISD 2024 Infogram https://e.infogram.com/fdff7aa9-ce5f-4a0d-9716-60efdd53afeb?src=embed,2024,Developing Europe,long,equities,9.049,US$ m,
ISD 2024,ISD 2024 Infogram https://e.infogram.com/fdff7aa9-ce5f-4a0d-9716-60efdd53afeb?src=embed,2023,Developing Europe,long,equities,9.668,US$ m,
ISD 2024,ISD 2024 Infogram https://e.infogram.com/fdff7aa9-ce5f-4a0d-9716-60efdd53afeb?src=embed,2024,Developing Europe,long,master_funds,0.339,US$ m,
ISD 2024,ISD 2024 Infogram https://e.infogram.com/fdff7aa9-ce5f-4a0d-9716-60efdd53afeb?src=embed,2023,Developing Europe,long,master_funds,0.093,US$ m,
ISD 2024,ISD 2024 Infogram https://e.infogram.com/fdff7aa9-ce5f-4a0d-9716-60efdd53afeb?src=embed,2024,Developing Europe,long,st_debt,0.574,US$ m,
ISD 2024,ISD 2024 Infogram https://e.infogram.com/fdff7aa9-ce5f-4a0d-9716-60efdd53afeb?src=embed,2023,Developing Europe,long,st_debt,0.048,US$ m,
ISD 2024,ISD 2024 Infogram https://e.infogram.com/fdff7aa9-ce5f-4a0d-9716-60efdd53afeb?src=embed,2024,Developing Europe,long,lt_debt,9.956,US$ m,
ISD 2024,ISD 2024 Infogram https://e.infogram.com/fdff7aa9-ce5f-4a0d-9716-60efdd53afeb?src=embed,2023,Developing Europe,long,lt_debt,5.245,US$ m,
ISD 2024,ISD 2024 Infogram https://e.infogram.com/fdff7aa9-ce5f-4a0d-9716-60efdd53afeb?src=embed,2024,Total,long,total,11049.657,US$ m,
ISD 2024,ISD 2024 Infogram https://e.infogram.com/fdff7aa9-ce5f-4a0d-9716-60efdd53afeb?src=embed,2023,Total,long,total,7801.139,US$ m,
ISD 2024,ISD 2024 Infogram https://e.infogram.com/fdff7aa9-ce5f-4a0d-9716-60efdd53afeb?src=embed,2024,Total,long,equities,4415.203,US$ m,
ISD 2024,ISD 2024 Infogram https://e.infogram.com/fdff7aa9-ce5f-4a0d-9716-60efdd53afeb?src=embed,2023,Total,long,equities,3025.384,US$ m,
ISD 2024,ISD 2024 Infogram https://e.infogram.com/fdff7aa9-ce5f-4a0d-9716-60efdd53afeb?src=embed,2024,Total,long,master_funds,2455.865,US$ m,
ISD 2024,ISD 2024 Infogram https://e.infogram.com/fdff7aa9-ce5f-4a0d-9716-60efdd53afeb?src=embed,2023,Total,long,master_funds,2240.27,US$ m,
ISD 2024,ISD 2024 Infogram https://e.infogram.com/fdff7aa9-ce5f-4a0d-9716-60efdd53afeb?src=embed,2024,Total,long,st_debt,389.533,US$ m,
ISD 2024,ISD 2024 Infogram https://e.infogram.com/fdff7aa9-ce5f-4a0d-9716-60efdd53afeb?src=embed,2023,Total,long,st_debt,334.022,US$ m,
ISD 2024,ISD 2024 Infogram https://e.infogram.com/fdff7aa9-ce5f-4a0d-9716-60efdd53afeb?src=embed,2024,Total,long,lt_debt,3789.057,US$ m,
ISD 2024,ISD 2024 Infogram https://e.infogram.com/fdff7aa9-ce5f-4a0d-9716-60efdd53afeb?src=embed,2023,Total,long,lt_debt,2201.463,US$ m,
ISD 2024,ISD 2024 Infogram https://e.infogram.com/fdff7aa9-ce5f-4a0d-9716-60efdd53afeb?src=embed,2024,United States,short,total,-1598.473,US$ m,
ISD 2024,ISD 2024 Infogram https://e.infogram.com/fdff7aa9-ce5f-4a0d-9716-60efdd53afeb?src=embed,2023,United States,short,total,-153.897,US$ m,
ISD 2024,ISD 2024 Infogram https://e.infogram.com/fdff7aa9-ce5f-4a0d-9716-60efdd53afeb?src=embed,2024,United States,short,equities,-819.777,US$ m,
ISD 2024,ISD 2024 Infogram https://e.infogram.com/fdff7aa9-ce5f-4a0d-9716-60efdd53afeb?src=embed,2023,United States,short,equities,-33.136,US$ m,
ISD 2024,ISD 2024 Infogram https://e.infogram.com/fdff7aa9-ce5f-4a0d-9716-60efdd53afeb?src=embed,2024,United States,short,st_debt,-237.155,US$ m,
ISD 2024,ISD 2024 Infogram https://e.infogram.com/fdff7aa9-ce5f-4a0d-9716-60efdd53afeb?src=embed,2023,United States,short,st_debt,-112.499,US$ m,
ISD 2024,ISD 2024 Infogram https://e.infogram.com/fdff7aa9-ce5f-4a0d-9716-60efdd53afeb?src=embed,2024,United States,short,lt_debt,-541.541,US$ m,
ISD 2024,ISD 2024 Infogram https://e.infogram.com/fdff7aa9-ce5f-4a0d-9716-60efdd53afeb?src=embed,2023,United States,short,lt_debt,-8.262,US$ m,
ISD 2024,ISD 2024 Infogram https://e.infogram.com/fdff7aa9-ce5f-4a0d-9716-60efdd53afeb?src=embed,2024,Germany,short,total,-111.273,US$ m,
ISD 2024,ISD 2024 Infogram https://e.infogram.com/fdff7aa9-ce5f-4a0d-9716-60efdd53afeb?src=embed,2023,Germany,short,total,-110.271,US$ m,
ISD 2024,ISD 2024 Infogram https://e.infogram.com/fdff7aa9-ce5f-4a0d-9716-60efdd53afeb?src=embed,2024,Germany,short,equities,-1.638,US$ m,
ISD 2024,ISD 2024 Infogram https://e.infogram.com/fdff7aa9-ce5f-4a0d-9716-60efdd53afeb?src=embed,2023,Germany,short,equities,-0.597,US$ m,
ISD 2024,ISD 2024 Infogram https://e.infogram.com/fdff7aa9-ce5f-4a0d-9716-60efdd53afeb?src=embed,2024,Germany,short,st_debt,-28.322,US$ m,
ISD 2024,ISD 2024 Infogram https://e.infogram.com/fdff7aa9-ce5f-4a0d-9716-60efdd53afeb?src=embed,2023,Germany,short,st_debt,-19.163,US$ m,
ISD 2024,ISD 2024 Infogram https://e.infogram.com/fdff7aa9-ce5f-4a0d-9716-60efdd53afeb?src=embed,2024,Germany,short,lt_debt,-81.313,US$ m,
ISD 2024,ISD 2024 Infogram https://e.infogram.com/fdff7aa9-ce5f-4a0d-9716-60efdd53afeb?src=embed,2023,Germany,short,lt_debt,-90.511,US$ m,
ISD 2024,ISD 2024 Infogram https://e.infogram.com/fdff7aa9-ce5f-4a0d-9716-60efdd53afeb?src=embed,2024,Japan,short,total,-193.901,US$ m,
ISD 2024,ISD 2024 Infogram https://e.infogram.com/fdff7aa9-ce5f-4a0d-9716-60efdd53afeb?src=embed,2023,Japan,short,total,-77.943,US$ m,
ISD 2024,ISD 2024 Infogram https://e.infogram.com/fdff7aa9-ce5f-4a0d-9716-60efdd53afeb?src=embed,2024,Japan,short,equities,-18.418,US$ m,
ISD 2024,ISD 2024 Infogram https://e.infogram.com/fdff7aa9-ce5f-4a0d-9716-60efdd53afeb?src=embed,2023,Japan,short,equities,-0.539,US$ m,
ISD 2024,ISD 2024 Infogram https://e.infogram.com/fdff7aa9-ce5f-4a0d-9716-60efdd53afeb?src=embed,2024,Japan,short,st_debt,-6.009,US$ m,
ISD 2024,ISD 2024 Infogram https://e.infogram.com/fdff7aa9-ce5f-4a0d-9716-60efdd53afeb?src=embed,2023,Japan,short,st_debt,-4.334,US$ m,
ISD 2024,ISD 2024 Infogram https://e.infogram.com/fdff7aa9-ce5f-4a0d-9716-60efdd53afeb?src=embed,2024,Japan,short,lt_debt,-169.474,US$ m,
ISD 2024,ISD 2024 Infogram https://e.infogram.com/fdff7aa9-ce5f-4a0d-9716-60efdd53afeb?src=embed,2023,Japan,short,lt_debt,-73.071,US$ m,
ISD 2024,ISD 2024 Infogram https://e.infogram.com/fdff7aa9-ce5f-4a0d-9716-60efdd53afeb?src=embed,2024,Other Developed Countries,short,total,-185.738,US$ m,
ISD 2024,ISD 2024 Infogram https://e.infogram.com/fdff7aa9-ce5f-4a0d-9716-60efdd53afeb?src=embed,2023,Other Developed Countries,short,total,-70.669,US$ m,
ISD 2024,ISD 2024 Infogram https://e.infogram.com/fdff7aa9-ce5f-4a0d-9716-60efdd53afeb?src=embed,2024,Other Developed Countries,short,equities,-5.133,US$ m,
ISD 2024,ISD 2024 Infogram https://e.infogram.com/fdff7aa9-ce5f-4a0d-9716-60efdd53afeb?src=embed,2023,Other Developed Countries,short,equities,-1.8,US$ m,
ISD 2024,ISD 2024 Infogram https://e.infogram.com/fdff7aa9-ce5f-4a0d-9716-60efdd53afeb?src=embed,2024,Other Developed Countries,short,st_debt,-39.638,US$ m,
ISD 2024,ISD 2024 Infogram https://e.infogram.com/fdff7aa9-ce5f-4a0d-9716-60efdd53afeb?src=embed,2023,Other Developed Countries,short,st_debt,-35.055,US$ m,
ISD 2024,ISD 2024 Infogram https://e.infogram.com/fdff7aa9-ce5f-4a0d-9716-60efdd53afeb?src=embed,2024,Other Developed Countries,short,lt_debt,-140.967,US$ m,
ISD 2024,ISD 2024 Infogram https://e.infogram.com/fdff7aa9-ce5f-4a0d-9716-60efdd53afeb?src=embed,2023,Other Developed Countries,short,lt_debt,-33.814,US$ m,
ISD 2024,ISD 2024 Infogram https://e.infogram.com/fdff7aa9-ce5f-4a0d-9716-60efdd53afeb?src=embed,2024,France,short,total,-109.908,US$ m,
ISD 2024,ISD 2024 Infogram https://e.infogram.com/fdff7aa9-ce5f-4a0d-9716-60efdd53afeb?src=embed,2023,France,short,total,-57.929,US$ m,
ISD 2024,ISD 2024 Infogram https://e.infogram.com/fdff7aa9-ce5f-4a0d-9716-60efdd53afeb?src=embed,2024,France,short,equities,-0.207,US$ m,
ISD 2024,ISD 2024 Infogram https://e.infogram.com/fdff7aa9-ce5f-4a0d-9716-60efdd53afeb?src=embed,2023,France,short,equities,-0.022,US$ m,
ISD 2024,ISD 2024 Infogram https://e.infogram.com/fdff7aa9-ce5f-4a0d-9716-60efdd53afeb?src=embed,2024,France,short,st_debt,-21.256,US$ m,
ISD 2024,ISD 2024 Infogram https://e.infogram.com/fdff7aa9-ce5f-4a0d-9716-60efdd53afeb?src=embed,2023,France,short,st_debt,-16.713,US$ m,
ISD 2024,ISD 2024 Infogram https://e.infogram.com/fdff7aa9-ce5f-4a0d-9716-60efdd53afeb?src=embed,2024,France,short,lt_debt,-88.445,US$ m,
ISD 2024,ISD 2024 Infogram https://e.infogram.com/fdff7aa9-ce5f-4a0d-9716-60efdd53afeb?src=embed,2023,France,short,lt_debt,-41.194,US$ m,
ISD 2024,ISD 2024 Infogram https://e.infogram.com/fdff7aa9-ce5f-4a0d-9716-60efdd53afeb?src=embed,2024,United Kingdom,short,total,-148.27,US$ m,
ISD 2024,ISD 2024 Infogram https://e.infogram.com/fdff7aa9-ce5f-4a0d-9716-60efdd53afeb?src=embed,2023,United Kingdom,short,total,-35.605,US$ m,
ISD 2024,ISD 2024 Infogram https://e.infogram.com/fdff7aa9-ce5f-4a0d-9716-60efdd53afeb?src=embed,2024,United Kingdom,short,equities,-1.7,US$ m,
ISD 2024,ISD 2024 Infogram https://e.infogram.com/fdff7aa9-ce5f-4a0d-9716-60efdd53afeb?src=embed,2023,United Kingdom,short,equities,-0.271,US$ m,
ISD 2024,ISD 2024 Infogram https://e.infogram.com/fdff7aa9-ce5f-4a0d-9716-60efdd53afeb?src=embed,2024,United Kingdom,short,st_debt,-27.178,US$ m,
ISD 2024,ISD 2024 Infogram https://e.infogram.com/fdff7aa9-ce5f-4a0d-9716-60efdd53afeb?src=embed,2023,United Kingdom,short,st_debt,-15.534,US$ m,
ISD 2024,ISD 2024 Infogram https://e.infogram.com/fdff7aa9-ce5f-4a0d-9716-60efdd53afeb?src=embed,2024,United Kingdom,short,lt_debt,-119.392,US$ m,
ISD 2024,ISD 2024 Infogram https://e.infogram.com/fdff7aa9-ce5f-4a0d-9716-60efdd53afeb?src=embed,2023,United Kingdom,short,lt_debt,-19.801,US$ m,
ISD 2024,ISD 2024 Infogram https://e.infogram.com/fdff7aa9-ce5f-4a0d-9716-60efdd53afeb?src=embed,2024,Canada,short,total,-27.561,US$ m,
ISD 2024,ISD 2024 Infogram https://e.infogram.com/fdff7aa9-ce5f-4a0d-9716-60efdd53afeb?src=embed,2023,Canada,short,total,-14.584,US$ m,
ISD 2024,ISD 2024 Infogram https://e.infogram.com/fdff7aa9-ce5f-4a0d-9716-60efdd53afeb?src=embed,2024,Canada,short,equities,-6.849,US$ m,
ISD 2024,ISD 2024 Infogram https://e.infogram.com/fdff7aa9-ce5f-4a0d-9716-60efdd53afeb?src=embed,2023,Canada,short,equities,-5.706,US$ m,
ISD 2024,ISD 2024 Infogram https://e.infogram.com/fdff7aa9-ce5f-4a0d-9716-60efdd53afeb?src=embed,2024,Canada,short,st_debt,-4.918,US$ m,
ISD 2024,ISD 2024 Infogram https://e.infogram.com/fdff7aa9-ce5f-4a0d-9716-60efdd53afeb?src=embed,2023,Canada,short,st_debt,-4.565,US$ m,
ISD 2024,ISD 2024 Infogram https://e.infogram.com/fdff7aa9-ce5f-4a0d-9716-60efdd53afeb?src=embed,2024,Canada,short,lt_debt,-15.794,US$ m,
ISD 2024,ISD 2024 Infogram https://e.infogram.com/fdff7aa9-ce5f-4a0d-9716-60efdd53afeb?src=embed,2023,Canada,short,lt_debt,-4.312,US$ m,
ISD 2024,ISD 2024 Infogram https://e.infogram.com/fdff7aa9-ce5f-4a0d-9716-60efdd53afeb?src=embed,2024,Netherlands,short,total,-4.053,US$ m,
ISD 2024,ISD 2024 Infogram https://e.infogram.com/fdff7aa9-ce5f-4a0d-9716-60efdd53afeb?src=embed,2023,Netherlands,short,total,-3.757,US$ m,
ISD 2024,ISD 2024 Infogram https://e.infogram.com/fdff7aa9-ce5f-4a0d-9716-60efdd53afeb?src=embed,2024,Netherlands,short,equities,-0.05,US$ m,
ISD 2024,ISD 2024 Infogram https://e.infogram.com/fdff7aa9-ce5f-4a0d-9716-60efdd53afeb?src=embed,2023,Netherlands,short,equities,-0.13,US$ m,
ISD 2024,ISD 2024 Infogram https://e.infogram.com/fdff7aa9-ce5f-4a0d-9716-60efdd53afeb?src=embed,2024,Netherlands,short,st_debt,-3.862,US$ m,
ISD 2024,ISD 2024 Infogram https://e.infogram.com/fdff7aa9-ce5f-4a0d-9716-60efdd53afeb?src=embed,2023,Netherlands,short,st_debt,-3.601,US$ m,
ISD 2024,ISD 2024 Infogram https://e.infogram.com/fdff7aa9-ce5f-4a0d-9716-60efdd53afeb?src=embed,2024,Netherlands,short,lt_debt,-0.141,US$ m,
ISD 2024,ISD 2024 Infogram https://e.infogram.com/fdff7aa9-ce5f-4a0d-9716-60efdd53afeb?src=embed,2023,Netherlands,short,lt_debt,-0.026,US$ m,
ISD 2024,ISD 2024 Infogram https://e.infogram.com/fdff7aa9-ce5f-4a0d-9716-60efdd53afeb?src=embed,2024,China,short,total,-3.335,US$ m,
ISD 2024,ISD 2024 Infogram https://e.infogram.com/fdff7aa9-ce5f-4a0d-9716-60efdd53afeb?src=embed,2023,China,short,total,-1.097,US$ m,
ISD 2024,ISD 2024 Infogram https://e.infogram.com/fdff7aa9-ce5f-4a0d-9716-60efdd53afeb?src=embed,2024,China,short,equities,-3.301,US$ m,
ISD 2024,ISD 2024 Infogram https://e.infogram.com/fdff7aa9-ce5f-4a0d-9716-60efdd53afeb?src=embed,2023,China,short,equities,-0.981,US$ m,
ISD 2024,ISD 2024 Infogram https://e.infogram.com/fdff7aa9-ce5f-4a0d-9716-60efdd53afeb?src=embed,2024,China,short,st_debt,-0.003,US$ m,
ISD 2024,ISD 2024 Infogram https://e.infogram.com/fdff7aa9-ce5f-4a0d-9716-60efdd53afeb?src=embed,2023,China,short,st_debt,-0.11,US$ m,
ISD 2024,ISD 2024 Infogram https://e.infogram.com/fdff7aa9-ce5f-4a0d-9716-60efdd53afeb?src=embed,2024,China,short,lt_debt,-0.031,US$ m,
ISD 2024,ISD 2024 Infogram https://e.infogram.com/fdff7aa9-ce5f-4a0d-9716-60efdd53afeb?src=embed,2023,China,short,lt_debt,-0.005,US$ m,
ISD 2024,ISD 2024 Infogram https://e.infogram.com/fdff7aa9-ce5f-4a0d-9716-60efdd53afeb?src=embed,2024,Hong Kong,short,total,-0.394,US$ m,
ISD 2024,ISD 2024 Infogram https://e.infogram.com/fdff7aa9-ce5f-4a0d-9716-60efdd53afeb?src=embed,2023,Hong Kong,short,total,-0.778,US$ m,
ISD 2024,ISD 2024 Infogram https://e.infogram.com/fdff7aa9-ce5f-4a0d-9716-60efdd53afeb?src=embed,2024,Hong Kong,short,equities,-0.371,US$ m,
ISD 2024,ISD 2024 Infogram https://e.infogram.com/fdff7aa9-ce5f-4a0d-9716-60efdd53afeb?src=embed,2023,Hong Kong,short,equities,-0.728,US$ m,
ISD 2024,ISD 2024 Infogram https://e.infogram.com/fdff7aa9-ce5f-4a0d-9716-60efdd53afeb?src=embed,2024,Hong Kong,short,st_debt,-0.008,US$ m,
ISD 2024,ISD 2024 Infogram https://e.infogram.com/fdff7aa9-ce5f-4a0d-9716-60efdd53afeb?src=embed,2023,Hong Kong,short,st_debt,-0.022,US$ m,
ISD 2024,ISD 2024 Infogram https://e.infogram.com/fdff7aa9-ce5f-4a0d-9716-60efdd53afeb?src=embed,2024,Hong Kong,short,lt_debt,-0.014,US$ m,
ISD 2024,ISD 2024 Infogram https://e.infogram.com/fdff7aa9-ce5f-4a0d-9716-60efdd53afeb?src=embed,2023,Hong Kong,short,lt_debt,-0.028,US$ m,
ISD 2024,ISD 2024 Infogram https://e.infogram.com/fdff7aa9-ce5f-4a0d-9716-60efdd53afeb?src=embed,2024,Developing Asia and the Pacific,short,total,-0.528,US$ m,
ISD 2024,ISD 2024 Infogram https://e.infogram.com/fdff7aa9-ce5f-4a0d-9716-60efdd53afeb?src=embed,2023,Developing Asia and the Pacific,short,total,-0.709,US$ m,
ISD 2024,ISD 2024 Infogram https://e.infogram.com/fdff7aa9-ce5f-4a0d-9716-60efdd53afeb?src=embed,2024,Developing Asia and the Pacific,short,equities,-0.102,US$ m,
ISD 2024,ISD 2024 Infogram https://e.infogram.com/fdff7aa9-ce5f-4a0d-9716-60efdd53afeb?src=embed,2023,Developing Asia and the Pacific,short,equities,-0.001,US$ m,
ISD 2024,ISD 2024 Infogram https://e.infogram.com/fdff7aa9-ce5f-4a0d-9716-60efdd53afeb?src=embed,2024,Developing Asia and the Pacific,short,st_debt,-0.0,US$ m,
ISD 2024,ISD 2024 Infogram https://e.infogram.com/fdff7aa9-ce5f-4a0d-9716-60efdd53afeb?src=embed,2023,Developing Asia and the Pacific,short,st_debt,-0.185,US$ m,
ISD 2024,ISD 2024 Infogram https://e.infogram.com/fdff7aa9-ce5f-4a0d-9716-60efdd53afeb?src=embed,2024,Developing Asia and the Pacific,short,lt_debt,-0.426,US$ m,
ISD 2024,ISD 2024 Infogram https://e.infogram.com/fdff7aa9-ce5f-4a0d-9716-60efdd53afeb?src=embed,2023,Developing Asia and the Pacific,short,lt_debt,-0.523,US$ m,
ISD 2024,ISD 2024 Infogram https://e.infogram.com/fdff7aa9-ce5f-4a0d-9716-60efdd53afeb?src=embed,2024,Ireland,short,total,-0.645,US$ m,
ISD 2024,ISD 2024 Infogram https://e.infogram.com/fdff7aa9-ce5f-4a0d-9716-60efdd53afeb?src=embed,2023,Ireland,short,total,-0.56,US$ m,
ISD 2024,ISD 2024 Infogram https://e.infogram.com/fdff7aa9-ce5f-4a0d-9716-60efdd53afeb?src=embed,2024,Ireland,short,equities,-0.238,US$ m,
ISD 2024,ISD 2024 Infogram https://e.infogram.com/fdff7aa9-ce5f-4a0d-9716-60efdd53afeb?src=embed,2023,Ireland,short,equities,-0.462,US$ m,
ISD 2024,ISD 2024 Infogram https://e.infogram.com/fdff7aa9-ce5f-4a0d-9716-60efdd53afeb?src=embed,2024,Ireland,short,st_debt,-0.266,US$ m,
ISD 2024,ISD 2024 Infogram https://e.infogram.com/fdff7aa9-ce5f-4a0d-9716-60efdd53afeb?src=embed,2023,Ireland,short,st_debt,-0.001,US$ m,
ISD 2024,ISD 2024 Infogram https://e.infogram.com/fdff7aa9-ce5f-4a0d-9716-60efdd53afeb?src=embed,2024,Ireland,short,lt_debt,-0.141,US$ m,
ISD 2024,ISD 2024 Infogram https://e.infogram.com/fdff7aa9-ce5f-4a0d-9716-60efdd53afeb?src=embed,2023,Ireland,short,lt_debt,-0.096,US$ m,
ISD 2024,ISD 2024 Infogram https://e.infogram.com/fdff7aa9-ce5f-4a0d-9716-60efdd53afeb?src=embed,2024,Cayman Islands,short,total,-5.195,US$ m,
ISD 2024,ISD 2024 Infogram https://e.infogram.com/fdff7aa9-ce5f-4a0d-9716-60efdd53afeb?src=embed,2023,Cayman Islands,short,total,-0.525,US$ m,
ISD 2024,ISD 2024 Infogram https://e.infogram.com/fdff7aa9-ce5f-4a0d-9716-60efdd53afeb?src=embed,2024,Cayman Islands,short,equities,-0.375,US$ m,
ISD 2024,ISD 2024 Infogram https://e.infogram.com/fdff7aa9-ce5f-4a0d-9716-60efdd53afeb?src=embed,2023,Cayman Islands,short,equities,-0.261,US$ m,
ISD 2024,ISD 2024 Infogram https://e.infogram.com/fdff7aa9-ce5f-4a0d-9716-60efdd53afeb?src=embed,2024,Cayman Islands,short,st_debt,-0.295,US$ m,
ISD 2024,ISD 2024 Infogram https://e.infogram.com/fdff7aa9-ce5f-4a0d-9716-60efdd53afeb?src=embed,2023,Cayman Islands,short,st_debt,-0.056,US$ m,
ISD 2024,ISD 2024 Infogram https://e.infogram.com/fdff7aa9-ce5f-4a0d-9716-60efdd53afeb?src=embed,2024,Cayman Islands,short,lt_debt,-4.525,US$ m,
ISD 2024,ISD 2024 Infogram https://e.infogram.com/fdff7aa9-ce5f-4a0d-9716-60efdd53afeb?src=embed,2023,Cayman Islands,short,lt_debt,-0.209,US$ m,
ISD 2024,ISD 2024 Infogram https://e.infogram.com/fdff7aa9-ce5f-4a0d-9716-60efdd53afeb?src=embed,2024,Developing Latin America and the Caribbean,short,total,-0.68,US$ m,
ISD 2024,ISD 2024 Infogram https://e.infogram.com/fdff7aa9-ce5f-4a0d-9716-60efdd53afeb?src=embed,2023,Developing Latin America and the Caribbean,short,total,-0.431,US$ m,
ISD 2024,ISD 2024 Infogram https://e.infogram.com/fdff7aa9-ce5f-4a0d-9716-60efdd53afeb?src=embed,2024,Developing Latin America and the Caribbean,short,equities,-0.197,US$ m,
ISD 2024,ISD 2024 Infogram https://e.infogram.com/fdff7aa9-ce5f-4a0d-9716-60efdd53afeb?src=embed,2023,Developing Latin America and the Caribbean,short,equities,-0.221,US$ m,
ISD 2024,ISD 2024 Infogram https://e.infogram.com/fdff7aa9-ce5f-4a0d-9716-60efdd53afeb?src=embed,2024,Developing Latin America and the Caribbean,short,st_debt,-0.017,US$ m,
ISD 2024,ISD 2024 Infogram https://e.infogram.com/fdff7aa9-ce5f-4a0d-9716-60efdd53afeb?src=embed,2023,Developing Latin America and the Caribbean,short,st_debt,-0.007,US$ m,
ISD 2024,ISD 2024 Infogram https://e.infogram.com/fdff7aa9-ce5f-4a0d-9716-60efdd53afeb?src=embed,2024,Developing Latin America and the Caribbean,short,lt_debt,-0.466,US$ m,
ISD 2024,ISD 2024 Infogram https://e.infogram.com/fdff7aa9-ce5f-4a0d-9716-60efdd53afeb?src=embed,2023,Developing Latin America and the Caribbean,short,lt_debt,-0.203,US$ m,
ISD 2024,ISD 2024 Infogram https://e.infogram.com/fdff7aa9-ce5f-4a0d-9716-60efdd53afeb?src=embed,2024,Developing Africa and the Middle East,short,total,-0.877,US$ m,
ISD 2024,ISD 2024 Infogram https://e.infogram.com/fdff7aa9-ce5f-4a0d-9716-60efdd53afeb?src=embed,2023,Developing Africa and the Middle East,short,total,-0.426,US$ m,
ISD 2024,ISD 2024 Infogram https://e.infogram.com/fdff7aa9-ce5f-4a0d-9716-60efdd53afeb?src=embed,2024,Developing Africa and the Middle East,short,equities,-0.145,US$ m,
ISD 2024,ISD 2024 Infogram https://e.infogram.com/fdff7aa9-ce5f-4a0d-9716-60efdd53afeb?src=embed,2023,Developing Africa and the Middle East,short,equities,-0.116,US$ m,
ISD 2024,ISD 2024 Infogram https://e.infogram.com/fdff7aa9-ce5f-4a0d-9716-60efdd53afeb?src=embed,2024,Developing Africa and the Middle East,short,st_debt,-0.232,US$ m,
ISD 2024,ISD 2024 Infogram https://e.infogram.com/fdff7aa9-ce5f-4a0d-9716-60efdd53afeb?src=embed,2023,Developing Africa and the Middle East,short,st_debt,-0.282,US$ m,
ISD 2024,ISD 2024 Infogram https://e.infogram.com/fdff7aa9-ce5f-4a0d-9716-60efdd53afeb?src=embed,2024,Developing Africa and the Middle East,short,lt_debt,-0.501,US$ m,
ISD 2024,ISD 2024 Infogram https://e.infogram.com/fdff7aa9-ce5f-4a0d-9716-60efdd53afeb?src=embed,2023,Developing Africa and the Middle East,short,lt_debt,-0.028,US$ m,
ISD 2024,ISD 2024 Infogram https://e.infogram.com/fdff7aa9-ce5f-4a0d-9716-60efdd53afeb?src=embed,2024,Developing Europe,short,total,-3.841,US$ m,
ISD 2024,ISD 2024 Infogram https://e.infogram.com/fdff7aa9-ce5f-4a0d-9716-60efdd53afeb?src=embed,2023,Developing Europe,short,total,-0.179,US$ m,
ISD 2024,ISD 2024 Infogram https://e.infogram.com/fdff7aa9-ce5f-4a0d-9716-60efdd53afeb?src=embed,2024,Developing Europe,short,equities,-0.001,US$ m,
ISD 2024,ISD 2024 Infogram https://e.infogram.com/fdff7aa9-ce5f-4a0d-9716-60efdd53afeb?src=embed,2024,Developing Europe,short,st_debt,-3.714,US$ m,
ISD 2024,ISD 2024 Infogram https://e.infogram.com/fdff7aa9-ce5f-4a0d-9716-60efdd53afeb?src=embed,2024,Developing Europe,short,lt_debt,-0.126,US$ m,
ISD 2024,ISD 2024 Infogram https://e.infogram.com/fdff7aa9-ce5f-4a0d-9716-60efdd53afeb?src=embed,2023,Developing Europe,short,lt_debt,-0.179,US$ m,
ISD 2024,ISD 2024 Infogram https://e.infogram.com/fdff7aa9-ce5f-4a0d-9716-60efdd53afeb?src=embed,2024,Other Offshore Centres,short,total,-0.905,US$ m,
ISD 2024,ISD 2024 Infogram https://e.infogram.com/fdff7aa9-ce5f-4a0d-9716-60efdd53afeb?src=embed,2023,Other Offshore Centres,short,total,-0.1,US$ m,
ISD 2024,ISD 2024 Infogram https://e.infogram.com/fdff7aa9-ce5f-4a0d-9716-60efdd53afeb?src=embed,2024,Other Offshore Centres,short,equities,-0.87,US$ m,
ISD 2024,ISD 2024 Infogram https://e.infogram.com/fdff7aa9-ce5f-4a0d-9716-60efdd53afeb?src=embed,2023,Other Offshore Centres,short,equities,-0.09,US$ m,
ISD 2024,ISD 2024 Infogram https://e.infogram.com/fdff7aa9-ce5f-4a0d-9716-60efdd53afeb?src=embed,2024,Other Offshore Centres,short,st_debt,-0.022,US$ m,
ISD 2024,ISD 2024 Infogram https://e.infogram.com/fdff7aa9-ce5f-4a0d-9716-60efdd53afeb?src=embed,2023,Other Offshore Centres,short,st_debt,-0.008,US$ m,
ISD 2024,ISD 2024 Infogram https://e.infogram.com/fdff7aa9-ce5f-4a0d-9716-60efdd53afeb?src=embed,2024,Other Offshore Centres,short,lt_debt,-0.012,US$ m,
ISD 2024,ISD 2024 Infogram https://e.infogram.com/fdff7aa9-ce5f-4a0d-9716-60efdd53afeb?src=embed,2023,Other Offshore Centres,short,lt_debt,-0.002,US$ m,
ISD 2024,ISD 2024 Infogram https://e.infogram.com/fdff7aa9-ce5f-4a0d-9716-60efdd53afeb?src=embed,2024,Total,short,total,-2395.576,US$ m,
ISD 2024,ISD 2024 Infogram https://e.infogram.com/fdff7aa9-ce5f-4a0d-9716-60efdd53afeb?src=embed,2023,Total,short,total,-529.46,US$ m,
ISD 2024,ISD 2024 Infogram https://e.infogram.com/fdff7aa9-ce5f-4a0d-9716-60efdd53afeb?src=embed,2024,Total,short,equities,-859.372,US$ m,
ISD 2024,ISD 2024 Infogram https://e.infogram.com/fdff7aa9-ce5f-4a0d-9716-60efdd53afeb?src=embed,2023,Total,short,equities,-45.061,US$ m,
ISD 2024,ISD 2024 Infogram https://e.infogram.com/fdff7aa9-ce5f-4a0d-9716-60efdd53afeb?src=embed,2024,Total,short,st_debt,-372.895,US$ m,
ISD 2024,ISD 2024 Infogram https://e.infogram.com/fdff7aa9-ce5f-4a0d-9716-60efdd53afeb?src=embed,2023,Total,short,st_debt,-212.135,US$ m,
ISD 2024,ISD 2024 Infogram https://e.infogram.com/fdff7aa9-ce5f-4a0d-9716-60efdd53afeb?src=embed,2024,Total,short,lt_debt,-1163.309,US$ m,
ISD 2024,ISD 2024 Infogram https://e.infogram.com/fdff7aa9-ce5f-4a0d-9716-60efdd53afeb?src=embed,2023,Total,short,lt_debt,-272.264,US$ m,
